filename,year,part,line_count,total_tokens,total_words,total_chars,file_size_mb,tokens_per_line,words_per_token
CC-MAIN-2020-45-part-00008.jsonl,2020,8,296066,237147813,152705393,949034917,932.7918586730957,800.996443360602,0.6439249473491877
CC-MAIN-2017-22-part-00008.jsonl,2017,8,274992,232102077,151036975,928819823,911.6667098999023,844.0321063885494,0.6507351289234693
CC-MAIN-2017-43-part-00026.jsonl,2017,26,299537,236193532,154142983,945222525,929.0762825012207,788.5287360159178,0.6526130571602613
CC-MAIN-2019-26-part-00014.jsonl,2019,14,284622,232548326,150210038,930620549,914.1953964233398,817.0426952238407,0.6459304205010704
CC-MAIN-2023-06-part-00017.jsonl,2023,17,258579,239439411,155067204,958145548,939.6241359710693,925.9816574431799,0.647626066871673
CC-MAIN-2017-51-part-00004.jsonl,2017,4,314969,239163017,156248670,957124498,941.4812316894531,759.3223999822204,0.6533145130879495
CC-MAIN-2020-34-part-00011.jsonl,2020,11,291855,240165917,154634059,961101188,944.2794342041016,822.8946463140943,0.6438634629409135
CC-MAIN-2021-31-part-00004.jsonl,2021,4,258021,238753276,154551326,955399795,935.8960418701172,925.3249774243181,0.6473265145898982
CC-MAIN-2021-17-part-00010.jsonl,2021,10,239123,242408199,157048549,969990712,948.5967102050781,1013.738532052542,0.6478681399716187
CC-MAIN-2022-49-part-00006.jsonl,2022,6,261444,240269409,155312059,961469671,943.2518920898438,919.0090765135172,0.6464079619890354
CC-MAIN-2023-50-part-00056.jsonl,2023,56,226785,241377478,152028985,965850702,944.9967813491821,1064.344987543268,0.6298391476275181
CC-MAIN-2019-13-part-00015.jsonl,2019,15,292474,240235448,154569794,961379781,945.1239080429077,821.3907834542557,0.6434096020667192
CC-MAIN-2014-15-part-00007.jsonl,2014,7,323418,236578693,152955106,946797926,931.9258279800415,731.4951332331534,0.6465295080483009
CC-MAIN-2017-13-part-00017.jsonl,2017,17,290394,236679740,153626273,947154013,930.882209777832,815.0297182448674,0.6490892418590624
CC-MAIN-2022-40-part-00045.jsonl,2022,45,261458,241826244,156752056,967697033,948.8160161972046,924.9143036357656,0.6482011770401561
CC-MAIN-2015-22-part-00007.jsonl,2015,7,293542,229123854,147993680,916935553,901.2960538864136,780.5487936990278,0.6459112720755823
CC-MAIN-2018-34-part-00012.jsonl,2018,12,295436,237215765,152438816,949306306,932.4143619537354,802.9345272749428,0.6426167164732918
CC-MAIN-2021-39-part-00009.jsonl,2021,9,272819,239370015,154230528,957889109,939.7976245880127,877.3949578291835,0.6443184957815205
CC-MAIN-2021-43-part-00029.jsonl,2021,29,273310,237557630,153004713,950639749,933.0021152496338,869.1874794189748,0.6440740842548396
CC-MAIN-2017-47-part-00003.jsonl,2017,3,301713,235818368,153663353,943726417,927.9017114639282,781.5983003715452,0.6516174049682169
CC-MAIN-2023-50-part-00063.jsonl,2023,63,224528,241383816,152098571,965871909,945.0611371994019,1075.0722226181144,0.6301108894558201
CC-MAIN-2023-40-part-00066.jsonl,2023,66,224953,242095313,153181635,968718514,947.5376873016357,1076.2039759416411,0.6327327576143533
CC-MAIN-2022-40-part-00013.jsonl,2022,13,262041,241794400,156734881,967571255,948.8158807754517,922.7349918524201,0.6482155128489329
CC-MAIN-2023-14-part-00042.jsonl,2023,42,253918,241815413,156273693,967641877,948.6568155288696,952.3366322986161,0.6462519946981212
CC-MAIN-2016-26-part-00004.jsonl,2016,4,268623,208767317,134514755,835472736,821.5532026290894,777.1758821843252,0.6443286091567676
CC-MAIN-2022-33-part-00021.jsonl,2022,21,274128,242185463,156036287,969153318,951.414361000061,883.4758324578299,0.6442842814227872
CC-MAIN-2019-30-part-00007.jsonl,2019,7,295701,242480189,156356609,970363890,953.6491374969482,820.0181568543901,0.6448222002994233
CC-MAIN-2024-30-part-00025.jsonl,2024,25,220818,242047458,149761421,968521036,947.2557430267334,1096.1400701029806,0.6187275100406137
CC-MAIN-2024-26-part-00067.jsonl,2024,67,219050,241365442,149671231,965790101,944.5137252807617,1101.8737365898196,0.6201021561321939
CC-MAIN-2017-13-part-00007.jsonl,2017,7,291209,236687132,153558390,947185802,930.8826856613159,812.774096954421,0.6487821653101107
CC-MAIN-2022-21-part-00018.jsonl,2022,18,269341,241802701,156352648,967615531,949.1430530548096,897.7567507360558,0.6466124958628977
CC-MAIN-2020-10-part-00008.jsonl,2020,8,298827,242275324,156280536,969548975,952.996545791626,810.7544632847768,0.6450534599223154
CC-MAIN-2019-18-part-00002.jsonl,2019,2,289268,232657868,149906410,931065250,915.6416988372803,804.2986711285037,0.6443212571689172
CC-MAIN-2024-10-part-00081.jsonl,2024,81,219780,242528998,151547001,970445394,948.9570426940918,1103.5080444080445,0.6248613660622966
CC-MAIN-2015-22-part-00000.jsonl,2015,0,295392,229084633,147976797,916782439,901.3068571090698,775.5275464467555,0.6459481592551867
CC-MAIN-2017-51-part-00008.jsonl,2017,8,314248,239242710,156205778,957442097,941.4846181869507,761.3181627249816,0.6529176082314065
CC-MAIN-2023-40-part-00063.jsonl,2023,63,226963,242037106,152994353,968488924,947.5446519851685,1066.4165789137437,0.632111148279884
CC-MAIN-2024-22-part-00006.jsonl,2024,6,216178,242132961,150439205,968856570,947.0926294326782,1120.062915745358,0.621308244770525
CC-MAIN-2019-13-part-00008.jsonl,2019,8,295801,240151803,154435465,961050310,945.0888204574585,811.8694764385516,0.6430743516008497
CC-MAIN-2023-23-part-00032.jsonl,2023,32,242398,242263078,155723380,969414961,949.4571704864502,999.4433864965882,0.6427862689006205
CC-MAIN-2021-39-part-00033.jsonl,2021,33,270716,239381096,154256137,957930490,939.7948293685913,884.2517472184873,0.6443956501895204
CC-MAIN-2024-22-part-00083.jsonl,2024,83,217900,242126356,150396947,968831635,947.0912961959839,1111.1810738871043,0.6211506648206443
CC-MAIN-2019-30-part-00003.jsonl,2019,3,296968,242428113,156296011,970159080,953.643795967102,816.3442290078392,0.6447107518425472
CC-MAIN-2019-51-part-00006.jsonl,2019,6,277763,231691274,149393191,927181533,910.7719564437866,834.132962273593,0.6447942057584785
CC-MAIN-2018-05-part-00001.jsonl,2018,1,308570,239759359,156191896,959499235,943.5565128326416,777.0015199144441,0.6514527593477591
CC-MAIN-2016-40-part-00005.jsonl,2016,5,275377,222533763,143867214,890547928,874.5828619003296,808.1058439884231,0.6464961184339475
CC-MAIN-2017-22-part-00003.jsonl,2017,3,271491,232146378,150913480,928992613,911.6703195571899,855.0794611976088,0.6500789773252461
CC-MAIN-2013-20-part-00027.jsonl,2013,27,314435,237074249,154503031,948767123,933.1223583221436,753.9690206242943,0.6517073518178687
CC-MAIN-2020-45-part-00019.jsonl,2020,19,294642,237212516,152909252,949292342,932.8009977340698,805.0872448598639,0.6446087018443832
CC-MAIN-2021-10-part-00009.jsonl,2021,9,248248,237443527,153707037,950146453,930.2180089950562,956.4770995133898,0.647341449741858
CC-MAIN-2024-22-part-00007.jsonl,2024,7,218720,242100997,150278155,968731960,947.0882911682129,1106.8992181784931,0.6207250563284545
CC-MAIN-2024-30-part-00037.jsonl,2024,37,222981,242033752,149635546,968468105,947.2566757202148,1085.4456298967177,0.6182424755370483
CC-MAIN-2024-30-part-00072.jsonl,2024,72,221690,242035621,149631959,968475573,947.2521257400513,1091.7750958545716,0.618222881333653
CC-MAIN-2023-40-part-00049.jsonl,2023,49,227355,242030779,152915623,968464959,947.519905090332,1064.5500604781068,0.6318023832828303
CC-MAIN-2019-43-part-00002.jsonl,2019,2,292189,237011662,152380225,948485327,932.2001686096191,811.1587431422812,0.6429228997179051
CC-MAIN-2024-30-part-00020.jsonl,2024,20,221821,242075468,149712715,968634508,947.2444896697998,1091.3099661438728,0.6184547167745226
CC-MAIN-2019-04-part-00002.jsonl,2019,2,298505,232823639,149912388,931742859,916.3338775634766,779.9656253664093,0.6438881749460157
CC-MAIN-2015-32-part-00005.jsonl,2015,5,283555,214846688,138223629,859811784,845.9363641738892,757.6896475110649,0.6433593660983036
CC-MAIN-2019-51-part-00014.jsonl,2019,14,276753,231651965,149529651,927021781,910.7629613876343,837.0350637572132,0.6454926941802545
CC-MAIN-2023-14-part-00035.jsonl,2023,35,255558,241780014,156396808,967502968,948.4460773468018,946.0866574319724,0.6468558149723658
CC-MAIN-2017-17-part-00015.jsonl,2017,15,276827,231331495,150315989,925739827,909.3257446289062,835.6536573383377,0.6497860959226499
CC-MAIN-2019-43-part-00003.jsonl,2019,3,290900,237058659,152399269,948670234,932.2255620956421,814.9146063939498,0.6428757744723427
CC-MAIN-2023-40-part-00065.jsonl,2023,65,225439,242072243,153130094,968627150,947.5480909347534,1073.7815684065313,0.6325801426146987
CC-MAIN-2020-45-part-00002.jsonl,2020,2,297899,237114674,152845713,948904774,932.7951555252075,795.9565960275127,0.6446067230744227
CC-MAIN-2023-50-part-00051.jsonl,2023,51,224422,241390446,151957895,965898869,945.0297393798828,1075.6095480835213,0.6295108092223335
CC-MAIN-2021-17-part-00012.jsonl,2021,12,241790,242331187,157016137,969687897,948.596474647522,1002.2382522023244,0.647940279350012
CC-MAIN-2024-30-part-00018.jsonl,2024,18,221362,242056542,149671300,968557809,947.2478942871094,1093.4873284484238,0.6183319763363389
CC-MAIN-2023-50-part-00027.jsonl,2023,27,225328,241404928,151969907,965957448,945.0670700073242,1071.3490023432507,0.62952280327931
CC-MAIN-2024-30-part-00058.jsonl,2024,58,221831,242059853,149789188,968571873,947.2617712020874,1091.1903791625157,0.6188105385654349
CC-MAIN-2013-20-part-00015.jsonl,2013,15,317868,237012208,154486430,948525031,933.1365098953247,745.6309159777014,0.6518079018106949
CC-MAIN-2022-40-part-00016.jsonl,2022,16,262901,241797299,156616840,967583446,948.827919960022,919.7275742579907,0.6477195595141862
CC-MAIN-2024-10-part-00008.jsonl,2024,8,221077,242511580,151538182,970377549,948.960657119751,1096.9552689786817,0.6248698804403484
CC-MAIN-2024-18-part-00011.jsonl,2024,11,219800,242534394,150854348,970467764,948.9719848632812,1103.4321838034577,0.6219915679258258
CC-MAIN-2024-10-part-00056.jsonl,2024,56,219466,242508284,151553461,970362416,948.9512853622437,1104.9924999772174,0.624941377260333
CC-MAIN-2024-30-part-00017.jsonl,2024,17,219349,242098385,149771632,968722160,947.2632122039795,1103.713192218793,0.6186395336755345
CC-MAIN-2019-30-part-00009.jsonl,2019,9,296740,242438823,156219253,970199442,953.6438617706299,817.0075588056885,0.6443656633327246
CC-MAIN-2023-50-part-00014.jsonl,2023,14,225285,241359350,152029182,965775784,945.0644111633301,1071.3511773975188,0.6298872697494421
CC-MAIN-2018-26-part-00003.jsonl,2018,3,296189,239952853,154920704,960255592,942.5987329483032,810.1342487398249,0.6456297646104671
CC-MAIN-2017-43-part-00023.jsonl,2017,23,297118,236250347,154063739,945446341,929.1282186508179,795.1397996755497,0.6521206887370201
CC-MAIN-2021-10-part-00027.jsonl,2021,27,249433,237374880,153503312,949873912,930.2088108062744,951.6578800720033,0.6466704143252227
CC-MAIN-2017-43-part-00001.jsonl,2017,1,297056,236264604,154165140,945503664,929.1294240951538,795.3537514812022,0.6525105216353102
CC-MAIN-2019-13-part-00000.jsonl,2019,0,293651,240249230,154616226,961438057,945.1257705688477,818.1454515734665,0.6435659585672762
CC-MAIN-2019-43-part-00025.jsonl,2019,25,293969,236954486,152568045,948260432,932.2084264755249,806.0526313999095,0.6438706756537202
CC-MAIN-2014-10-part-00007.jsonl,2014,7,332091,237200277,153480452,949297894,934.5269317626953,714.2628887865073,0.6470500538243469
CC-MAIN-2017-26-part-00006.jsonl,2017,6,287344,237509985,155425727,950470970,933.1595525741577,826.5701911297956,0.6543966014734075
CC-MAIN-2024-10-part-00007.jsonl,2024,7,220361,242520271,151447963,970412243,948.9551601409912,1100.5589509940507,0.6244754814742888
CC-MAIN-2020-29-part-00008.jsonl,2020,8,290263,241192050,155867827,965203865,948.0221042633057,830.9431446653552,0.6462394884076818
CC-MAIN-2019-51-part-00013.jsonl,2019,13,278121,231660643,149335909,927059339,910.7858381271362,832.9491228637895,0.6446321958969957
CC-MAIN-2022-05-part-00014.jsonl,2022,14,275544,238213781,153718397,953269413,935.6421146392822,864.5217497024069,0.6452959873047815
CC-MAIN-2023-14-part-00017.jsonl,2023,17,253938,241804093,156369089,967597884,948.6593046188354,952.2170490434673,0.6466767665508457
CC-MAIN-2021-49-part-00026.jsonl,2021,26,280972,242138394,155881415,968975429,951.7016973495483,861.7883418988368,0.6437699219232452
CC-MAIN-2016-50-part-00005.jsonl,2016,5,346479,234027881,150773449,936631580,923.6820526123047,675.446076096964,0.6442542160179624
CC-MAIN-2019-18-part-00010.jsonl,2019,10,286218,232722301,150042286,931319298,915.7136611938477,813.0945677770092,0.6447267208826712
CC-MAIN-2024-30-part-00065.jsonl,2024,65,221553,242048947,149801385,968528626,947.2544002532959,1092.5103564384142,0.6188888109478121
CC-MAIN-2022-27-part-00028.jsonl,2022,28,274534,242475369,156315657,970312704,952.3516235351562,883.2252799288977,0.6446661268922536
CC-MAIN-2019-04-part-00017.jsonl,2019,17,299858,232777540,149840855,931559354,916.3365392684937,776.2925784871505,0.6437083878453221
CC-MAIN-2020-05-part-00001.jsonl,2020,1,280512,235082071,151843214,940748463,923.9651765823364,838.0463973020762,0.645915757650442
CC-MAIN-2024-10-part-00087.jsonl,2024,87,219236,242528018,151603009,970440822,948.956521987915,1106.241757740517,0.6250948251265551
CC-MAIN-2023-40-part-00040.jsonl,2023,40,223739,242068401,153179144,968609481,947.5610361099243,1081.9231381207567,0.6327928113178225
CC-MAIN-2017-26-part-00014.jsonl,2017,14,289494,237506875,155555749,950462902,933.1815252304077,820.4207168369638,0.6549526155821805
CC-MAIN-2024-30-part-00047.jsonl,2024,47,221658,242059109,149778629,968568718,947.2538566589355,1092.0386767001417,0.61876881898297
CC-MAIN-2019-18-part-00013.jsonl,2019,13,290478,232618438,150007126,930910689,915.7010765075684,800.8125847740621,0.6448634394148928
CC-MAIN-2013-20-part-00007.jsonl,2013,7,316320,237048697,154433667,948669415,933.1451187133789,749.3952231917046,0.6514849858044147
CC-MAIN-2024-18-part-00032.jsonl,2024,32,219375,242529220,150973103,970446606,948.9287881851196,1105.546301994302,0.6224944895299627
CC-MAIN-2023-40-part-00022.jsonl,2023,22,225835,242082781,153094752,968669888,947.5418710708618,1071.9453627648504,0.6324066146612881
CC-MAIN-2023-06-part-00015.jsonl,2023,15,259228,239451806,154857379,958196410,939.6243419647217,923.711196321385,0.6467162707471916
CC-MAIN-2020-16-part-00016.jsonl,2020,16,284766,234987250,151980383,940376767,923.7015419006348,825.1941945316505,0.6467601242195056
CC-MAIN-2018-34-part-00002.jsonl,2018,2,295659,237190421,152338710,949204285,932.3622903823853,802.2431957085697,0.6422633315364789
CC-MAIN-2023-06-part-00003.jsonl,2023,3,258946,239384371,154879695,957925775,939.619517326355,924.4567245680566,0.6469916743227986
CC-MAIN-2023-23-part-00015.jsonl,2023,15,244333,242247839,155863265,969357633,949.4320936203003,991.4659051376605,0.6434041502430079
CC-MAIN-2021-43-part-00024.jsonl,2021,24,271758,237572626,153207316,950697742,933.0044784545898,874.2065587765586,0.6448862336521886
CC-MAIN-2017-43-part-00007.jsonl,2017,7,298790,236228686,154123042,945363206,929.0926733016968,790.6177783727702,0.652431525610738
CC-MAIN-2020-50-part-00006.jsonl,2020,6,297451,239715247,154681983,959307355,942.6820316314697,805.898272320483,0.6452738611157262
CC-MAIN-2024-22-part-00044.jsonl,2024,44,219315,242100334,150403083,968730452,947.0930433273315,1103.8931856006202,0.6212427736675489
CC-MAIN-2019-43-part-00013.jsonl,2019,13,292423,237035733,152435453,948582070,932.2216129302979,810.5919609606632,0.643090605246425
CC-MAIN-2022-40-part-00014.jsonl,2022,14,260860,241838159,156611653,967743756,948.8288049697876,927.0802691098673,0.6475886752015839
CC-MAIN-2016-18-part-00002.jsonl,2016,2,267117,205250075,132121789,821399667,807.8940181732178,768.390162363309,0.6437112824441111
CC-MAIN-2021-10-part-00030.jsonl,2021,30,248970,237443629,153637192,950148080,930.1934118270874,953.7037755552877,0.647047017631288
CC-MAIN-2021-04-part-00004.jsonl,2021,4,287590,238677186,154146714,955139859,938.0564098358154,829.9217149414096,0.6458376545465053
CC-MAIN-2024-26-part-00069.jsonl,2024,69,217564,241398691,149784237,965921070,944.517822265625,1109.552550054237,0.6204848766143475
CC-MAIN-2020-24-part-00013.jsonl,2020,13,297377,241860361,156148366,967887075,950.6877403259277,813.3122635577062,0.6456137142704422
CC-MAIN-2022-21-part-00038.jsonl,2022,38,272577,241717889,156232796,967280019,949.0726585388184,886.7875462713288,0.6463435397617592
CC-MAIN-2024-26-part-00079.jsonl,2024,79,218856,241424791,149859243,966026671,944.6959648132324,1103.121646196586,0.6207284777146188
CC-MAIN-2023-06-part-00002.jsonl,2023,2,258544,239439705,154917370,958146303,939.6262674331665,926.1081479361346,0.6469995024425877
CC-MAIN-2023-50-part-00066.jsonl,2023,66,224834,241392077,152169887,965905470,945.068187713623,1073.6457875588212,0.630384761965489
CC-MAIN-2022-40-part-00026.jsonl,2022,26,261367,241830881,156694018,967715403,948.818380355835,925.2540718606404,0.6479487539062474
CC-MAIN-2024-22-part-00013.jsonl,2024,13,218691,241991423,150260323,968293487,946.7989072799683,1106.5449561253092,0.6209324327994881
CC-MAIN-2019-43-part-00016.jsonl,2019,16,293947,237021623,152558524,948528106,932.2154846191406,806.3413574555957,0.6436481282553702
CC-MAIN-2024-26-part-00037.jsonl,2024,37,219415,241380664,149529245,965851440,944.5056781768799,1100.11012920721,0.6194748266994576
CC-MAIN-2017-43-part-00021.jsonl,2017,21,296285,236269312,154173174,945523171,929.1357259750366,797.4393303744705,0.6525315230104873
CC-MAIN-2021-39-part-00027.jsonl,2021,27,270989,239375305,154088378,957908243,939.7801561355591,883.3395635985224,0.6437104195021287
CC-MAIN-2014-52-part-00007.jsonl,2014,7,323553,239495110,154273411,958465189,943.0606441497803,740.203645152417,0.6441610060430879
CC-MAIN-2018-05-part-00019.jsonl,2018,19,308355,239817387,156148521,959731908,943.551043510437,777.7314685995038,0.6511142622031821
CC-MAIN-2016-30-part-00001.jsonl,2016,1,302394,242203537,156700371,969268753,952.478199005127,800.9535142893047,0.6469780455766011
CC-MAIN-2015-14-part-00003.jsonl,2015,3,276853,220002041,141910512,880423894,865.0205326080322,794.6529060548378,0.6450417975895051
CC-MAIN-2019-51-part-00012.jsonl,2019,12,275293,231642860,149364030,926984955,910.7766942977905,841.4411554234943,0.644803081778562
CC-MAIN-2019-22-part-00002.jsonl,2019,2,297253,236294662,152335958,945624348,929.761549949646,794.9277618728827,0.6446864127637382
CC-MAIN-2017-51-part-00016.jsonl,2017,16,314200,239263499,156231768,957525128,941.4965839385986,761.5006333545513,0.6529695028826775
CC-MAIN-2024-30-part-00086.jsonl,2024,86,222522,242025975,149651203,968438594,947.1549253463745,1087.6496481246797,0.6183270328732278
CC-MAIN-2016-36-part-00000.jsonl,2016,0,282306,236907383,153368837,948052610,930.8454179763794,839.1864962133288,0.6473788830802288
CC-MAIN-2023-23-part-00004.jsonl,2023,4,243907,242263538,155843708,969420112,949.5205116271973,993.2619318018753,0.6432817306581232
CC-MAIN-2021-17-part-00034.jsonl,2021,34,239306,242402435,156993462,969968422,948.5967130661011,1012.9392284355595,0.647656291076449
CC-MAIN-2021-17-part-00031.jsonl,2021,31,241036,242388748,156968050,969917676,948.5665616989136,1005.6122239001643,0.6475880225265243
CC-MAIN-2023-06-part-00014.jsonl,2023,14,259303,239427501,155025340,958100460,939.6136407852173,923.3502929005834,0.647483431738278
CC-MAIN-2023-23-part-00035.jsonl,2023,35,243965,242260982,155825487,969409530,949.4452562332153,993.0153177709917,0.6432133053931071
CC-MAIN-2015-27-part-00000.jsonl,2015,0,297795,235357829,151487218,941877245,925.9603214263916,790.3350593529105,0.6436463942739716
CC-MAIN-2017-13-part-00010.jsonl,2017,10,287228,236749866,153614990,947429217,930.8811731338501,824.2576141601794,0.6488493218407988
CC-MAIN-2018-43-part-00002.jsonl,2018,2,276168,234674290,149821248,939111353,921.0392303466797,849.7519263636627,0.6384220785327613
CC-MAIN-2020-40-part-00017.jsonl,2020,17,304100,236928263,152553830,948168087,932.3966445922852,779.1129990134824,0.6438819415984998
CC-MAIN-2020-45-part-00020.jsonl,2020,20,293891,237230537,152921139,949363857,932.7923421859741,807.2058586346639,0.6446098421132015
CC-MAIN-2017-30-part-00001.jsonl,2017,1,286155,237709299,155383315,951266948,934.2848501205444,830.7011899145568,0.6536694847600387
CC-MAIN-2023-14-part-00005.jsonl,2023,5,255986,241751301,156229917,967388975,948.5991840362549,944.3926660051721,0.6462423008842463
CC-MAIN-2023-14-part-00004.jsonl,2023,4,253601,241848450,156372178,967774191,948.705023765564,953.6573199632494,0.6465709331608286
CC-MAIN-2018-26-part-00008.jsonl,2018,8,295872,239971270,155138932,960329953,942.6024789810181,811.0644805861995,0.6464896068600212
CC-MAIN-2023-50-part-00005.jsonl,2023,5,226261,241395311,152029755,965921612,945.0696258544922,1066.8887302716773,0.6297958082541214
CC-MAIN-2017-09-part-00003.jsonl,2017,3,293236,227125697,146834479,908942822,894.09410572052,774.5491583570912,0.6464899434078567
CC-MAIN-2017-51-part-00014.jsonl,2017,14,314720,239211060,156110032,957316114,941.4699449539185,760.075813421454,0.6526037383054111
CC-MAIN-2018-34-part-00008.jsonl,2018,8,298797,237183271,152496197,949181274,932.3591823577881,793.7940173428783,0.6429466815136384
CC-MAIN-2019-04-part-00018.jsonl,2019,18,301453,232781819,149967546,931579173,916.3305587768555,772.1993776807661,0.6442408030156341
CC-MAIN-2014-23-part-00004.jsonl,2014,4,338000,233430020,150667934,934226647,920.2548332214355,690.6213609467455,0.6454522601677368
CC-MAIN-2024-26-part-00066.jsonl,2024,66,218210,241415955,149636031,965990790,944.5181856155396,1106.3468906099629,0.6198266017670622
CC-MAIN-2022-05-part-00024.jsonl,2022,24,276366,238204370,153665338,953232101,935.6426601409912,861.916335583972,0.6450987360139531
CC-MAIN-2022-21-part-00035.jsonl,2022,35,272656,241768097,156262374,967481983,949.1605186462402,886.7147504547855,0.6463316539237185
CC-MAIN-2019-26-part-00021.jsonl,2019,21,283769,232459094,150069362,930262533,914.1923961639404,819.184244931617,0.64557320351597
CC-MAIN-2024-26-part-00009.jsonl,2024,9,219815,241365333,149669012,965791259,944.5233192443848,1098.0385005572869,0.6200932426364643
CC-MAIN-2024-22-part-00001.jsonl,2024,1,218718,242100760,150339342,968730372,947.0915803909302,1106.908256293492,0.6209783975894995
CC-MAIN-2018-13-part-00005.jsonl,2018,5,311218,241828705,156958181,967782247,951.2230358123779,777.0395831860625,0.649046940064456
CC-MAIN-2022-40-part-00006.jsonl,2022,6,261891,241790980,156453259,967555816,948.8069581985474,923.2504362501957,0.6470599482247021
CC-MAIN-2024-22-part-00043.jsonl,2024,43,217971,242113451,150292573,968780826,947.0892763137817,1110.7599221914843,0.6207526776362375
CC-MAIN-2013-20-part-00017.jsonl,2013,17,314260,237078846,154570434,948785604,933.1215143203735,754.4035066505442,0.6519790213589954
CC-MAIN-2023-50-part-00084.jsonl,2023,84,226181,241397421,152098851,965928648,945.0456304550171,1067.2754165911372,0.6300765367331741
CC-MAIN-2016-44-part-00003.jsonl,2016,3,350954,237630475,153721319,951048039,937.1397247314453,677.0986368583917,0.6468922767586943
CC-MAIN-2023-23-part-00043.jsonl,2023,43,243598,242264991,155856203,969424860,949.4407567977905,994.5278327408271,0.6433294482899512
CC-MAIN-2018-05-part-00004.jsonl,2018,4,306478,239833385,156165989,959792495,943.5562114715576,782.5468222841444,0.6511436637564032
CC-MAIN-2024-22-part-00019.jsonl,2024,19,219052,242013933,150589558,968383094,947.0788993835449,1104.8241193871775,0.6222350760276268
CC-MAIN-2016-44-part-00010.jsonl,2016,10,353284,237572679,153553227,950821661,937.1344518661499,672.4693985575344,0.6463421115859875
CC-MAIN-2021-39-part-00000.jsonl,2021,0,271588,239334004,154292188,957743712,939.7972650527954,881.2392447383537,0.6446730737016375
CC-MAIN-2023-06-part-00048.jsonl,2023,48,259508,239430415,154891626,958111403,939.6136980056763,922.6321153875796,0.6469170844481057
CC-MAIN-2019-47-part-00000.jsonl,2019,0,272911,233638831,150850706,934964599,917.7969751358032,856.0989883148719,0.6456576817917737
CC-MAIN-2024-18-part-00020.jsonl,2024,20,219871,242511799,150981855,970377259,948.9060316085815,1102.9731024100495,0.6225752958106587
CC-MAIN-2024-30-part-00028.jsonl,2024,28,220033,242075296,149780426,968631059,947.2573614120483,1100.1772279612603,0.618734866692056
CC-MAIN-2024-26-part-00056.jsonl,2024,56,218596,241361164,149660390,965772928,944.506290435791,1104.142637559699,0.6200682310265955
CC-MAIN-2022-40-part-00039.jsonl,2022,39,263067,241759251,156536679,967431083,948.8182392120361,919.0025772901961,0.6474899237671777
CC-MAIN-2017-34-part-00019.jsonl,2017,19,303015,234500434,153580418,938457293,922.5034589767456,773.8905136709404,0.6549259435485736
CC-MAIN-2018-30-part-00001.jsonl,2018,1,292328,235246047,152760105,941423105,924.713457107544,804.733200377658,0.6493631112959786
CC-MAIN-2021-43-part-00028.jsonl,2021,28,275279,237537040,153044747,950561246,932.9360542297363,862.8956077288859,0.6442984513067941
CC-MAIN-2023-23-part-00024.jsonl,2023,24,241675,242290079,155910735,969522919,949.4333419799805,1002.5450667218372,0.6434879036050006
CC-MAIN-2019-47-part-00001.jsonl,2019,1,277744,233591870,150815279,934784009,917.7969045639038,841.0330016129961,0.6456358220001407
CC-MAIN-2019-47-part-00005.jsonl,2019,5,275172,233670875,150888517,935096407,917.7699689865112,849.1811485180178,0.6457309538469439
CC-MAIN-2020-50-part-00011.jsonl,2020,11,295949,239776962,154678848,959552089,942.6940860748291,810.1968987899942,0.6450947026345258
CC-MAIN-2023-40-part-00024.jsonl,2023,24,227382,242033380,153058462,968473887,947.541410446167,1064.435091607955,0.6323857560473684
CC-MAIN-2020-16-part-00001.jsonl,2020,1,282944,235017430,151871442,940494195,923.686372756958,830.6146445939833,0.6462135255244685
CC-MAIN-2022-49-part-00012.jsonl,2022,12,257689,240285916,155402062,961529944,943.2530107498169,932.4647773090819,0.6467381217632414
CC-MAIN-2021-43-part-00019.jsonl,2021,19,276372,237541993,153107967,950581494,933.0006904602051,859.5009371426918,0.6445511594238413
CC-MAIN-2017-30-part-00008.jsonl,2017,8,284874,237710741,155469458,951269858,934.1968584060669,834.4416864999965,0.6540279052851045
CC-MAIN-2020-29-part-00019.jsonl,2020,19,291243,241231511,155862816,965361900,948.0215940475464,828.2826059338765,0.6461130030396403
CC-MAIN-2023-14-part-00044.jsonl,2023,44,255120,241807848,156220240,967612831,948.6450262069702,947.8200376293508,0.646051157115463
CC-MAIN-2021-31-part-00036.jsonl,2021,36,259379,238741006,154394568,955352783,935.9121322631836,920.4330574179097,0.6467031809357459
CC-MAIN-2019-22-part-00010.jsonl,2019,10,295022,236356563,152477895,945868566,929.7526121139526,801.1489414348761,0.6451180921936152
CC-MAIN-2023-23-part-00018.jsonl,2023,18,244264,242253432,155876885,969379815,949.4447689056396,991.7688730226313,0.6434455178327463
CC-MAIN-2014-15-part-00005.jsonl,2014,5,322559,236621964,153006494,946971179,931.9391946792603,733.5773114375975,0.64662845077222
CC-MAIN-2021-31-part-00008.jsonl,2021,8,255967,238734570,154488575,955322294,935.9198684692383,932.6771419753328,0.6471143873298283
CC-MAIN-2024-30-part-00023.jsonl,2024,23,221683,242054361,149803992,968550138,947.2552995681763,1091.89410554711,0.6188857386461217
CC-MAIN-2018-22-part-00005.jsonl,2018,5,294728,232551094,150789557,930646465,914.2167873382568,789.0363114464863,0.6484147393432602
CC-MAIN-2017-22-part-00004.jsonl,2017,4,274964,232084847,150879144,928752575,911.6675148010254,844.0553927059542,0.6501033822341706
CC-MAIN-2022-49-part-00043.jsonl,2022,43,259839,240258577,155289468,961424400,943.240237236023,924.6440180265472,0.6463430772754473
CC-MAIN-2017-22-part-00000.jsonl,2017,0,271645,232109123,151040892,928843743,911.6732788085938,854.4575567376539,0.6507322506233415
CC-MAIN-2024-30-part-00080.jsonl,2024,80,219904,242052578,149593488,968539915,947.2514610290527,1100.7193047875437,0.6180206351696035
CC-MAIN-2022-21-part-00040.jsonl,2022,40,271988,241764026,156225050,967463904,949.1532678604126,888.8775460682089,0.6461881553875183
CC-MAIN-2019-35-part-00003.jsonl,2019,3,281130,238096285,153773977,952807036,936.1613636016846,846.9259239497741,0.6458478636069437
CC-MAIN-2018-22-part-00002.jsonl,2018,2,297270,232606350,150774245,930870690,914.4881410598755,782.4750227066303,0.6481948794605135
CC-MAIN-2023-40-part-00045.jsonl,2023,45,225231,242043597,153050607,968512605,947.5408277511597,1074.6460167561304,0.6323266093256745
CC-MAIN-2017-26-part-00016.jsonl,2017,16,289419,237486359,155411059,950380099,933.229437828064,820.5624337033851,0.6543999396613766
CC-MAIN-2021-10-part-00026.jsonl,2021,26,248318,237432093,153648248,950101161,930.2187576293945,956.1614260746301,0.6471250202894855
CC-MAIN-2018-43-part-00015.jsonl,2018,15,274794,234689344,149966965,939168852,920.9747743606567,854.055561620705,0.6390020204752032
CC-MAIN-2018-51-part-00002.jsonl,2018,2,293618,232730906,149171524,931363482,916.2973766326904,792.6316029671206,0.6409613856786172
CC-MAIN-2023-50-part-00028.jsonl,2023,28,225419,241403948,152141360,965954306,945.0688076019287,1070.9121591347669,0.6302355916730906
CC-MAIN-2023-50-part-00009.jsonl,2023,9,224742,241416359,152078979,966001850,945.0674247741699,1074.1933372489343,0.629944795911697
CC-MAIN-2024-18-part-00052.jsonl,2024,52,218012,242557778,151168987,970558480,948.9465560913086,1112.5891143606773,0.623228775619803
CC-MAIN-2024-10-part-00076.jsonl,2024,76,221169,242532476,151638288,970461011,948.9436902999878,1096.5934466403519,0.6252287961633641
CC-MAIN-2021-17-part-00021.jsonl,2021,21,239948,242331670,156926488,969687226,948.5671691894531,1009.9341107239902,0.6475690445248036
CC-MAIN-2017-13-part-00011.jsonl,2017,11,287492,236773958,153699545,947527034,930.8850193023682,823.5845101776745,0.6491404134909127
CC-MAIN-2022-21-part-00030.jsonl,2022,30,268735,241807484,156501130,967633078,949.1481103897095,899.7989990138984,0.647213756212773
CC-MAIN-2017-09-part-00013.jsonl,2017,13,291376,227144326,146950095,909014615,894.0925788879395,779.5574309483279,0.6469459201899677
CC-MAIN-2023-23-part-00057.jsonl,2023,57,243114,242283971,155766915,969500069,949.4299297332764,996.5858445009337,0.6429105250218967
CC-MAIN-2019-47-part-00010.jsonl,2019,10,273075,233709964,150690908,935249926,917.7727794647217,855.8453318685342,0.6447774216421513
CC-MAIN-2024-22-part-00048.jsonl,2024,48,218279,242098466,150464723,968721501,947.0941724777222,1109.1239468753292,0.6215021742434337
CC-MAIN-2023-40-part-00014.jsonl,2023,14,227000,242057386,153091352,968570064,947.5460557937622,1066.3320969162996,0.6324589161679206
CC-MAIN-2017-39-part-00014.jsonl,2017,14,301163,237356023,154507251,949875848,933.7770013809204,788.1314205264259,0.6509514654279491
CC-MAIN-2020-45-part-00023.jsonl,2020,23,295645,237206580,152948408,949270457,932.7947263717651,802.3358419726361,0.6447899042260969
CC-MAIN-2017-26-part-00020.jsonl,2017,20,289152,237482503,155457575,950362554,933.1844615936279,821.3067971170872,0.6546064364160756
CC-MAIN-2023-23-part-00037.jsonl,2023,37,243275,242267178,155734258,969432828,949.4412412643433,995.8572726338506,0.642820291570821
CC-MAIN-2021-43-part-00007.jsonl,2021,7,273986,237543092,153314054,950583218,932.9990606307983,866.9898899943793,0.6454157547128333
CC-MAIN-2020-05-part-00014.jsonl,2020,14,277907,235100057,151953011,940817773,923.98219871521,845.966661509066,0.646333365202034
CC-MAIN-2019-35-part-00009.jsonl,2019,9,284558,238005056,153510361,952446760,936.1489181518555,836.4026173925878,0.6449878148807058
CC-MAIN-2020-45-part-00021.jsonl,2020,21,296687,237160518,152837530,949086758,932.7974710464478,799.3626886247123,0.6444476141682234
CC-MAIN-2023-23-part-00001.jsonl,2023,1,243229,242255582,155982643,969386467,949.4167938232422,995.9979361013695,0.643876362774584
CC-MAIN-2021-43-part-00001.jsonl,2021,1,270896,237575934,153046423,950709571,932.9995822906494,877.0005241864036,0.6442000265902353
CC-MAIN-2016-50-part-00010.jsonl,2016,10,349553,233969421,150810559,936400508,923.6864099502563,669.338901396927,0.6445738009498259
CC-MAIN-2021-31-part-00014.jsonl,2021,14,257840,238719393,154507899,955263688,935.9175996780396,925.8431313993174,0.6472364773481138
CC-MAIN-2022-40-part-00040.jsonl,2022,40,260653,241821198,156675198,967675792,948.8191156387329,927.7514473265222,0.6478968729614846
CC-MAIN-2024-18-part-00003.jsonl,2024,3,218243,242564790,150972240,970587662,948.888237953186,1111.4436201848398,0.6223996483578677
CC-MAIN-2018-13-part-00004.jsonl,2018,4,307753,241900799,157135800,968064038,951.456090927124,786.0225538012627,0.6495877675873241
CC-MAIN-2014-10-part-00010.jsonl,2014,10,334214,237135559,153549247,949043390,934.5231342315674,709.5320932097399,0.64751675222188
CC-MAIN-2014-15-part-00002.jsonl,2014,2,320372,236657710,153080842,947110286,931.9246187210083,738.6966089421048,0.6468449390472003
CC-MAIN-2024-18-part-00050.jsonl,2024,50,215767,242589698,151101378,970682075,948.9212999343872,1124.3132545755375,0.6228680741422086
CC-MAIN-2024-10-part-00000.jsonl,2024,0,219998,242526996,151489168,970437760,948.97047996521,1102.4054582314384,0.6246280640856987
CC-MAIN-2022-40-part-00002.jsonl,2022,2,263910,241756740,156601762,967423022,948.8171195983887,916.0575196089576,0.6477658575310041
CC-MAIN-2024-30-part-00012.jsonl,2024,12,221165,242046264,149592629,968516946,947.24928855896,1094.4148667284605,0.6180332078994617
CC-MAIN-2019-04-part-00014.jsonl,2019,14,299771,232795545,149672395,931631521,916.3471536636353,776.5779378258737,0.6429349625225861
CC-MAIN-2014-49-part-00006.jsonl,2014,6,273728,214770540,138146090,859492438,844.6726636886597,784.6129734627075,0.6432264406468411
CC-MAIN-2017-30-part-00020.jsonl,2017,20,283177,237744453,155422335,951403422,934.2067766189575,839.5613097108875,0.6537369559574961
CC-MAIN-2024-10-part-00049.jsonl,2024,49,221790,242503921,151471854,970348219,948.9551973342896,1093.3942964065106,0.6246161025990173
CC-MAIN-2024-18-part-00043.jsonl,2024,43,219797,242511664,150908596,970375710,948.9199104309082,1103.343830898511,0.6222735579431758
CC-MAIN-2024-26-part-00024.jsonl,2024,24,218773,241349002,149599841,965724640,944.5182733535767,1103.1937304877658,0.6198485999954539
CC-MAIN-2014-35-part-00006.jsonl,2014,6,331326,234868264,151747570,939969083,925.4598073959351,708.8736289938007,0.6460965283926142
CC-MAIN-2022-05-part-00021.jsonl,2022,21,274149,238224945,153821915,953310298,935.6418304443359,868.9615683442215,0.6457002855011678
CC-MAIN-2016-44-part-00000.jsonl,2016,0,351125,237624704,153602668,951025353,937.174765586853,676.7524499822001,0.6464086663312583
CC-MAIN-2017-43-part-00016.jsonl,2017,16,298283,236259715,154138394,945486445,929.1263017654419,792.0656390072515,0.6524108183233862
CC-MAIN-2014-15-part-00003.jsonl,2014,3,319937,236624421,152975456,946978347,931.9331283569336,739.5969237693671,0.6464905665844186
CC-MAIN-2019-13-part-00014.jsonl,2019,14,296783,240208332,154600936,961278419,945.124439239502,809.3736231522695,0.6436118793747754
CC-MAIN-2024-10-part-00009.jsonl,2024,9,220346,242546834,151353956,970517923,948.9561319351196,1100.7544225899267,0.6240195079190356
CC-MAIN-2024-26-part-00061.jsonl,2024,61,220326,241381244,149655879,965855320,944.5172672271729,1095.564046004557,0.6199979605706233
CC-MAIN-2024-26-part-00073.jsonl,2024,73,217251,241367124,149663376,965793883,944.4809398651123,1111.0058135520665,0.6200652910791612
CC-MAIN-2019-35-part-00014.jsonl,2019,14,281633,238225801,153896833,953326338,936.5808868408203,845.8731789243448,0.646012448500488
CC-MAIN-2023-50-part-00034.jsonl,2023,34,225657,241394158,152060206,965915276,945.0605125427246,1069.7392857301124,0.629924962807095
CC-MAIN-2017-30-part-00015.jsonl,2017,15,285769,237643094,155327113,951000791,934.2098712921143,831.5915792125808,0.6536150930605205
CC-MAIN-2024-18-part-00042.jsonl,2024,42,218865,242562099,150992248,970577352,948.9188871383667,1108.2726749366047,0.6224890393944027
CC-MAIN-2019-04-part-00005.jsonl,2019,5,298384,232845922,149995322,931831677,916.3360214233398,780.3565941873559,0.644182731274117
CC-MAIN-2023-50-part-00037.jsonl,2023,37,225279,241413759,152104426,965992985,945.0659580230713,1071.6212296752028,0.63005698859111
CC-MAIN-2024-26-part-00092.jsonl,2024,92,219271,241381978,149641505,965856921,944.5186214447021,1100.8385878661566,0.6199365264957768
CC-MAIN-2021-43-part-00026.jsonl,2021,26,272807,237553383,153137353,950622659,933.05113697052,870.7745145835701,0.6446439577751667
CC-MAIN-2023-23-part-00049.jsonl,2023,49,241365,242191155,155776748,969126282,949.1444845199585,1003.4228450686719,0.6431975106605359
CC-MAIN-2024-10-part-00058.jsonl,2024,58,221354,242507160,151453235,970360190,948.9571733474731,1095.5625830118272,0.6245309829202569
CC-MAIN-2024-18-part-00024.jsonl,2024,24,218742,242533874,151032169,970463665,948.910626411438,1108.7668303297949,0.6227260815534575
CC-MAIN-2023-06-part-00024.jsonl,2023,24,258909,239465434,155058915,958250197,939.6226844787598,924.9019307942173,0.647521073960094
CC-MAIN-2024-26-part-00077.jsonl,2024,77,219413,241370502,149627580,965811278,944.5188903808594,1100.0738424797073,0.6199083100883637
CC-MAIN-2024-30-part-00075.jsonl,2024,75,221293,242030087,149764050,968452100,947.255597114563,1093.7087345736195,0.6187827796797842
CC-MAIN-2023-40-part-00052.jsonl,2023,52,227218,242027020,152976842,968450583,947.5445518493652,1065.1753822320416,0.6320651388427623
CC-MAIN-2022-05-part-00035.jsonl,2022,35,273393,238246728,153718540,953396851,935.6422204971313,871.4441408521799,0.6452073499200375
CC-MAIN-2018-34-part-00005.jsonl,2018,5,298531,237087348,152299257,948797147,932.3302364349365,794.1799947074173,0.6423761465331335
CC-MAIN-2020-16-part-00018.jsonl,2020,18,281934,235032879,152040731,940554033,923.6802520751953,833.6450339441146,0.6468913270640743
CC-MAIN-2024-26-part-00086.jsonl,2024,86,219901,241333341,149694887,965664060,944.5330066680908,1097.463590433877,0.6202826612341144
CC-MAIN-2023-50-part-00025.jsonl,2023,25,225276,241431034,152069620,966061371,945.1051912307739,1071.7121841652017,0.6298677410295149
CC-MAIN-2021-25-part-00029.jsonl,2021,29,264485,242009280,156412714,968432942,949.0202436447144,915.0208140348224,0.6463087448547428
CC-MAIN-2019-13-part-00017.jsonl,2019,17,296108,240205317,154606974,961265786,945.1239719390869,811.2084678563227,0.643645094667076
CC-MAIN-2024-26-part-00004.jsonl,2024,4,219642,241403341,149711965,965943226,944.5846796035767,1099.076410704692,0.6201735418400858
CC-MAIN-2023-40-part-00029.jsonl,2023,29,226266,242032515,152992702,968469505,947.5362243652344,1069.6813264034367,0.632116317098965
CC-MAIN-2020-50-part-00023.jsonl,2020,23,295210,239750397,154734585,959444457,942.6833257675171,812.1350801124623,0.6453986601740643
CC-MAIN-2022-40-part-00044.jsonl,2022,44,261923,241829060,156613191,967708289,948.8206939697266,923.2830259274672,0.6476194010761155
CC-MAIN-2014-23-part-00011.jsonl,2014,11,338503,233430646,150655605,934229127,920.26047706604,689.5969784610476,0.6453977126893613
CC-MAIN-2024-10-part-00088.jsonl,2024,88,221078,242520882,151448946,970414864,948.9526863098145,1096.9923827789287,0.6244779614482847
CC-MAIN-2023-40-part-00003.jsonl,2023,3,225171,242127142,153264208,968846357,947.5878887176514,1075.303400526711,0.6329906128409181
CC-MAIN-2019-43-part-00001.jsonl,2019,1,292153,237030108,152527216,948559969,932.237021446228,811.3218347920439,0.6434930030070273
CC-MAIN-2023-06-part-00039.jsonl,2023,39,257513,239486303,155124423,958331719,939.6031265258789,929.9969438436118,0.6477381840079597
CC-MAIN-2019-18-part-00016.jsonl,2019,16,290159,232676861,149993344,931143486,915.6921854019165,801.8943441354568,0.6446422878293858
CC-MAIN-2023-50-part-00030.jsonl,2023,30,225272,241382613,152141009,965868453,945.0653972625732,1071.5162692212082,0.6302898419614009
CC-MAIN-2013-48-part-00019.jsonl,2013,19,339033,240631999,156509874,963035786,948.286943435669,709.7598139414157,0.6504117268293981
CC-MAIN-2020-29-part-00025.jsonl,2020,25,289710,241277641,155754662,965546454,948.0250616073608,832.8246902074488,0.6455412169750118
CC-MAIN-2021-17-part-00009.jsonl,2021,9,239628,242368918,156830660,969834980,948.5927715301514,1011.4382209090758,0.6470741433932548
CC-MAIN-2018-13-part-00018.jsonl,2018,18,310612,241888216,157091973,968019089,951.5156965255737,778.7471701028936,0.649440372076662
CC-MAIN-2021-49-part-00023.jsonl,2021,23,280579,242139107,155732007,968977193,951.701171875,862.9979684865938,0.643150992540829
CC-MAIN-2023-50-part-00031.jsonl,2023,31,223963,241444684,152177940,966114674,945.0632171630859,1078.0561253421324,0.6302807644338113
CC-MAIN-2022-21-part-00006.jsonl,2022,6,270862,241773154,156277004,967499478,949.1435375213623,892.606397353634,0.6463786463239836
CC-MAIN-2023-14-part-00031.jsonl,2023,31,254844,241750592,156269243,967384964,948.6277256011963,948.6218706345843,0.646406867950917
CC-MAIN-2021-04-part-00019.jsonl,2021,19,291801,238591140,153959365,954802621,938.0510168075562,817.6501794030863,0.6452853404363632
CC-MAIN-2017-34-part-00020.jsonl,2017,20,304552,234480185,153483711,938376517,922.4689035415649,769.9183883212062,0.6545700695348735
CC-MAIN-2023-06-part-00000.jsonl,2023,0,258578,239450027,154932507,958187632,939.6185550689697,926.0262938068977,0.6470348278557513
CC-MAIN-2018-39-part-00015.jsonl,2018,15,298572,235307670,151751356,941678880,925.3615951538086,788.1103050520477,0.6449061180198673
CC-MAIN-2024-10-part-00028.jsonl,2024,28,220530,242512882,151534564,970382389,948.9554147720337,1099.682047793951,0.624851606851961
CC-MAIN-2023-23-part-00056.jsonl,2023,56,242639,242283905,155724962,969499509,949.4450759887695,998.5365295768611,0.6427375437918585
CC-MAIN-2017-17-part-00010.jsonl,2017,10,279970,231282588,150207111,925551180,909.3166332244873,826.097753330714,0.6494527422012417
CC-MAIN-2013-20-part-00022.jsonl,2013,22,314275,237070791,154521084,948754424,933.1607732772827,754.3418693819108,0.6517930081061737
CC-MAIN-2017-47-part-00002.jsonl,2017,2,301639,235794066,153745777,943629311,927.8985891342163,781.7094805379941,0.6520341228604116
CC-MAIN-2014-15-part-00000.jsonl,2014,0,324000,236604704,152907845,946905358,931.9297294616699,730.2614320987655,0.6462586855416027
CC-MAIN-2023-50-part-00019.jsonl,2023,19,225878,241407447,152129158,965969084,945.0762214660645,1068.751480887913,0.6301759116817967
CC-MAIN-2017-34-part-00022.jsonl,2017,22,303137,234496007,153708203,938438010,922.4859066009521,773.5644510567829,0.6554832424076202
CC-MAIN-2022-05-part-00034.jsonl,2022,34,273260,238222019,153703096,953298233,935.5497226715088,871.7778635731538,0.6452094422052564
CC-MAIN-2019-13-part-00012.jsonl,2019,12,295077,240226905,154449372,961350840,945.1149959564209,814.1159934525565,0.6429311987347962
CC-MAIN-2021-25-part-00025.jsonl,2021,25,263891,241877130,156203735,967904269,949.0240087509155,916.579686309878,0.6457978685293645
CC-MAIN-2023-23-part-00026.jsonl,2023,26,242677,242273021,155792084,969456693,949.3974714279175,998.335322259629,0.6430434695409193
CC-MAIN-2024-18-part-00046.jsonl,2024,46,217577,242559047,151080907,970561527,948.924524307251,1114.8193375218889,0.6228623869881876
CC-MAIN-2024-30-part-00009.jsonl,2024,9,220730,242062502,149866343,968581096,947.2536783218384,1096.645231731074,0.6191225066326052
CC-MAIN-2023-50-part-00008.jsonl,2023,8,226095,241354347,151955105,965756934,945.0204219818115,1067.4908644596298,0.6295934044229168
CC-MAIN-2017-26-part-00019.jsonl,2017,19,290824,237469114,155444745,950312295,933.156777381897,816.5389170082249,0.6545893164026375
CC-MAIN-2024-18-part-00002.jsonl,2024,2,219126,242534005,150964517,970465083,948.9624214172363,1106.8244069622044,0.6224468069951675
CC-MAIN-2017-34-part-00007.jsonl,2017,7,303460,234478680,153568699,938369912,922.4856157302856,772.6839781190272,0.654936726017052
CC-MAIN-2024-22-part-00058.jsonl,2024,58,217958,242078895,150521513,968642333,947.0866355895996,1110.6676286256986,0.621787012866198
CC-MAIN-2019-51-part-00017.jsonl,2019,17,273640,231714526,149421583,927268854,910.7716093063354,846.7860181260049,0.644852032280445
CC-MAIN-2017-26-part-00017.jsonl,2017,17,290454,237466412,155324193,950300560,933.1308298110962,817.5697769698472,0.6540891054521007
CC-MAIN-2016-07-part-00006.jsonl,2016,6,264337,218718170,141085413,875269614,859.4722356796265,827.4217003295037,0.6450557491405492
CC-MAIN-2021-21-part-00016.jsonl,2021,16,249624,240548380,155451805,962567583,942.5790023803711,963.6428388295997,0.6462392513306471
CC-MAIN-2021-04-part-00018.jsonl,2021,18,289098,238663080,154128120,955086814,938.0508718490601,825.5438640184298,0.6457979172983103
CC-MAIN-2024-26-part-00020.jsonl,2024,20,220426,241361573,149640498,965777323,944.5186958312988,1094.977783927486,0.6199847645175895
CC-MAIN-2023-40-part-00048.jsonl,2023,48,226513,242055777,153297010,968562229,947.5643787384033,1068.6175936921943,0.6333127508871643
CC-MAIN-2015-35-part-00000.jsonl,2015,0,292564,219069432,140949908,876715707,862.4850063323975,748.7914849400473,0.643402900684017
CC-MAIN-2023-40-part-00033.jsonl,2023,33,225035,242082110,153086924,968665503,947.540135383606,1075.7531495100761,0.6323760314217354
CC-MAIN-2017-09-part-00012.jsonl,2017,12,290992,227181223,146899512,909161607,894.1065244674683,780.7129508715017,0.6466181934411014
CC-MAIN-2020-34-part-00019.jsonl,2020,19,291366,240194343,154741402,961215387,944.2825050354004,824.3732727909228,0.644234164998632
CC-MAIN-2016-22-part-00003.jsonl,2016,3,263012,211371642,135266339,845879967,830.7680368423462,803.6577874773775,0.6399455372542359
CC-MAIN-2015-27-part-00006.jsonl,2015,6,298894,235349673,151433789,941847415,925.9482555389404,787.4017979618193,0.6434416800740573
CC-MAIN-2024-18-part-00022.jsonl,2024,22,220100,242541890,150964814,970497924,948.9250383377075,1101.9622444343481,0.6224277958747663
CC-MAIN-2014-15-part-00008.jsonl,2014,8,321338,236663336,153023961,947136266,931.9280776977539,736.4934617132117,0.6465892165062694
CC-MAIN-2023-06-part-00045.jsonl,2023,45,257504,239463808,154710492,958240877,939.615403175354,929.9420902199578,0.6460704575448829
CC-MAIN-2017-22-part-00018.jsonl,2017,18,273135,232101026,151041978,928814361,911.6530170440674,849.7666941256156,0.650759630851438
CC-MAIN-2023-50-part-00013.jsonl,2023,13,224363,241371759,151958350,965824060,945.0728664398193,1075.8091084537111,0.6295614310040306
CC-MAIN-2023-14-part-00014.jsonl,2023,14,254749,241771203,156354731,967466661,948.652997970581,949.0565340786421,0.6467053522499121
CC-MAIN-2020-24-part-00000.jsonl,2020,0,295967,241857762,156085305,967875248,950.6952381134033,817.1781381032345,0.6453599161312011
CC-MAIN-2020-24-part-00003.jsonl,2020,3,296629,241840671,156108382,967807058,950.6922492980957,815.2967882439007,0.6455009463648073
CC-MAIN-2024-18-part-00009.jsonl,2024,9,220467,242514078,150785026,970387126,948.9256591796875,1100.0017145423124,0.6217578263642081
CC-MAIN-2019-09-part-00000.jsonl,2019,0,302099,239632436,153573677,958982936,943.6791868209839,793.2248567522568,0.6408718267171477
CC-MAIN-2020-10-part-00022.jsonl,2020,22,299728,242320684,156386417,969733188,952.994387626648,808.4686248865638,0.6453696581675216
CC-MAIN-2015-14-part-00002.jsonl,2015,2,277982,219989143,141984173,880372314,865.0119132995605,791.3790928909066,0.6454144557488457
CC-MAIN-2021-43-part-00031.jsonl,2021,31,275105,237557161,153182040,950641683,933.003002166748,863.5145162756039,0.6448218161691198
CC-MAIN-2021-04-part-00013.jsonl,2021,13,287480,238697546,154140173,955221718,938.048394203186,830.3100946152775,0.6457551641523789
CC-MAIN-2021-21-part-00019.jsonl,2021,19,250836,240574717,155421186,962675443,942.5900993347168,959.091665470666,0.6460412296775143
CC-MAIN-2021-39-part-00021.jsonl,2021,21,269780,239346333,154258746,957790714,939.740517616272,887.1907962043147,0.6445001436474901
CC-MAIN-2013-20-part-00012.jsonl,2013,12,316290,237037586,154347919,948623754,933.1330184936523,749.431173922666,0.6511537752498037
CC-MAIN-2015-11-part-00002.jsonl,2015,2,275822,220983038,142759099,884344620,868.7259902954102,801.1798841281696,0.6460183563952995
CC-MAIN-2014-35-part-00000.jsonl,2014,0,331639,234870314,151642777,939977663,925.466835975647,708.2107773814298,0.645644715236341
CC-MAIN-2019-51-part-00005.jsonl,2019,5,276157,231738161,149436146,927366746,910.7567596435547,839.1536734538686,0.6448491062289909
CC-MAIN-2013-20-part-00038.jsonl,2013,38,314581,237064182,154560453,948728481,933.11439037323,753.5870952155407,0.6519772480854995
CC-MAIN-2019-47-part-00014.jsonl,2019,14,272463,233674382,150902926,935105665,917.7724590301514,857.637117700385,0.6457829254042918
CC-MAIN-2013-20-part-00019.jsonl,2013,19,316255,237044397,154572648,948651557,933.1313095092773,749.5356500292486,0.6520831116712706
CC-MAIN-2024-30-part-00053.jsonl,2024,53,220742,242076859,149706894,968638267,947.2682666778564,1096.6506555163946,0.6184271169843624
CC-MAIN-2018-05-part-00018.jsonl,2018,18,308422,239796166,156103822,959647307,943.5638208389282,777.4937131592428,0.6509854790589104
CC-MAIN-2013-20-part-00023.jsonl,2013,23,316040,237043720,154507892,948649939,933.0930814743042,750.0434122263005,0.6518117923562793
CC-MAIN-2020-45-part-00018.jsonl,2020,18,297471,237122545,152660989,948937119,932.7950439453125,797.1282746889613,0.6438063027705779
CC-MAIN-2022-05-part-00003.jsonl,2022,3,273383,238251124,153671550,953414514,935.6434278488159,871.4920971677097,0.644998216251857
CC-MAIN-2019-22-part-00018.jsonl,2019,18,294135,236225288,152699725,945342380,929.7623300552368,803.1185952028831,0.6464156580899163
CC-MAIN-2018-30-part-00023.jsonl,2018,23,295345,235243405,152581053,941416963,924.9340629577637,796.503766781222,0.648609269195028
CC-MAIN-2016-36-part-00003.jsonl,2016,3,282152,236919131,153379611,948100333,930.8438997268677,839.6861656128611,0.6473922572339673
CC-MAIN-2015-11-part-00003.jsonl,2015,3,280665,220913992,142687143,884075478,868.7776870727539,787.1091586054549,0.6458945479560209
CC-MAIN-2018-26-part-00005.jsonl,2018,5,295312,239924451,154979420,960140451,942.6046409606934,812.4439609633201,0.6459509206087545
CC-MAIN-2019-18-part-00014.jsonl,2019,14,288863,232677444,150089975,931142836,915.7323589324951,805.4941062025943,0.6450559728514123
CC-MAIN-2017-51-part-00009.jsonl,2017,9,314833,239226782,156272904,957377898,941.4842233657837,759.8529442593375,0.6532416759257331
CC-MAIN-2015-14-part-00005.jsonl,2015,5,279202,219949185,141912043,880215386,865.0223665237427,787.7779707881749,0.6452037683158499
CC-MAIN-2017-26-part-00004.jsonl,2017,4,287530,237503942,155517438,950446985,933.223780632019,826.0144750113031,0.6547993969716932
CC-MAIN-2021-43-part-00033.jsonl,2021,33,274104,237577099,153183067,950719338,933.0114288330078,866.7407224994893,0.6447720240914298
CC-MAIN-2019-47-part-00013.jsonl,2019,13,275252,233694127,150955794,935189445,917.7781438827515,849.0188154854461,0.6459545900355468
CC-MAIN-2020-45-part-00001.jsonl,2020,1,296634,237187469,152849626,949196039,932.7953834533691,799.5963679146693,0.6444253848840555
CC-MAIN-2018-17-part-00002.jsonl,2018,2,303875,240160769,155510136,961099097,944.9859142303467,790.3274997943233,0.6475251417936624
CC-MAIN-2023-50-part-00043.jsonl,2023,43,225253,241395942,152079370,965920787,945.0634746551514,1071.6658246505042,0.6299996956866822
CC-MAIN-2022-27-part-00020.jsonl,2022,20,276652,242417584,156327429,970085780,952.3476085662842,876.2545869901537,0.6448683565792818
CC-MAIN-2020-29-part-00022.jsonl,2020,22,290239,241265974,155913551,965499420,948.0410633087158,831.2665561830078,0.6462309973307716
CC-MAIN-2020-34-part-00004.jsonl,2020,4,290398,240229946,154717056,961355065,944.2858972549438,827.2438033319788,0.6440373424552158
CC-MAIN-2018-26-part-00007.jsonl,2018,7,297998,239988751,155264435,960403020,942.6075506210327,805.3367841394909,0.6469654696440335
CC-MAIN-2021-25-part-00007.jsonl,2021,7,262528,241889191,156427808,967950706,949.0345525741577,921.3843513834714,0.6466920136170946
CC-MAIN-2016-22-part-00001.jsonl,2016,1,262271,211393498,135296976,845967705,830.7548570632935,806.0117130754068,0.6400243019773484
CC-MAIN-2021-43-part-00027.jsonl,2021,27,273680,237555895,152999193,950635091,933.0164232254028,868.0060472084186,0.6440555516418568
CC-MAIN-2021-43-part-00040.jsonl,2021,40,273320,237534336,152960262,950547690,933.001353263855,869.0704522171814,0.6439501108589202
CC-MAIN-2020-05-part-00004.jsonl,2020,4,281070,235051554,151934499,940627735,923.9619398117065,836.2740740740741,0.6463879792090207
CC-MAIN-2013-48-part-00016.jsonl,2013,16,339778,240639104,156439545,963065677,948.3011293411255,708.2244995261613,0.6501002638374186
CC-MAIN-2017-51-part-00000.jsonl,2017,0,312174,239276699,156316394,957574149,941.4943532943726,766.4850339874557,0.6532871552194056
CC-MAIN-2019-35-part-00000.jsonl,2019,0,282911,238135218,153757715,952965903,936.1484575271606,841.7319156908003,0.6456739842655277
CC-MAIN-2018-05-part-00021.jsonl,2018,21,305428,239816454,156208480,959725269,943.3055248260498,785.1816270937832,0.6513668157231614
CC-MAIN-2023-23-part-00027.jsonl,2023,27,242888,242277004,155766718,969472744,949.4429092407227,997.4844537399954,0.6429281996569514
CC-MAIN-2024-22-part-00032.jsonl,2024,32,219381,242067190,150360465,968597672,947.0584316253662,1103.4100036010411,0.6211517760833263
CC-MAIN-2018-05-part-00007.jsonl,2018,7,306985,239836473,156118006,959806511,943.5549278259277,781.2644689479941,0.6509352145117644
CC-MAIN-2023-50-part-00083.jsonl,2023,83,226143,241342420,151727616,965708347,945.0802736282349,1067.2115431386335,0.628681920070247
CC-MAIN-2018-17-part-00009.jsonl,2018,9,306081,240210189,155426672,961299876,945.016863822937,784.7928783557294,0.6470444598834232
CC-MAIN-2019-26-part-00010.jsonl,2019,10,287209,232410235,150074585,930071707,914.1933507919312,809.2024797273066,0.645731393886332
CC-MAIN-2017-17-part-00009.jsonl,2017,9,279379,231300563,150435814,925620392,909.3331069946289,827.9096245601853,0.650391041201227
CC-MAIN-2023-40-part-00001.jsonl,2023,1,225600,242059494,153066085,968576998,947.5363454818726,1072.95875,0.6323490249054227
CC-MAIN-2023-40-part-00071.jsonl,2023,71,227663,242047326,153189037,968531116,947.5435152053833,1063.182537346868,0.6328887806015259
CC-MAIN-2021-17-part-00020.jsonl,2021,20,242635,242383965,157005932,969900077,948.6230640411377,998.9653800976776,0.6477570906969856
CC-MAIN-2022-05-part-00025.jsonl,2022,25,272872,238214408,153851764,953266708,935.6369686126709,872.9895628719693,0.6458541500143014
CC-MAIN-2018-09-part-00013.jsonl,2018,13,307428,238095834,154800566,952844123,936.6352844238281,774.476736016238,0.6501607499776749
CC-MAIN-2017-34-part-00021.jsonl,2017,21,303108,234502748,153640735,938463695,922.4814624786377,773.6607017960595,0.6551766932812233
CC-MAIN-2017-17-part-00006.jsonl,2017,6,276046,231365494,150371478,925876762,909.3209095001221,838.1410851814553,0.6499304429553354
CC-MAIN-2021-31-part-00000.jsonl,2021,0,255353,238760958,154424684,955427496,935.9212036132812,935.023117018402,0.646775273870362
CC-MAIN-2021-10-part-00029.jsonl,2021,29,250862,237401259,153575496,949980802,930.2275705337524,946.3420486163708,0.6469026181533435
CC-MAIN-2020-50-part-00005.jsonl,2020,5,295966,239724851,154534424,959344113,942.6887836456299,809.9742909658542,0.6446324749201742
CC-MAIN-2014-49-part-00001.jsonl,2014,1,275004,214714695,138147814,859271996,844.6006002426147,780.7693524457826,0.6434017662368196
CC-MAIN-2013-20-part-00018.jsonl,2013,18,315556,237056357,154528126,948698657,933.1221809387207,751.2338760790478,0.6518624008045479
CC-MAIN-2017-51-part-00003.jsonl,2017,3,315326,239182368,156089627,957202307,941.4865703582764,758.5240925264646,0.6525967123128407
CC-MAIN-2024-26-part-00035.jsonl,2024,35,218689,241384877,149662144,965867948,944.5566654205322,1103.7815207897975,0.6200145835979609
CC-MAIN-2018-09-part-00010.jsonl,2018,10,308085,238106565,154692160,952887955,936.6687049865723,772.8599737085544,0.6496761649558046
CC-MAIN-2024-30-part-00066.jsonl,2024,66,222328,242003378,149671004,968346752,947.2532186508179,1088.4970763916376,0.6184665901647042
CC-MAIN-2018-34-part-00014.jsonl,2018,14,297623,237233391,152659658,949378823,932.4770517349243,797.0936083568811,0.6434998773001562
CC-MAIN-2018-51-part-00013.jsonl,2018,13,295568,232764162,149629128,931500579,916.3107280731201,787.514758025226,0.6428357643819756
CC-MAIN-2016-30-part-00006.jsonl,2016,6,301103,242154331,156545269,969068271,952.4757614135742,804.2242388817116,0.6464690032737841
CC-MAIN-2021-17-part-00028.jsonl,2021,28,240167,242363148,156727219,969813443,948.5966939926147,1009.144253790071,0.6466627467637943
CC-MAIN-2017-30-part-00012.jsonl,2017,12,285379,237691927,155464169,951195900,934.2032890319824,832.8991516544666,0.6540574219838775
CC-MAIN-2023-06-part-00022.jsonl,2023,22,260896,239397221,154876668,957981044,939.6148891448975,917.5963640684411,0.6469443018304711
CC-MAIN-2014-10-part-00004.jsonl,2014,4,336946,237108957,153446420,948940667,934.4493608474731,703.7001685730057,0.6471557293383902
CC-MAIN-2024-10-part-00030.jsonl,2024,30,220001,242545141,151453455,970509833,948.9546527862549,1102.4729023958982,0.6244340924562162
CC-MAIN-2022-21-part-00034.jsonl,2022,34,272465,241743198,156158101,967381523,949.1538257598877,887.2449599031069,0.645966886729115
CC-MAIN-2021-43-part-00008.jsonl,2021,8,272822,237561736,153073868,950656386,933.0022735595703,870.7572556465387,0.6443540554022555
CC-MAIN-2020-34-part-00021.jsonl,2020,21,291136,240234289,154756762,961374176,944.3268747329712,825.1617422785228,0.6441909797481075
CC-MAIN-2020-05-part-00005.jsonl,2020,5,280328,235046496,151995735,940606451,923.9679203033447,838.4695642247652,0.6466624161034079
CC-MAIN-2014-35-part-00003.jsonl,2014,3,332389,234854571,151657004,939917202,925.4587106704712,706.5654128145035,0.6457485726347647
CC-MAIN-2024-26-part-00026.jsonl,2024,26,219562,241398049,149771215,965922031,944.6091613769531,1099.4527696049408,0.6204325827007823
CC-MAIN-2013-48-part-00008.jsonl,2013,8,338806,240640996,156601999,963071644,948.2927560806274,710.2619079945456,0.6507702411604047
CC-MAIN-2016-50-part-00012.jsonl,2016,12,345428,234066903,150800901,936786603,923.6691942214966,677.6141569299535,0.6442640931597237
CC-MAIN-2020-34-part-00020.jsonl,2020,20,289619,240203575,154730571,961248648,944.2847547531128,829.3778205159192,0.6441643135411286
CC-MAIN-2023-14-part-00016.jsonl,2023,16,255717,241780725,156103418,967505578,948.6516132354736,945.5011790377644,0.6456404578983705
CC-MAIN-2015-22-part-00005.jsonl,2015,5,293852,229105304,148212892,916862493,901.2752504348755,779.6622245211876,0.6469203873167424
CC-MAIN-2017-34-part-00016.jsonl,2017,16,304513,234487760,153453254,938407719,922.5345726013184,770.0418701336232,0.6544190366269012
CC-MAIN-2021-10-part-00001.jsonl,2021,1,250014,237436792,153670242,950122006,930.2159948348999,949.6939851368323,0.6472048443107334
CC-MAIN-2022-05-part-00013.jsonl,2022,13,273803,238161467,153712793,953057012,935.6393518447876,869.8278214628766,0.6454142012821915
CC-MAIN-2024-18-part-00061.jsonl,2024,61,218396,242554297,150971316,970544506,948.9247522354126,1110.616938954926,0.6224227641697891
CC-MAIN-2019-18-part-00015.jsonl,2019,15,288051,232697381,150047936,931221346,915.6997947692871,807.833963430087,0.6448200463416475
CC-MAIN-2022-49-part-00004.jsonl,2022,4,261523,240265317,155249517,961453474,943.2522344589233,918.7158184939757,0.6461586671704265
CC-MAIN-2021-49-part-00004.jsonl,2021,4,283008,242076799,155547898,968732419,951.7033615112305,855.3708693747174,0.642555993149926
CC-MAIN-2017-39-part-00000.jsonl,2017,0,302736,237307537,154718357,949683745,933.7771978378296,783.8761726388668,0.6519740542416906
CC-MAIN-2021-31-part-00015.jsonl,2021,15,256511,238794991,154577485,955564505,935.9131202697754,930.9347006561122,0.6473229792328433
CC-MAIN-2024-10-part-00016.jsonl,2024,16,220060,242526455,151412780,970435461,948.8708257675171,1102.0924066163773,0.6243144897326768
CC-MAIN-2021-10-part-00004.jsonl,2021,4,248021,237383361,153512100,949905958,930.2098360061646,957.1099261756061,0.6466843310049857
CC-MAIN-2021-04-part-00022.jsonl,2021,22,288201,238653334,153979791,955047308,938.0596351623535,828.0794792523274,0.6452027651120097
CC-MAIN-2020-16-part-00020.jsonl,2020,20,285610,234963726,151819112,940282349,923.6792259216309,822.6733167606176,0.6461385107588905
CC-MAIN-2016-50-part-00008.jsonl,2016,8,347781,234011594,150702711,936567196,923.6932802200317,672.8705535955098,0.643996771373644
CC-MAIN-2023-40-part-00076.jsonl,2023,76,227543,242027686,152966076,968452506,947.5397701263428,1063.6569175935977,0.6320189170424081
CC-MAIN-2023-06-part-00046.jsonl,2023,46,258742,239470046,154962728,958268654,939.6180944442749,925.5167154926529,0.6471069371239858
CC-MAIN-2018-22-part-00004.jsonl,2018,4,296342,232546702,150652299,930632336,914.1949186325073,784.7240755613446,0.6478367472181996
CC-MAIN-2016-18-part-00004.jsonl,2016,4,266926,205250821,132200058,821404263,807.8954887390137,768.9427818946075,0.6440902762576526
CC-MAIN-2024-22-part-00022.jsonl,2024,22,218942,242061580,150258862,968575298,947.0882759094238,1105.5968247298372,0.620746431548534
CC-MAIN-2020-29-part-00012.jsonl,2020,12,289706,241251083,155891577,965439453,948.0142574310303,832.7445168550186,0.6461798018125373
CC-MAIN-2024-18-part-00071.jsonl,2024,71,218530,242559743,150944424,970566905,948.9303340911865,1109.9608429048644,0.6222979218773331
CC-MAIN-2022-33-part-00008.jsonl,2022,8,275323,242184010,156115186,969148719,951.4182481765747,879.6359548602913,0.6446139280623853
CC-MAIN-2018-47-part-00010.jsonl,2018,10,291660,233346416,149444100,933822157,917.3111572265625,800.0631420146747,0.6404388057967858
CC-MAIN-2024-22-part-00062.jsonl,2024,62,218046,242131031,150230487,968851445,947.0923023223877,1110.4584858240921,0.6204511928089051
CC-MAIN-2023-50-part-00023.jsonl,2023,23,226564,241360840,152006239,965783749,945.0682725906372,1065.3097579491887,0.6297883244025833
CC-MAIN-2018-09-part-00006.jsonl,2018,6,306073,238115085,154700188,952919323,936.6643352508545,777.9682788093037,0.6496866336712771
CC-MAIN-2022-40-part-00034.jsonl,2022,34,261344,241697551,156654346,967182009,948.4576196670532,924.8253298334762,0.6481420492340859
CC-MAIN-2021-31-part-00020.jsonl,2021,20,257403,238746959,154483601,955373956,935.9054889678955,927.5220529675256,0.6470599736518529
CC-MAIN-2023-23-part-00048.jsonl,2023,48,244123,242329092,155888863,969681960,949.7576589584351,992.6516223379198,0.6432940498947605
CC-MAIN-2019-43-part-00006.jsonl,2019,6,289935,237071634,152587008,948721070,932.2176008224487,817.6716643385587,0.6436324980153467
CC-MAIN-2019-35-part-00023.jsonl,2019,23,281941,238133433,153732215,952957352,936.1458377838135,844.6215094647462,0.6455717412850634
CC-MAIN-2014-23-part-00010.jsonl,2014,10,335061,233469964,150802268,934381462,920.2650127410889,696.7983859655405,0.645917211003639
CC-MAIN-2014-49-part-00007.jsonl,2014,7,274296,214697868,138114786,859202755,844.479395866394,782.723291626564,0.643298358230553
CC-MAIN-2016-44-part-00004.jsonl,2016,4,350106,237606793,153658942,950952826,937.1475629806519,678.6710110652202,0.6466942298236398
CC-MAIN-2023-06-part-00028.jsonl,2023,28,259257,239415014,154860281,958048220,939.5986948013306,923.4659584890668,0.6468277758052383
CC-MAIN-2022-33-part-00016.jsonl,2022,16,277084,242184573,156240463,969153526,951.4558458328247,874.0474837955277,0.6451297085714869
CC-MAIN-2013-20-part-00037.jsonl,2013,37,316149,237048076,154683637,948666661,933.1141052246094,749.7985949662975,0.6525412043420256
CC-MAIN-2024-18-part-00048.jsonl,2024,48,220263,242507846,150956135,970362181,948.8980941772461,1100.9922047733846,0.6224793856772782
CC-MAIN-2022-49-part-00035.jsonl,2022,35,261786,240251891,155201433,961400055,943.376787185669,917.7415560801571,0.6459946365208838
CC-MAIN-2017-17-part-00013.jsonl,2017,13,277031,231410473,150391254,926057897,909.5537624359131,835.3233861914371,0.6498895752224663
CC-MAIN-2020-29-part-00018.jsonl,2020,18,288425,241268812,155997488,965508098,948.0136203765869,836.5045055040305,0.6465712940966444
CC-MAIN-2024-30-part-00034.jsonl,2024,34,221299,242049261,149681816,968528979,947.2775058746338,1093.765724201194,0.6183940218681353
CC-MAIN-2018-13-part-00016.jsonl,2018,16,311462,241881764,157100309,967993622,951.3806133270264,776.6012033570709,0.6494921584911213
CC-MAIN-2013-20-part-00040.jsonl,2013,40,314097,237079109,154586600,948787934,933.1191301345825,754.795840138556,0.6520464863059697
CC-MAIN-2021-43-part-00018.jsonl,2021,18,272211,237562242,152851251,950656827,933.005711555481,872.7136008464022,0.6434155937962566
CC-MAIN-2019-47-part-00018.jsonl,2019,18,274579,233703763,150942224,935226518,917.8961973190308,851.1348755731501,0.6458698912777027
CC-MAIN-2018-51-part-00006.jsonl,2018,6,290530,232796516,149474746,931621540,916.2975645065308,801.282194609851,0.6420832603869381
CC-MAIN-2014-23-part-00002.jsonl,2014,2,334797,233467001,150807965,934370489,920.2605972290039,697.3389875058617,0.645949810268904
CC-MAIN-2021-17-part-00037.jsonl,2021,37,239856,242384098,157112049,969896754,948.6030902862549,1010.5400657060903,0.6481945403860612
CC-MAIN-2020-29-part-00013.jsonl,2020,13,288314,241300232,155988521,965633313,948.0163745880127,836.935535561922,0.6464499420787958
CC-MAIN-2023-50-part-00015.jsonl,2023,15,225528,241390037,152086392,965899031,945.075273513794,1070.3328943634494,0.6300441968945056
CC-MAIN-2023-40-part-00043.jsonl,2023,43,226724,242058318,153141928,968573507,947.5303268432617,1067.6342954429174,0.6326654223880048
CC-MAIN-2019-39-part-00007.jsonl,2019,7,285275,237786550,153134098,951574984,934.9267568588257,833.5344842695645,0.6439981487598857
CC-MAIN-2022-21-part-00028.jsonl,2022,28,269102,241796563,156339126,967590095,949.1519823074341,898.5312743866638,0.6465729870610278
CC-MAIN-2024-30-part-00021.jsonl,2024,21,221534,242077342,149633425,968641975,947.2651205062866,1092.7322307185352,0.6181223891660211
CC-MAIN-2018-09-part-00019.jsonl,2018,19,309177,238077611,154709581,952774758,936.6610822677612,770.0366165659153,0.6498283494620584
CC-MAIN-2019-26-part-00011.jsonl,2019,11,284093,232428616,150036635,930139326,914.191409111023,818.1427067896781,0.64551705199673
CC-MAIN-2023-40-part-00064.jsonl,2023,64,227511,242023314,153032801,968434318,947.5430955886841,1063.7873069873544,0.6323060306495927
CC-MAIN-2018-30-part-00006.jsonl,2018,6,294246,235304255,152945154,941658774,925.0110874176025,799.6854842546712,0.6499889005407063
CC-MAIN-2024-10-part-00072.jsonl,2024,72,220736,242524607,151330455,970429357,948.9602251052856,1098.708896600464,0.6239797968211943
CC-MAIN-2014-15-part-00013.jsonl,2014,13,324222,236587865,152905581,946837559,931.9093647003174,729.7094737556366,0.6462951132341467
CC-MAIN-2016-07-part-00002.jsonl,2016,2,265168,218694366,141015960,875175425,859.4423551559448,824.7389051469257,0.6448083806603413
CC-MAIN-2021-17-part-00001.jsonl,2021,1,243384,242321017,156838073,969648690,948.5959320068359,995.6324861124807,0.6472326459409008
CC-MAIN-2024-30-part-00077.jsonl,2024,77,222495,242044634,149578467,968512696,947.261471748352,1087.865498101081,0.6179788600477711
CC-MAIN-2022-33-part-00027.jsonl,2022,27,274052,242278832,156162536,969527000,951.3970394134521,884.0615357669348,0.6445570779373743
CC-MAIN-2024-18-part-00053.jsonl,2024,53,217982,242530107,151061911,970447671,948.9032192230225,1112.6152939233514,0.6228583859899918
CC-MAIN-2016-44-part-00001.jsonl,2016,1,354265,237566941,153574756,950800101,937.1185712814331,670.5910575416708,0.6464483456896472
CC-MAIN-2024-10-part-00080.jsonl,2024,80,218702,242543814,151526559,970503386,948.9533739089966,1109.0150707355215,0.6247389141823259
CC-MAIN-2024-26-part-00027.jsonl,2024,27,218719,241352567,149491609,965738957,944.437891960144,1103.4823997915132,0.6193910048613653
CC-MAIN-2024-22-part-00015.jsonl,2024,15,218945,242099695,150496236,968726980,947.1203765869141,1105.7557605791408,0.6216291846216494
CC-MAIN-2023-50-part-00010.jsonl,2023,10,224744,241406500,152119576,965963067,945.0761432647705,1074.139910297939,0.630138691377407
CC-MAIN-2017-13-part-00018.jsonl,2017,18,287923,236729980,153634499,947350875,930.8858604431152,822.1989212393592,0.6489862374000961
CC-MAIN-2018-13-part-00006.jsonl,2018,6,312349,241887605,157088802,968018660,951.3879518508911,774.4145331023951,0.6494289031469802
CC-MAIN-2024-26-part-00003.jsonl,2024,3,219998,241384875,149607253,965869645,944.5230836868286,1097.2139519450177,0.6197871884060673
CC-MAIN-2018-43-part-00019.jsonl,2018,19,275835,234684767,149582152,939153494,921.1198768615723,850.8157666721047,0.6373747811250144
CC-MAIN-2018-22-part-00019.jsonl,2018,19,298701,232522887,150740322,930539806,914.1963338851929,778.4469653600088,0.6482816549581203
CC-MAIN-2024-10-part-00033.jsonl,2024,33,220591,242543879,151549580,970506238,948.9537677764893,1099.5184708351655,0.6248336615412999
CC-MAIN-2022-27-part-00038.jsonl,2022,38,275380,242442109,156353804,970182115,952.345869064331,880.3911286222674,0.6449119117339471
CC-MAIN-2021-21-part-00032.jsonl,2021,32,249850,240540407,155436572,962535590,942.5760078430176,962.7392715629378,0.6461973434675364
CC-MAIN-2023-06-part-00016.jsonl,2023,16,258448,239444925,154860365,958167553,939.6066102981567,926.4723464681483,0.6467473261335566
CC-MAIN-2022-21-part-00021.jsonl,2022,21,270675,241776850,156083653,967514236,949.144775390625,893.2367230072965,0.645569056756261
CC-MAIN-2020-40-part-00000.jsonl,2020,0,303411,236934217,152450380,948191896,932.399073600769,780.9018690818724,0.6434291421909736
CC-MAIN-2017-22-part-00014.jsonl,2017,14,273751,232196441,151178740,929196962,911.8766021728516,848.2030787102148,0.6510812110164944
CC-MAIN-2017-43-part-00002.jsonl,2017,2,300667,236211879,154098603,945299146,929.1346712112427,785.6262210352317,0.6523744853661657
CC-MAIN-2017-43-part-00017.jsonl,2017,17,300232,236187614,154205618,945200564,929.1270723342896,786.6836779557143,0.652894600984453
CC-MAIN-2024-18-part-00088.jsonl,2024,88,218184,242552227,150925534,970536329,948.9358415603638,1111.686590217431,0.6222393249763896
CC-MAIN-2018-22-part-00000.jsonl,2018,0,297915,232480563,150645773,930368544,914.2335186004639,780.3587029857509,0.6479929808153467
CC-MAIN-2018-43-part-00006.jsonl,2018,6,273903,234659854,149710849,939050548,921.0269603729248,856.726118370372,0.6379908895707401
CC-MAIN-2023-14-part-00051.jsonl,2023,51,252640,241831780,156269800,967706811,948.6541261672974,957.2188885370488,0.6461921588634877
CC-MAIN-2024-18-part-00055.jsonl,2024,55,218231,242515702,150971563,970390712,948.9257535934448,1111.2797998451183,0.6225228377171224
CC-MAIN-2021-49-part-00025.jsonl,2021,25,279918,242158600,155556230,969054551,951.7077884674072,865.1054951807315,0.6423733454025585
CC-MAIN-2022-27-part-00034.jsonl,2022,34,274299,242464907,156331832,970271116,952.3486528396606,883.943824075188,0.6447606539613586
CC-MAIN-2020-29-part-00000.jsonl,2020,0,289489,241287356,155927803,965582751,948.0180406570435,833.4940394971829,0.646232797212963
CC-MAIN-2023-40-part-00055.jsonl,2023,55,226925,242001531,153134252,968347782,947.5093460083008,1066.4383871323125,0.6327821620269005
CC-MAIN-2022-05-part-00005.jsonl,2022,5,274824,238213370,153735690,953265873,935.6333198547363,866.7851788781184,0.6453696952442258
CC-MAIN-2024-22-part-00061.jsonl,2024,61,216568,242109830,150390229,968764575,947.0170879364014,1117.9390768719293,0.6211653157577286
CC-MAIN-2023-50-part-00022.jsonl,2023,22,224517,241409810,152107369,965976241,945.0562019348145,1075.2406721985417,0.6300794859993469
CC-MAIN-2018-22-part-00015.jsonl,2018,15,295095,232559558,150783540,930680442,914.1944417953491,788.083695081245,0.6483652673608883
CC-MAIN-2017-43-part-00003.jsonl,2017,3,296498,236278250,154246314,945557100,929.1428737640381,796.8966063852033,0.6528163891513502
CC-MAIN-2024-18-part-00084.jsonl,2024,84,219852,242466211,150944036,970194431,948.9273099899292,1102.8610656259666,0.6225363747693488
CC-MAIN-2020-05-part-00006.jsonl,2020,6,278276,235064137,152019905,940673153,923.9809370040894,844.7158109215311,0.6467167086402466
CC-MAIN-2020-50-part-00003.jsonl,2020,3,295131,239735459,154633832,959384243,942.6867837905884,812.3018557860746,0.6450186077813378
CC-MAIN-2020-29-part-00015.jsonl,2020,15,288049,241271928,155927874,965519543,948.0155792236328,837.6072404347872,0.6462744144855509
CC-MAIN-2019-22-part-00021.jsonl,2019,21,294816,236271166,152467606,945526754,929.7571201324463,801.4190749484425,0.645307713934082
CC-MAIN-2021-04-part-00008.jsonl,2021,8,289782,238652737,154179604,955046421,938.0797996520996,823.5595620155841,0.6460416332874489
CC-MAIN-2020-10-part-00004.jsonl,2020,4,299900,242269899,156314497,969528545,953.0009412765503,807.8356085361787,0.6452080825773573
CC-MAIN-2021-49-part-00010.jsonl,2021,10,279742,242150077,155833147,969021056,951.6946115493774,865.6193099355835,0.6435395310652741
CC-MAIN-2021-39-part-00022.jsonl,2021,22,273050,239303298,154177167,957623325,939.7650651931763,876.40834279436,0.6442751449250816
CC-MAIN-2013-20-part-00005.jsonl,2013,5,313454,237058872,154413837,948705897,933.134443283081,756.2796199761368,0.6513733727713005
CC-MAIN-2019-35-part-00006.jsonl,2019,6,281266,238149484,153902340,953019135,936.1507816314697,846.7055527507769,0.6462425927406167
CC-MAIN-2018-47-part-00007.jsonl,2018,7,288870,233407373,149696533,934064131,917.3331279754639,808.0014297088655,0.6413530604279583
CC-MAIN-2017-17-part-00001.jsonl,2017,1,277291,231319500,150244237,925694396,909.3334264755249,834.2120732371408,0.6495096046809715
CC-MAIN-2020-45-part-00007.jsonl,2020,7,296729,237140681,152749575,949008295,932.7993621826172,799.1826919512417,0.6441306247239798
CC-MAIN-2014-52-part-00000.jsonl,2014,0,324343,239467323,154416082,958355775,943.0633716583252,738.3150646075297,0.6448315372030947
CC-MAIN-2018-39-part-00002.jsonl,2018,2,298279,235312207,151669132,941696827,925.3605365753174,788.8996778184184,0.644544258598535
CC-MAIN-2020-34-part-00005.jsonl,2020,5,289887,240248164,154780039,961427917,944.2792644500732,828.76487734876,0.644250663243362
CC-MAIN-2022-49-part-00033.jsonl,2022,33,259797,240315451,155351381,961652025,943.2560472488403,925.0124173874217,0.6464477433870867
CC-MAIN-2024-10-part-00004.jsonl,2024,4,221515,242511072,151480924,970376427,948.9503440856934,1094.7839739972462,0.624635084702442
CC-MAIN-2018-17-part-00003.jsonl,2018,3,306036,240172342,155010166,961148646,945.0005083084106,784.7846070396947,0.6454122265252341
CC-MAIN-2019-35-part-00001.jsonl,2019,1,282810,238067964,153582014,952695820,936.1464500427246,841.7947173013685,0.6451183578820374
CC-MAIN-2017-47-part-00011.jsonl,2017,11,298496,235883929,153680970,943983257,927.9013977050781,790.2415074238851,0.6515109810639114
CC-MAIN-2020-40-part-00012.jsonl,2020,12,301024,236994285,152727246,948428789,932.3958692550659,787.2936543265653,0.6444342993334207
CC-MAIN-2022-27-part-00024.jsonl,2022,24,276229,242455449,156399352,970236511,952.3425617218018,877.7335073435447,0.6450642897285431
CC-MAIN-2013-20-part-00021.jsonl,2013,21,316083,237013642,154397596,948528640,933.1172361373901,749.8462176074006,0.6514291527573759
CC-MAIN-2018-39-part-00006.jsonl,2018,6,300187,235230616,151575056,941373638,925.3982515335083,783.6136008554668,0.6443678912952385
CC-MAIN-2021-49-part-00001.jsonl,2021,1,282721,242115463,155645752,968886303,951.7075023651123,856.3759430675472,0.642857544377494
CC-MAIN-2013-20-part-00039.jsonl,2013,39,314224,237060930,154495657,948715786,933.1225843429565,754.432920464382,0.6517128613306292
CC-MAIN-2022-05-part-00031.jsonl,2022,31,274448,238220418,153741697,953294076,935.6474714279175,867.9983749198391,0.6453758174498712
CC-MAIN-2024-22-part-00038.jsonl,2024,38,217289,242126744,150431234,968832688,947.0913381576538,1114.3074154697201,0.6212912771007237
CC-MAIN-2022-49-part-00001.jsonl,2022,1,261409,240265464,155397041,961455032,943.2887258529663,919.1170311657212,0.6467722760188289
CC-MAIN-2016-22-part-00006.jsonl,2016,6,260272,211417532,135402180,846060723,830.766770362854,812.2945687588369,0.6404491563168943
CC-MAIN-2021-10-part-00008.jsonl,2021,8,248702,237398689,153567501,949967964,930.2156362533569,954.5507836688084,0.6468759437841715
CC-MAIN-2016-26-part-00002.jsonl,2016,2,267615,208762069,134522277,835450284,821.5556402206421,780.0835864955253,0.644380838168451
CC-MAIN-2014-23-part-00007.jsonl,2014,7,338144,233421885,150684431,934194896,920.2620334625244,690.3031992287309,0.645545429469906
CC-MAIN-2024-30-part-00081.jsonl,2024,81,221750,242073414,149688577,968626378,947.2561054229736,1091.650119503946,0.618360250828701
CC-MAIN-2013-20-part-00035.jsonl,2013,35,310022,237118929,154622539,948941645,933.1215200424194,764.8454916102728,0.6520885517326203
CC-MAIN-2014-35-part-00010.jsonl,2014,10,333965,234813973,151726245,939757780,925.4563579559326,703.1095264473822,0.646155094867374
CC-MAIN-2023-50-part-00055.jsonl,2023,55,226316,241403863,151986898,965955535,945.1386413574219,1066.6672396118702,0.6295959646677236
CC-MAIN-2019-30-part-00006.jsonl,2019,6,296117,242506033,156441901,970469158,953.6454277038574,818.9534305696735,0.6451051920840254
CC-MAIN-2023-50-part-00071.jsonl,2023,71,226401,241341030,152001569,965703380,945.0655965805054,1065.9892403302106,0.6298206691170581
CC-MAIN-2018-05-part-00002.jsonl,2018,2,306819,239766868,156158972,959527157,943.5564413070679,781.4603006984574,0.6512950404807389
CC-MAIN-2023-14-part-00009.jsonl,2023,9,252295,241813225,156301950,967631793,948.6481275558472,958.4542896212766,0.6463746968347162
CC-MAIN-2024-26-part-00000.jsonl,2024,0,219915,241357588,149693278,965759607,944.5186338424683,1097.5039810836006,0.6202136806239545
CC-MAIN-2022-49-part-00031.jsonl,2022,31,260796,240283235,155187909,961523655,943.2529458999634,921.3455536127855,0.6458540854920652
CC-MAIN-2019-22-part-00006.jsonl,2019,6,295163,236368068,152406480,945914297,929.7593717575073,800.805209325017,0.6447845569393916
CC-MAIN-2020-45-part-00027.jsonl,2020,27,296187,237115465,152700047,948907027,932.7919425964355,800.5600009453487,0.6439902475361529
CC-MAIN-2019-39-part-00018.jsonl,2019,18,287091,237781288,153012357,951556120,934.9054985046387,828.2436161356503,0.6435004128668022
CC-MAIN-2017-51-part-00011.jsonl,2017,11,312275,239272965,156032945,957559568,941.4825916290283,766.2251701224882,0.6521127240597365
CC-MAIN-2017-47-part-00000.jsonl,2017,0,300725,235830870,153791414,943774583,927.9205169677734,784.2077313159864,0.6521258815692789
CC-MAIN-2024-18-part-00044.jsonl,2024,44,219173,242569385,150838998,970606556,948.9263687133789,1106.7484817929217,0.6218385638401978
CC-MAIN-2020-34-part-00003.jsonl,2020,3,290642,240212526,154865120,961286403,944.2846374511719,826.489378685806,0.6447004349806471
CC-MAIN-2022-49-part-00018.jsonl,2022,18,260887,240250478,155208098,961392955,943.2496528625488,920.8986189423007,0.6460261777293945
CC-MAIN-2020-16-part-00005.jsonl,2020,5,283249,234990838,151915004,940388274,923.686767578125,829.6263640824857,0.6464720296882384
CC-MAIN-2021-21-part-00009.jsonl,2021,9,250107,240539400,155344969,962533420,942.5680856704712,961.7459727236743,0.6458192254574511
CC-MAIN-2018-47-part-00018.jsonl,2018,18,293022,233371011,149641522,933924539,917.358320236206,796.4282920736327,0.6412172675551377
CC-MAIN-2022-21-part-00043.jsonl,2022,43,267187,241832821,156336087,967732971,949.1273527145386,905.1069887382246,0.6464634798268346
CC-MAIN-2022-27-part-00042.jsonl,2022,42,275046,242445974,156256395,970197187,952.3474416732788,881.474277030024,0.6444998546356558
CC-MAIN-2023-50-part-00024.jsonl,2023,24,224551,241425149,152061787,966037569,945.0550775527954,1075.1461761470669,0.6298506499006034
CC-MAIN-2021-49-part-00031.jsonl,2021,31,280817,242169226,155860396,969099577,951.7041864395142,862.3738092779283,0.6436011650794969
CC-MAIN-2017-30-part-00003.jsonl,2017,3,288305,237633576,155454779,950967305,934.2001838684082,824.2436863738055,0.6541785113733255
CC-MAIN-2021-39-part-00018.jsonl,2021,18,273062,239303155,154256724,957621697,939.7950944900513,876.3693044070577,0.644607982707123
CC-MAIN-2022-27-part-00006.jsonl,2022,6,275283,242419050,156220012,970088840,952.3467063903809,880.6175826331448,0.6444213521998374
CC-MAIN-2019-04-part-00016.jsonl,2019,16,300730,232805700,150002686,931673448,916.3320474624634,774.1352708409537,0.6443256586930647
CC-MAIN-2023-50-part-00075.jsonl,2023,75,227959,241385357,152055356,965883844,945.0699405670166,1058.898122030716,0.6299278377519809
CC-MAIN-2018-09-part-00012.jsonl,2018,12,310527,238063492,154699683,952719269,936.6795539855957,766.6434545144223,0.6498253121482398
CC-MAIN-2018-34-part-00001.jsonl,2018,1,297944,237141967,152430240,949014390,932.3468437194824,795.9279831109202,0.6427805332322305
CC-MAIN-2014-15-part-00001.jsonl,2014,1,320298,236612257,153057814,946929860,931.9308776855469,738.7253651287239,0.6468718735902173
CC-MAIN-2019-13-part-00011.jsonl,2019,11,295117,240202642,154500741,961253136,945.1378211975098,813.9234337567813,0.6432099984978517
CC-MAIN-2021-49-part-00015.jsonl,2021,15,282205,242175456,155891924,969125024,951.7078771591187,858.1543771371875,0.6437147949460246
CC-MAIN-2021-31-part-00035.jsonl,2021,35,257593,238742999,154649079,955359315,935.9044733047485,926.8225417616162,0.6477638282494725
CC-MAIN-2020-29-part-00023.jsonl,2020,23,289029,241273152,155955413,965524919,947.9906368255615,834.7714312404638,0.6463852762200413
CC-MAIN-2021-31-part-00023.jsonl,2021,23,257359,238681977,154492383,955113962,935.913670539856,927.4281334633722,0.6472729317136501
CC-MAIN-2014-49-part-00000.jsonl,2014,0,275717,214689482,138076296,859172273,844.580286026001,778.6588494724664,0.6431442039624465
CC-MAIN-2017-22-part-00017.jsonl,2017,17,270903,232117670,150955290,928877378,911.6955814361572,856.8294555615847,0.6503395023739468
CC-MAIN-2013-48-part-00020.jsonl,2013,20,339032,240659732,156628703,963146881,948.2920093536377,709.8437079685693,0.650830538612916
CC-MAIN-2022-33-part-00000.jsonl,2022,0,275210,242266655,156072899,969478881,951.4173755645752,880.2974274190618,0.6442194820413895
CC-MAIN-2024-26-part-00059.jsonl,2024,59,219352,241370052,149722197,965809690,944.4786939620972,1100.3777125351035,0.6203014655687277
CC-MAIN-2023-40-part-00032.jsonl,2023,32,225179,242084386,153215895,968675252,947.5451183319092,1075.0753222991486,0.6329028382689662
CC-MAIN-2019-47-part-00017.jsonl,2019,17,274268,233664029,150931703,935067399,917.7823696136475,851.9551278311724,0.6459346936964782
CC-MAIN-2021-10-part-00018.jsonl,2021,18,249231,237397975,153601328,949965705,930.1768417358398,952.5218572328482,0.6470203800179846
CC-MAIN-2021-49-part-00022.jsonl,2021,22,280104,242133849,155706274,968955544,951.7055053710938,864.442667723417,0.6430586828031631
CC-MAIN-2021-10-part-00017.jsonl,2021,17,250418,237429180,153566396,950092571,930.2465353012085,948.1314442252553,0.6467882170169648
CC-MAIN-2023-14-part-00052.jsonl,2023,52,253898,241829141,156208262,967697186,948.6577081680298,952.4657185168847,0.6459447416223506
CC-MAIN-2018-47-part-00013.jsonl,2018,13,288513,233463337,149879154,934285383,917.3344736099243,809.1952078415877,0.6419815459075701
CC-MAIN-2015-22-part-00004.jsonl,2015,4,295340,229056048,147899407,916667422,901.3024606704712,775.5673054784316,0.6456909053106513
CC-MAIN-2024-10-part-00006.jsonl,2024,6,220765,242511437,151452087,970378074,948.9569244384766,1098.5049124634793,0.6245152347186
CC-MAIN-2018-09-part-00004.jsonl,2018,4,308758,238086940,154698864,952810793,936.6556196212769,771.1118092486672,0.6497578741614303
CC-MAIN-2019-30-part-00013.jsonl,2019,13,295468,242449477,156453889,970241483,953.6505603790283,820.5608627668647,0.6453051206210686
CC-MAIN-2024-10-part-00013.jsonl,2024,13,221036,242530106,151356453,970452138,948.9668169021606,1097.2425577733943,0.6240728439709666
CC-MAIN-2024-22-part-00092.jsonl,2024,92,218916,242078027,150295123,968640578,947.0863828659058,1105.803262438561,0.620854048021467
CC-MAIN-2021-43-part-00038.jsonl,2021,38,272038,237548017,153175411,950599052,933.0016784667969,873.2163043398349,0.6448187315324969
CC-MAIN-2016-07-part-00001.jsonl,2016,1,268972,218626401,141056391,874907821,859.5290832519531,812.8221562095683,0.6451937659624192
CC-MAIN-2018-22-part-00008.jsonl,2018,8,296046,232523272,150623050,930536805,914.2023468017578,785.4295345993528,0.6477762363502265
CC-MAIN-2021-49-part-00032.jsonl,2021,32,281564,242126859,155597716,968929540,951.704008102417,859.9354285348979,0.642628895623678
CC-MAIN-2016-50-part-00000.jsonl,2016,0,347935,234031904,150788332,936649827,923.6858892440796,672.6311063848133,0.6443067352047864
CC-MAIN-2024-18-part-00063.jsonl,2024,63,218192,242512542,150786166,970377535,948.8892917633057,1111.4639491823714,0.621766465175232
CC-MAIN-2023-06-part-00043.jsonl,2023,43,257712,239536138,155060397,958531475,939.8369064331055,929.4721937666853,0.6473361318032104
CC-MAIN-2019-30-part-00018.jsonl,2019,18,294100,242419828,156331210,970119584,953.652660369873,824.2768718123087,0.6448779841556525
CC-MAIN-2021-21-part-00026.jsonl,2021,26,252067,240542484,155460542,962547984,942.5897588729858,954.2799493785383,0.6462914135367456
CC-MAIN-2024-10-part-00066.jsonl,2024,66,220436,242520486,151552985,970412699,948.9594316482544,1100.1854778711281,0.6249079716919255
CC-MAIN-2024-10-part-00068.jsonl,2024,68,219566,242547803,151593594,970520390,948.9537935256958,1104.6692247433573,0.6250050180829715
CC-MAIN-2019-09-part-00004.jsonl,2019,4,298371,239667137,153533214,959117381,943.6376075744629,803.2521156546716,0.6406102059791368
CC-MAIN-2018-47-part-00016.jsonl,2018,16,292586,233410318,149783931,934080196,917.3468751907349,797.7494411899407,0.6417194076227598
CC-MAIN-2018-17-part-00012.jsonl,2018,12,304841,240218023,155385643,961327824,944.9894618988037,788.0108745214718,0.6468525594351427
CC-MAIN-2018-09-part-00015.jsonl,2018,15,308549,238089892,154609145,952821843,936.6271295547485,771.6437000281965,0.6493729897613629
CC-MAIN-2018-26-part-00001.jsonl,2018,1,297861,239921358,155148640,960132354,942.5809898376465,805.4809390957527,0.6466645624771764
CC-MAIN-2019-04-part-00021.jsonl,2019,21,298297,232765454,149922325,931509344,916.3313207626343,780.3144315899925,0.6440918204296759
CC-MAIN-2020-24-part-00015.jsonl,2020,15,296828,241871493,156076144,967930304,950.7072458267212,814.8540333122212,0.6452854036833519
CC-MAIN-2020-16-part-00025.jsonl,2020,25,284618,234977057,151884670,940335361,923.6836919784546,825.5874786556016,0.6463808507057777
CC-MAIN-2022-05-part-00008.jsonl,2022,8,273532,238227729,153818680,953322781,935.6485080718994,870.9318434406212,0.6456791602122858
CC-MAIN-2013-48-part-00010.jsonl,2013,10,342271,240590168,156545784,962872223,948.293529510498,702.9230288280339,0.6506740707708388
CC-MAIN-2021-43-part-00022.jsonl,2021,22,273601,237542644,152989614,950581845,933.0043573379517,868.2082448529062,0.6440511540319472
CC-MAIN-2019-51-part-00002.jsonl,2019,2,275693,231693573,149576141,927186763,910.7824802398682,840.4042648888437,0.6455774282526171
CC-MAIN-2019-51-part-00003.jsonl,2019,3,274402,231734009,149375178,927347812,910.8405752182007,844.5055393182265,0.6445975653060056
CC-MAIN-2020-29-part-00028.jsonl,2020,28,288831,241234993,155952639,965372610,947.9884996414185,835.2115700876983,0.6464760234847023
CC-MAIN-2019-09-part-00016.jsonl,2019,16,298875,239657640,153354581,959078060,943.6452836990356,801.8657967377666,0.6398902242382092
CC-MAIN-2019-04-part-00012.jsonl,2019,12,301448,232786518,149872355,931597948,916.3307733535767,772.2277739444282,0.6438188787204593
CC-MAIN-2021-25-part-00017.jsonl,2021,17,262085,242010144,156419476,968433070,949.0246496200562,923.4032623003988,0.6463343784465497
CC-MAIN-2020-45-part-00005.jsonl,2020,5,292545,237197357,152900053,949228406,932.7288465499878,810.8063955972585,0.6446111159661868
CC-MAIN-2024-10-part-00073.jsonl,2024,73,220460,242519269,151532248,970408168,948.9508647918701,1100.0601877891681,0.624825600971113
CC-MAIN-2020-34-part-00001.jsonl,2020,1,289913,240242944,154638547,961407000,944.2814645767212,828.6725465915637,0.6436757077036153
CC-MAIN-2021-43-part-00017.jsonl,2021,17,275430,237527901,153108092,950524158,933.0015964508057,862.3893584576844,0.6445899254589043
CC-MAIN-2018-26-part-00023.jsonl,2018,23,294808,239895366,155094220,960023961,942.1619033813477,813.7342473745624,0.6465077778951345
CC-MAIN-2024-10-part-00077.jsonl,2024,77,220282,242536685,151380773,970477588,948.9570055007935,1101.0281593593666,0.6241561889905438
CC-MAIN-2022-05-part-00017.jsonl,2022,17,275110,238208443,153789384,953245664,935.6410388946533,865.8661735305877,0.6456084514183236
CC-MAIN-2024-22-part-00021.jsonl,2024,21,219192,242069494,150356077,968606485,947.0917224884033,1104.371938756889,0.6211277369795304
CC-MAIN-2017-39-part-00008.jsonl,2017,8,302038,237344563,154549032,949830922,933.7739191055298,785.810272217403,0.6511589313297225
CC-MAIN-2017-51-part-00002.jsonl,2017,2,311979,239283195,156233391,957600516,941.484335899353,766.9849412941255,0.6529225380829606
CC-MAIN-2021-04-part-00001.jsonl,2021,1,287742,238699049,154043564,955228809,938.0581007003784,829.5592892243747,0.6453463666711131
CC-MAIN-2021-04-part-00024.jsonl,2021,24,289008,238649803,153968846,955033495,938.0780305862427,825.7550067818191,0.645166449184121
CC-MAIN-2018-43-part-00020.jsonl,2018,20,276991,234657336,149840010,939044380,920.9248571395874,847.1659223584882,0.6385481594319301
CC-MAIN-2020-10-part-00005.jsonl,2020,5,296990,242298966,156211064,969641274,952.9914484024048,815.8489040035018,0.644703799520135
CC-MAIN-2019-47-part-00002.jsonl,2019,2,275251,233664411,150890163,935070736,917.7410135269165,848.9139403671558,0.6457558613836148
CC-MAIN-2024-26-part-00080.jsonl,2024,80,217644,241329223,149724073,965642748,944.3394842147827,1108.8255270074067,0.620414184153736
CC-MAIN-2020-50-part-00007.jsonl,2020,7,295150,239743136,154601019,959415502,942.6952047348022,812.2755751312892,0.6448610858247887
CC-MAIN-2018-09-part-00011.jsonl,2018,11,308145,238080103,154712650,952782688,936.6660795211792,772.6236122604618,0.6498344382856723
CC-MAIN-2024-18-part-00025.jsonl,2024,25,218695,242545348,150992677,970509436,948.9363842010498,1109.0575824778803,0.6225337993289404
CC-MAIN-2023-06-part-00020.jsonl,2023,20,259595,239460859,154864679,958232442,939.6252841949463,922.4401818216837,0.6467223062955771
CC-MAIN-2015-18-part-00001.jsonl,2015,1,312833,239797441,154609641,959658471,943.6238689422607,766.5349915130437,0.6447510046614717
CC-MAIN-2016-22-part-00005.jsonl,2016,5,262887,211370388,135313131,845875446,830.7696981430054,804.035148181538,0.6401707083018648
CC-MAIN-2018-09-part-00008.jsonl,2018,8,308512,238078987,154653811,952778272,936.6599807739258,771.7008965615601,0.6495903437290751
CC-MAIN-2024-10-part-00047.jsonl,2024,47,221487,242518351,151440993,970405901,948.9392499923706,1094.955238907927,0.6244516853077233
CC-MAIN-2022-05-part-00012.jsonl,2022,12,274787,238216061,153686814,953276919,935.6284732818604,866.9116843227664,0.6451572297637815
CC-MAIN-2018-30-part-00010.jsonl,2018,10,293465,235257951,152810779,941471568,925.0162811279297,801.6559078595403,0.6495456512753527
CC-MAIN-2017-13-part-00002.jsonl,2017,2,290977,236690322,153410228,947198106,930.8975887298584,813.4330960866323,0.6481474472792343
CC-MAIN-2020-45-part-00016.jsonl,2020,16,295178,237207055,153014153,949272094,932.7934417724609,803.6068236792715,0.6450657759736531
CC-MAIN-2024-18-part-00059.jsonl,2024,59,219100,242523941,150883435,970424852,948.9258089065552,1106.9098174349613,0.6221383108729872
CC-MAIN-2015-35-part-00004.jsonl,2015,4,294837,218998493,140877220,876437226,862.4608135223389,742.7781893045989,0.6432794037537053
CC-MAIN-2013-20-part-00014.jsonl,2013,14,316331,237048387,154539967,948668446,933.1205701828003,749.3681839592073,0.6519342694367289
CC-MAIN-2024-30-part-00010.jsonl,2024,10,220679,242085853,149773203,968674075,947.2557249069214,1097.004486154097,0.6186780480724745
CC-MAIN-2023-23-part-00008.jsonl,2023,8,243015,242252865,155877200,969376594,949.4183645248413,996.8638355657058,0.643448324130243
CC-MAIN-2020-05-part-00000.jsonl,2020,0,278262,235091307,152134653,940782027,923.9636297225952,844.8559523039438,0.6471300659364662
CC-MAIN-2019-09-part-00002.jsonl,2019,2,298588,239618900,153536460,958923029,943.6468162536621,802.50679866572,0.6407527119104545
CC-MAIN-2018-09-part-00000.jsonl,2018,0,308149,238081327,154540287,952786567,936.6628408432007,772.6175551437778,0.6491071305226722
CC-MAIN-2022-33-part-00006.jsonl,2022,6,273358,242126615,155833082,968916377,951.4049081802368,885.7491458087928,0.6436016214078737
CC-MAIN-2024-30-part-00055.jsonl,2024,55,223630,242039248,149686254,968492410,947.2513732910156,1082.3201180521396,0.6184379402798342
CC-MAIN-2023-50-part-00060.jsonl,2023,60,225629,241354318,152146377,965756043,945.0650081634521,1069.6954646787426,0.6303859746979956
CC-MAIN-2023-14-part-00033.jsonl,2023,33,253782,241863697,156347874,967835642,948.6499147415161,953.0372406238425,0.6464296872134556
CC-MAIN-2020-16-part-00009.jsonl,2020,9,283952,235030892,151853726,940550213,923.6933860778809,827.7134586127232,0.6461011346542479
CC-MAIN-2022-05-part-00001.jsonl,2022,1,276864,238203331,153672135,953227657,935.638500213623,860.3622392221451,0.645130084264019
CC-MAIN-2023-23-part-00013.jsonl,2023,13,243563,242262422,155983074,969415143,949.4357004165649,994.6601987986681,0.6438599627308275
CC-MAIN-2019-51-part-00019.jsonl,2019,19,275286,231775424,149477895,927514767,910.7749214172363,841.9441017705223,0.6449255594933136
CC-MAIN-2022-21-part-00003.jsonl,2022,3,272052,241748317,156272561,967401312,949.1479110717773,888.6106957493421,0.6464266760541708
CC-MAIN-2021-25-part-00005.jsonl,2021,5,262672,242034268,156412035,968532006,949.0674896240234,921.4315496132058,0.6462392135315318
CC-MAIN-2021-17-part-00016.jsonl,2021,16,240651,242367570,156874022,969831270,948.5973920822144,1007.1330266651707,0.6472566523648358
CC-MAIN-2020-45-part-00025.jsonl,2020,25,294959,237154723,152451298,949060511,932.7965478897095,804.0260612491905,0.6428347539171716
CC-MAIN-2018-30-part-00015.jsonl,2018,15,293221,235324609,152938491,941738534,925.0322198867798,802.5503255223875,0.6499043667804416
CC-MAIN-2017-13-part-00000.jsonl,2017,0,288674,236726884,153464468,947340545,930.8827819824219,820.0492042927316,0.6482764669854735
CC-MAIN-2013-48-part-00017.jsonl,2013,17,340889,240602898,156617594,962923370,948.2858982086182,705.8100965416895,0.6509381029982441
CC-MAIN-2022-27-part-00002.jsonl,2022,2,275961,242414755,156349067,970072684,952.3482656478882,878.4384568834001,0.6449651424889545
CC-MAIN-2023-23-part-00046.jsonl,2023,46,241986,242307273,155825382,969591933,949.4391622543335,1001.3276511864323,0.6430899909471558
CC-MAIN-2019-35-part-00011.jsonl,2019,11,281500,238302963,153961909,953634853,936.4452991485596,846.5469378330373,0.6460763519755313
CC-MAIN-2019-13-part-00019.jsonl,2019,19,295656,240233495,154676401,961376638,945.12340259552,812.5439531076656,0.6438585968205641
CC-MAIN-2020-10-part-00014.jsonl,2020,14,301396,242266639,156200027,969519093,952.9946537017822,803.8150439952753,0.6447442687311149
CC-MAIN-2017-22-part-00007.jsonl,2017,7,274884,232089163,151140088,928768975,911.6693744659424,844.3167408797893,0.6512156192316485
CC-MAIN-2023-14-part-00034.jsonl,2023,34,253154,241919972,156515128,968060039,948.8763952255249,955.6237389099125,0.6469706767327172
CC-MAIN-2022-33-part-00033.jsonl,2022,33,276685,242176713,156122870,969120915,951.4243412017822,875.2795164175868,0.6446650797510824
CC-MAIN-2018-17-part-00006.jsonl,2018,6,305132,240180882,155254406,961180223,945.014139175415,787.1376387923915,0.6464061781570108
CC-MAIN-2014-42-part-00001.jsonl,2014,1,311124,231056599,148637809,924693287,909.7155323028564,742.6511583805814,0.6432960999309091
CC-MAIN-2018-30-part-00018.jsonl,2018,18,296551,235264822,152785610,941504513,925.0014972686768,793.3368021014935,0.6494196994738125
CC-MAIN-2014-23-part-00000.jsonl,2014,0,336354,233459355,150786374,934342504,920.2673835754395,694.0882373927469,0.6458784827877212
CC-MAIN-2024-26-part-00018.jsonl,2024,18,217747,241406213,149706807,965952182,944.5141820907593,1108.654599144879,0.6201447971846524
CC-MAIN-2018-26-part-00020.jsonl,2018,20,296861,239941955,155079826,960213691,942.5996656417847,808.2636486436413,0.6463222573976277
CC-MAIN-2020-40-part-00026.jsonl,2020,26,300264,236970369,152646208,948332579,932.3443937301636,789.2067280792902,0.6441573629823736
CC-MAIN-2021-43-part-00004.jsonl,2021,4,273476,237565969,153216452,950674249,933.0014476776123,868.6903750237681,0.6449427611410118
CC-MAIN-2018-17-part-00019.jsonl,2018,19,305082,240257382,155426312,961487196,944.9641675949097,787.5173953232246,0.6469158645872534
CC-MAIN-2016-26-part-00000.jsonl,2016,0,266848,208761558,134678531,835447505,821.5597982406616,782.323862273654,0.645130896177734
CC-MAIN-2023-40-part-00077.jsonl,2023,77,224327,242073097,152934604,968629450,947.5448999404907,1079.108163529134,0.6317703449714612
CC-MAIN-2020-05-part-00012.jsonl,2020,12,278614,235085220,152057700,940757391,923.958794593811,843.7667166761182,0.6468194810375574
CC-MAIN-2024-22-part-00010.jsonl,2024,10,217460,242105979,150471893,968749774,947.0862846374512,1113.3356893221742,0.6215125030018362
CC-MAIN-2018-09-part-00005.jsonl,2018,5,306425,238090980,154737906,952823496,936.6608991622925,776.995937015583,0.6499108282052516
CC-MAIN-2015-11-part-00001.jsonl,2015,1,282036,220880583,142597247,883945300,868.7232608795166,783.1645002765605,0.6455852527336003
CC-MAIN-2023-06-part-00047.jsonl,2023,47,257776,239457105,155126446,958215453,939.6115589141846,928.9348310160759,0.6478256136939432
CC-MAIN-2022-33-part-00024.jsonl,2022,24,275559,242224221,156054010,969310680,951.3725233078003,879.0285238370004,0.6442543580313548
CC-MAIN-2022-21-part-00026.jsonl,2022,26,271872,241711408,156275286,967253560,949.1489763259888,889.0632650659134,0.6465366582945891
CC-MAIN-2023-14-part-00026.jsonl,2023,26,256034,241786915,156251870,967531342,948.654634475708,944.3547146082161,0.6462379074566545
CC-MAIN-2019-43-part-00023.jsonl,2019,23,294429,236962708,152249614,948292488,932.245813369751,804.8212234528528,0.6425045328229453
CC-MAIN-2013-20-part-00006.jsonl,2013,6,315938,237063771,154509707,948729407,933.1087446212769,750.3490273408074,0.651764317880525
CC-MAIN-2019-18-part-00005.jsonl,2019,5,291958,232620660,149897321,930920878,915.7000427246094,796.7606984566273,0.6443852450594887
CC-MAIN-2023-06-part-00036.jsonl,2023,36,257965,239435236,155064385,958128239,939.6213388442993,928.1694648498827,0.6476255859016506
CC-MAIN-2020-34-part-00023.jsonl,2020,23,293615,240215833,154699528,961303832,944.2826595306396,818.1320198218756,0.644002212793359
CC-MAIN-2020-16-part-00006.jsonl,2020,6,285483,234949745,151883760,940227464,923.6932458877563,822.9903181625526,0.646452116813321
CC-MAIN-2023-14-part-00046.jsonl,2023,46,254715,241779172,156212200,967499183,948.6575307846069,949.2145024831675,0.646094527943871
CC-MAIN-2024-22-part-00034.jsonl,2024,34,218026,242113342,150362830,968779572,947.0873584747314,1110.4792180749084,0.6210431393739548
CC-MAIN-2018-05-part-00015.jsonl,2018,15,304179,239858057,155892482,959889208,943.5453577041626,788.5424601961345,0.6499363996765803
CC-MAIN-2022-21-part-00041.jsonl,2022,41,271592,241768883,156162108,967482393,949.1403541564941,890.1914747120682,0.6459148342923849
CC-MAIN-2022-21-part-00014.jsonl,2022,14,271775,241770023,156267941,967488143,949.1477670669556,889.5962579339528,0.6463495310996434
CC-MAIN-2024-18-part-00016.jsonl,2024,16,217396,242552060,150880491,970533988,948.9262084960938,1115.7153765478665,0.6220540489328353
CC-MAIN-2018-30-part-00004.jsonl,2018,4,296136,235276993,152929837,941551648,925.0142240524292,794.489670286625,0.6499991140230188
CC-MAIN-2024-22-part-00035.jsonl,2024,35,218348,242112715,150264525,968779740,947.0833978652954,1108.8387115979995,0.6206387177972045
CC-MAIN-2024-18-part-00072.jsonl,2024,72,219010,242514870,150974239,970388337,948.9207429885864,1107.3232729099127,0.622536007792017
CC-MAIN-2017-13-part-00008.jsonl,2017,8,290226,236713638,153537014,947289555,930.9153003692627,815.6183043559157,0.6486192147492575
CC-MAIN-2024-26-part-00028.jsonl,2024,28,218951,241358738,149753527,965762704,944.5106573104858,1102.3413366460989,0.6204603497719647
CC-MAIN-2022-21-part-00001.jsonl,2022,1,269960,241778705,156222362,967519534,949.1541223526001,895.6093680545266,0.6461378060569892
CC-MAIN-2013-20-part-00004.jsonl,2013,4,314667,237054771,154454356,948690446,933.1201810836792,753.3512284414953,0.6515555681433638
CC-MAIN-2024-22-part-00029.jsonl,2024,29,217632,242109212,150524851,968763447,947.1164312362671,1112.4706476988679,0.6217229396459314
CC-MAIN-2021-49-part-00009.jsonl,2021,9,280762,242114259,155802089,968877060,951.7075824737549,862.3469664698214,0.6435064570071439
CC-MAIN-2024-30-part-00076.jsonl,2024,76,220742,242096032,149659325,968715272,947.2500638961792,1096.737512571237,0.6181816519818053
CC-MAIN-2021-04-part-00017.jsonl,2021,17,291184,238616639,154083414,954902490,938.061505317688,819.4702971317105,0.6457362514438904
CC-MAIN-2013-20-part-00010.jsonl,2013,10,318504,237006746,154535789,948504667,933.1238965988159,744.1248649938462,0.6520311831123997
CC-MAIN-2017-39-part-00001.jsonl,2017,1,303749,237309363,154621501,949693230,933.7773361206055,781.2679646681964,0.6515608952184495
CC-MAIN-2020-29-part-00006.jsonl,2020,6,288962,241248471,155723338,965427115,948.0203828811646,834.8795724005232,0.6454894298583969
CC-MAIN-2023-40-part-00027.jsonl,2023,27,227331,242059263,153185826,968578533,947.6053524017334,1064.7877456220226,0.6328443047436694
CC-MAIN-2020-34-part-00015.jsonl,2020,15,292760,240194136,154806080,961215945,944.2654218673706,820.4472468916518,0.6445039940525442
CC-MAIN-2014-35-part-00009.jsonl,2014,9,332967,234839338,151764031,939857105,925.4646844863892,705.2931311511351,0.6462462051396176
CC-MAIN-2024-18-part-00066.jsonl,2024,66,218664,242521026,150944309,970411700,948.9262962341309,1109.1035835802875,0.6223967937526373
CC-MAIN-2021-49-part-00028.jsonl,2021,28,280859,242108967,155948884,968857314,951.6995029449463,862.0302963408685,0.6441268406221402
CC-MAIN-2021-25-part-00002.jsonl,2021,2,261127,242022862,156364364,968483218,949.0249109268188,926.8396680542418,0.6460727003550598
CC-MAIN-2019-47-part-00020.jsonl,2019,20,274609,233650223,150766993,935013386,917.7675151824951,850.8469241721866,0.645267918276286
CC-MAIN-2022-33-part-00018.jsonl,2022,18,275677,242204614,156064518,969231915,951.3435573577881,878.5811438748971,0.6443498966539093
CC-MAIN-2019-22-part-00003.jsonl,2019,3,294509,236324368,152456784,945740358,929.7595252990723,802.4351310146719,0.6451166474715803
CC-MAIN-2017-13-part-00012.jsonl,2017,12,288919,236769704,153593897,947512697,930.8811540603638,819.5020195971881,0.6487058707477203
CC-MAIN-2023-06-part-00007.jsonl,2023,7,260491,239425151,154922030,958091964,939.615122795105,919.1302233090587,0.6470582950577318
CC-MAIN-2017-22-part-00015.jsonl,2017,15,272274,232055609,150848288,928630629,911.4612226486206,852.2870674394177,0.6500523243116265
CC-MAIN-2015-35-part-00001.jsonl,2015,1,294595,219050484,140986513,876643943,862.4788131713867,743.5648398648992,0.6436256630229586
CC-MAIN-2022-05-part-00036.jsonl,2022,36,272732,238215183,153689052,953270606,935.6341590881348,873.440531364123,0.6451690025148397
CC-MAIN-2020-05-part-00003.jsonl,2020,3,277501,235063142,151937401,940667875,923.959150314331,847.0713330762773,0.646368459586063
CC-MAIN-2024-10-part-00020.jsonl,2024,20,220807,242538296,151478819,970484298,948.9564208984375,1098.4176045143497,0.6245562927513929
CC-MAIN-2021-21-part-00008.jsonl,2021,8,249800,240542699,155282084,962545038,942.5945796966553,962.9411489191353,0.6455489384859692
CC-MAIN-2024-22-part-00075.jsonl,2024,75,218746,242133110,150389512,968860670,947.0943174362183,1106.9144578643725,0.6211026323496196
CC-MAIN-2019-30-part-00010.jsonl,2019,10,296527,242477560,156373296,970355406,953.6479034423828,817.7250638221815,0.6448980103560923
CC-MAIN-2022-49-part-00014.jsonl,2022,14,260585,240281510,155309295,961515982,943.2533569335938,922.0849626801236,0.6463639045717666
CC-MAIN-2016-44-part-00008.jsonl,2016,8,350932,237622596,153693395,951015733,937.1354579925537,677.118632669577,0.6467962120908737
CC-MAIN-2024-26-part-00036.jsonl,2024,36,219294,241327655,149652417,965639436,944.4824333190918,1100.4754120039763,0.6201212911135278
CC-MAIN-2014-52-part-00005.jsonl,2014,5,325949,239456608,154152809,958315345,943.0606575012207,734.6444014247628,0.643760931416852
CC-MAIN-2024-26-part-00007.jsonl,2024,7,218493,241410129,149776050,965968432,944.520357131958,1104.8872458156554,0.6204215648300324
CC-MAIN-2021-25-part-00010.jsonl,2021,10,261939,242022751,156417410,968484397,949.0222749710083,923.9660798888291,0.6462921744080167
CC-MAIN-2020-34-part-00018.jsonl,2020,18,291705,240197771,154624198,961229653,944.2797403335571,823.426993023774,0.6437370228552204
CC-MAIN-2018-22-part-00020.jsonl,2018,20,296862,232528149,150831176,930558161,914.1944570541382,783.2870121470582,0.6486577072438657
CC-MAIN-2019-13-part-00018.jsonl,2019,18,295315,240156570,154334416,961068744,945.1171398162842,813.2217124087838,0.6426408238592015
CC-MAIN-2019-43-part-00009.jsonl,2019,9,292954,236988023,152488231,948391029,932.2155532836914,808.9598469384272,0.643442774321131
CC-MAIN-2023-50-part-00048.jsonl,2023,48,224089,241460787,152172616,966178693,945.0700416564941,1077.5218194556628,0.6302166819327065
CC-MAIN-2023-50-part-00047.jsonl,2023,47,226153,241375490,152041822,965840946,945.025333404541,1067.3105817742855,0.6298975177637133
CC-MAIN-2021-43-part-00021.jsonl,2021,21,275067,237534225,153070609,950550380,933.0042114257812,863.5504258962362,0.6444149637804826
CC-MAIN-2019-26-part-00007.jsonl,2019,7,282132,232480376,150139020,930345119,913.9881505966187,824.0127883402096,0.6458137352634014
CC-MAIN-2014-23-part-00012.jsonl,2014,12,338973,233407140,150749495,934135340,920.3115196228027,688.5714791443567,0.645864967969703
CC-MAIN-2023-40-part-00074.jsonl,2023,74,225328,242091131,153126707,968701748,947.566445350647,1074.394354008379,0.6325167979821615
CC-MAIN-2013-48-part-00021.jsonl,2013,21,339171,240634384,156518494,963047463,948.292028427124,709.4780626881426,0.6504411023821101
CC-MAIN-2024-10-part-00018.jsonl,2024,18,220950,242515162,151469439,970392412,948.957426071167,1097.602000452591,0.6245771924148809
CC-MAIN-2022-27-part-00027.jsonl,2022,27,274601,242410204,156369482,970053436,952.3467617034912,882.7724735161197,0.6450614677920077
CC-MAIN-2024-10-part-00062.jsonl,2024,62,220626,242536609,151513132,970477528,948.9581480026245,1099.3110920743702,0.6247021124963448
CC-MAIN-2015-40-part-00004.jsonl,2015,4,294280,223046704,143332195,892629035,877.8556318283081,757.9404104934076,0.6426106839041208
CC-MAIN-2023-06-part-00021.jsonl,2023,21,259148,239450221,154994322,958190472,939.5962629318237,923.9902333801534,0.6472924574999661
CC-MAIN-2015-22-part-00003.jsonl,2015,3,294610,229062476,148122314,916691678,901.2149696350098,777.5108652116357,0.6466459133184258
CC-MAIN-2018-22-part-00014.jsonl,2018,14,293553,232603289,150755475,930854049,914.195408821106,792.3723790933835,0.6481227142063326
CC-MAIN-2022-33-part-00010.jsonl,2022,10,274830,242208635,156107354,969246420,951.4160404205322,881.3034785139905,0.6445160553421228
CC-MAIN-2024-10-part-00063.jsonl,2024,63,221878,242524936,151538233,970432986,948.9720687866211,1093.0553547444993,0.6248356787526377
CC-MAIN-2024-18-part-00012.jsonl,2024,12,219474,242552040,150958771,970536201,948.8881311416626,1105.1515897099428,0.6223768350907294
CC-MAIN-2024-26-part-00091.jsonl,2024,91,218777,241387426,149617399,965878151,944.5168380737305,1103.3491911855451,0.6198226704650308
CC-MAIN-2023-50-part-00042.jsonl,2023,42,226133,241391820,152051287,965907364,945.0797491073608,1067.4771926255787,0.6298941157161001
CC-MAIN-2021-17-part-00026.jsonl,2021,26,241906,242406299,157046223,969987898,948.578122138977,1002.0681545724373,0.6478636225538017
CC-MAIN-2019-51-part-00001.jsonl,2019,1,277183,231673789,149552110,927110439,910.7771596908569,835.8152880948687,0.6455288301949428
CC-MAIN-2016-44-part-00007.jsonl,2016,7,352257,237628787,153686522,951042995,937.1507043838501,674.5892544363916,0.6467504376900262
CC-MAIN-2024-10-part-00023.jsonl,2024,23,218027,242549320,151489456,970524581,948.9618492126465,1112.4737761836836,0.6245717613226044
CC-MAIN-2023-23-part-00041.jsonl,2023,41,242546,242254410,155896556,969381592,949.4394683837891,998.7977950574324,0.6435241199530691
CC-MAIN-2022-05-part-00007.jsonl,2022,7,276427,238151667,153631120,953021675,935.6393098831177,861.5354759122662,0.6450978149147283
CC-MAIN-2017-43-part-00019.jsonl,2017,19,297371,236269031,154080177,945521944,929.1010694503784,794.5261340211385,0.6521386926922301
CC-MAIN-2013-48-part-00018.jsonl,2013,18,338898,240664127,156578906,963164891,948.301513671875,710.1373481106409,0.6506117382421519
CC-MAIN-2020-16-part-00010.jsonl,2020,10,285410,234965055,151823087,940288231,923.6761465072632,823.2544584983007,0.6461517735052134
CC-MAIN-2014-35-part-00008.jsonl,2014,8,333506,234846775,151672209,939887012,925.4614019393921,704.1755620588535,0.6458347533194781
CC-MAIN-2017-43-part-00015.jsonl,2017,15,297645,236204875,154193220,945265972,929.1215677261353,793.5791798955131,0.6527944014703337
CC-MAIN-2016-36-part-00001.jsonl,2016,1,285394,236879245,153373945,947945039,930.8417444229126,830.0077962395845,0.6474773465273413
CC-MAIN-2024-30-part-00043.jsonl,2024,43,219907,242073616,149673522,968623814,947.2688903808594,1100.7999563451822,0.6182975430085698
CC-MAIN-2022-40-part-00020.jsonl,2022,20,261421,241798720,156570191,967587101,948.8184604644775,924.9399244896164,0.6475228280778327
CC-MAIN-2015-18-part-00002.jsonl,2015,2,312905,239767374,154573644,959538418,943.6186590194702,766.2625205733369,0.6446817238779118
CC-MAIN-2019-04-part-00013.jsonl,2019,13,301391,232769911,149888884,931531476,916.3315124511719,772.31871887349,0.6439358221003058
CC-MAIN-2018-05-part-00014.jsonl,2018,14,308847,239774149,156143526,959560331,943.5699300765991,776.352527303163,0.6512108442516045
CC-MAIN-2024-22-part-00076.jsonl,2024,76,217500,242113832,150316943,968781039,947.1121187210083,1113.167043678161,0.6208523559281818
CC-MAIN-2021-49-part-00029.jsonl,2021,29,280358,242169086,155747199,969097589,951.7101144790649,863.7851818032658,0.6431341075466586
CC-MAIN-2021-21-part-00024.jsonl,2021,24,251520,240552351,155509450,962587203,942.5802087783813,956.3945252862595,0.6464682193025002
CC-MAIN-2022-33-part-00022.jsonl,2022,22,276701,242202030,156112904,969223190,951.4086790084839,875.3203999985544,0.6445565464500855
CC-MAIN-2017-47-part-00014.jsonl,2017,14,297471,235865228,153621631,943907220,927.8623914718628,792.9015870454599,0.6513110571771097
CC-MAIN-2018-34-part-00007.jsonl,2018,7,299108,237178751,152367482,949163885,932.3287858963013,792.953551894299,0.6424162424229986
CC-MAIN-2018-13-part-00002.jsonl,2018,2,309847,241892992,156935579,968036767,951.3821020126343,780.6852801543988,0.6487810072645677
CC-MAIN-2021-31-part-00003.jsonl,2021,3,257886,238739595,154601061,955344937,935.928466796875,925.7563225611317,0.6475719329254956
CC-MAIN-2024-22-part-00084.jsonl,2024,84,218429,242100977,150403302,968732389,947.0912685394287,1108.3737827852528,0.621242028279795
CC-MAIN-2018-39-part-00000.jsonl,2018,0,302101,235250436,151488272,941455097,925.4068965911865,778.7145226265388,0.6439447024021668
CC-MAIN-2018-34-part-00004.jsonl,2018,4,297347,237243552,152543383,949419128,932.3731298446655,797.8676495811292,0.6429822084268912
CC-MAIN-2014-23-part-00003.jsonl,2014,3,335894,233444423,150776720,934280828,920.2736015319824,694.9943226136817,0.6458784410540405
CC-MAIN-2021-21-part-00014.jsonl,2021,14,251914,240493488,155361759,962351680,942.5767087936401,954.6650364807037,0.6460123319430587
CC-MAIN-2018-39-part-00010.jsonl,2018,10,297011,235286330,151498882,941590246,925.3963804244995,792.1805253004097,0.6438915597008972
CC-MAIN-2020-40-part-00004.jsonl,2020,4,302935,236949281,152701197,948251430,932.3978023529053,782.178622476769,0.64444676242761
CC-MAIN-2022-40-part-00009.jsonl,2022,9,262346,241801650,156511418,967601387,948.7749681472778,921.6898675794562,0.6472719189467897
CC-MAIN-2024-26-part-00082.jsonl,2024,82,218129,241360700,149765038,965770164,944.477047920227,1106.5044079420893,0.6205029982097334
CC-MAIN-2019-30-part-00002.jsonl,2019,2,295145,242491752,156353192,970410191,953.6225728988647,821.6021006623863,0.6447773613347476
CC-MAIN-2024-18-part-00026.jsonl,2024,26,219391,242536646,150827944,970475987,948.9273128509521,1105.4995236814636,0.6218769265903017
CC-MAIN-2023-40-part-00011.jsonl,2023,11,226376,242062355,153197779,968588318,947.5468549728394,1069.293365904513,0.6328856009022964
CC-MAIN-2019-43-part-00008.jsonl,2019,8,292519,236970544,152577594,948322166,932.2203950881958,810.1030839022422,0.6438673407442572
CC-MAIN-2020-40-part-00014.jsonl,2020,14,302434,236973965,152644367,948349205,932.3934488296509,783.5559659297566,0.6441398193257222
CC-MAIN-2023-06-part-00005.jsonl,2023,5,258263,239446508,155035335,958172722,939.6066217422485,927.142130309026,0.6474737773164769
CC-MAIN-2018-30-part-00017.jsonl,2018,17,294241,235302488,152959661,941651478,925.0215406417847,799.6930679273113,0.6500554341779845
CC-MAIN-2019-22-part-00013.jsonl,2019,13,292620,236390598,152514715,946001715,929.7631978988647,807.8415624359237,0.6451809686610294
CC-MAIN-2024-10-part-00027.jsonl,2024,27,221394,242506442,151449687,970357334,948.9526882171631,1095.3614009413081,0.6245182014587473
CC-MAIN-2015-18-part-00008.jsonl,2015,8,312202,239738297,154570693,959421234,943.572301864624,767.8948148954844,0.6447476057611271
CC-MAIN-2020-05-part-00018.jsonl,2020,18,278853,235068157,152108273,940691494,923.9604730606079,842.9823491230146,0.6470815738773159
CC-MAIN-2022-27-part-00003.jsonl,2022,3,272922,242530359,156548000,970531176,952.3508644104004,888.6434915470354,0.6454779543702404
CC-MAIN-2024-30-part-00031.jsonl,2024,31,220315,242085499,149793805,968671598,947.2535982131958,1098.815328053015,0.6187640549259004
CC-MAIN-2024-18-part-00023.jsonl,2024,23,221036,242519378,150906288,970409466,948.9417171478271,1097.194022693136,0.6222442480452016
CC-MAIN-2023-40-part-00039.jsonl,2023,39,226234,242068907,153167021,968613974,947.5425157546997,1069.993489042319,0.6327414078008787
CC-MAIN-2024-22-part-00005.jsonl,2024,5,217943,242082650,150350287,968657291,947.0802803039551,1110.7612999729288,0.6210700642941573
CC-MAIN-2021-25-part-00028.jsonl,2021,28,264044,241959912,156298417,968236466,949.0269775390625,916.3620911666237,0.6459682337791559
CC-MAIN-2021-21-part-00013.jsonl,2021,13,251264,240528872,155568798,962492232,942.5592212677002,957.2755030565461,0.6467780633004424
CC-MAIN-2020-24-part-00023.jsonl,2020,23,299715,241811878,156026619,967697143,950.6958990097046,806.8060590894684,0.6452396809059975
CC-MAIN-2017-17-part-00019.jsonl,2017,19,279667,231263994,150478771,925475741,909.3167171478271,826.92628733458,0.6506796341154603
CC-MAIN-2024-10-part-00079.jsonl,2024,79,218628,242547910,151566240,970519449,948.9552736282349,1109.4091790621512,0.6248919646431915
CC-MAIN-2017-22-part-00006.jsonl,2017,6,274333,232103379,150823500,928823721,911.6656484603882,846.0643779640072,0.6498117375533771
CC-MAIN-2018-51-part-00001.jsonl,2018,1,293562,232706971,149537746,931267454,916.3239030838013,792.7012726442796,0.6426010589944897
CC-MAIN-2024-22-part-00024.jsonl,2024,24,218937,242084626,150216566,968666691,947.0913677215576,1105.7273370878381,0.6205126218961133
CC-MAIN-2018-09-part-00001.jsonl,2018,1,306338,238117437,154653768,952928891,936.6643304824829,777.3029692692386,0.6494852705810032
CC-MAIN-2021-49-part-00024.jsonl,2021,24,281500,242083600,155698117,968756895,951.7052507400513,859.9772646536412,0.6431584667445461
CC-MAIN-2021-04-part-00023.jsonl,2021,23,288058,238669029,153903554,955107433,938.0513200759888,828.5450464836943,0.6448409106319363
CC-MAIN-2019-35-part-00010.jsonl,2019,10,282232,238154558,153836700,953040990,936.146541595459,843.8254981717168,0.6459532048931014
CC-MAIN-2023-23-part-00025.jsonl,2023,25,244860,242216193,155772806,969232747,949.4799814224243,989.2027811810831,0.6431147483190771
CC-MAIN-2017-43-part-00013.jsonl,2017,13,299018,236205647,154030991,945271404,929.1292676925659,789.9378866824071,0.6521054553788885
CC-MAIN-2019-30-part-00000.jsonl,2019,0,295425,242447163,156182320,970230743,953.6507081985474,820.6724650926631,0.6441911634165007
CC-MAIN-2022-21-part-00020.jsonl,2022,20,269207,241774275,156233231,967500055,949.1419086456299,898.0980249399162,0.6461946003146943
CC-MAIN-2016-18-part-00000.jsonl,2016,0,266707,205248788,131919724,821395072,807.8955001831055,769.5665580580937,0.6427308306444177
CC-MAIN-2020-45-part-00012.jsonl,2020,12,296915,237154723,152793828,949065015,932.7923269271851,798.729343414782,0.6442790852619874
CC-MAIN-2023-06-part-00004.jsonl,2023,4,260581,239408636,154898900,958026368,939.6031608581543,918.7493946220177,0.6470063176835442
CC-MAIN-2022-49-part-00009.jsonl,2022,9,261339,240274330,155206386,961490391,943.2568731307983,919.3971431741913,0.6459549216098116
CC-MAIN-2017-26-part-00013.jsonl,2017,13,285411,237533809,155599173,950564659,933.1820945739746,832.2517667504055,0.6550611622617477
CC-MAIN-2018-51-part-00005.jsonl,2018,5,293229,232713531,149634169,931294797,916.3244438171387,793.623860532212,0.6429972866511144
CC-MAIN-2018-47-part-00017.jsonl,2018,17,289450,233390175,149685974,933994606,917.3195667266846,806.3229400587321,0.6413550784646355
CC-MAIN-2018-34-part-00000.jsonl,2018,0,297381,237139487,152537090,949003978,932.3539590835571,797.4264899237006,0.6432378341106895
CC-MAIN-2017-43-part-00011.jsonl,2017,11,298082,236233316,154100407,945380641,929.1283597946167,792.5111747774102,0.6523229221402455
CC-MAIN-2018-05-part-00011.jsonl,2018,11,305365,239848621,156310906,959852377,943.5651388168335,785.4489578045946,0.6517065028278816
CC-MAIN-2021-31-part-00010.jsonl,2021,10,257819,238757347,154553030,955416255,935.9143266677856,926.0657554330752,0.6473226141183417
CC-MAIN-2019-18-part-00003.jsonl,2019,3,289965,232661282,150072188,931079311,915.7072696685791,802.3771213767179,0.6450243319814596
CC-MAIN-2023-06-part-00042.jsonl,2023,42,258585,239424506,154996989,958087139,939.6005516052246,925.9025310826228,0.6473731181051283
CC-MAIN-2022-40-part-00042.jsonl,2022,42,262405,241765808,156522603,967457129,948.7037811279297,921.3460414245155,0.6474141413743667
CC-MAIN-2013-20-part-00033.jsonl,2013,33,312130,237084735,154620211,948806393,933.1213970184326,759.5704834524076,0.6521727811788472
CC-MAIN-2018-39-part-00017.jsonl,2018,17,297913,235275293,151660429,941549136,925.3985776901245,789.7449691688513,0.6446083949834885
CC-MAIN-2020-29-part-00009.jsonl,2020,9,290092,241270413,155908023,965515636,948.0064783096313,831.7030907436261,0.6461961956354756
CC-MAIN-2017-30-part-00004.jsonl,2017,4,283332,237726122,155499519,951328596,934.2054424285889,839.0373201756244,0.6541120415870831
CC-MAIN-2024-10-part-00052.jsonl,2024,52,221355,242551927,151459152,970539162,949.1321563720703,1095.7598744098846,0.6244401100965072
CC-MAIN-2023-14-part-00000.jsonl,2023,0,255319,241810881,156406254,967626060,948.6529235839844,947.0931697210157,0.6468123078382069
CC-MAIN-2020-05-part-00016.jsonl,2020,16,280629,235050938,151995328,940623394,923.938530921936,837.5860584615275,0.6466484639172128
CC-MAIN-2019-47-part-00004.jsonl,2019,4,272416,233669420,150712510,935085778,917.7873048782349,857.7668712557265,0.6449817438670409
CC-MAIN-2015-32-part-00006.jsonl,2015,6,282439,214856738,138262488,859851417,845.8977451324463,760.7190862451715,0.6435101327843858
CC-MAIN-2022-05-part-00010.jsonl,2022,10,273274,238251086,153834430,953413745,935.5633707046509,871.8395676134576,0.6456819676364455
CC-MAIN-2024-18-part-00013.jsonl,2024,13,219064,242531234,150907979,970453072,948.9199390411377,1107.125013694628,0.6222208022905619
CC-MAIN-2013-20-part-00002.jsonl,2013,2,316311,237042353,154550465,948644233,933.1170692443848,749.396489530873,0.6519951521068473
CC-MAIN-2024-22-part-00065.jsonl,2024,65,217432,242107636,150489886,968756407,947.0959424972534,1113.4866808933368,0.6215825675155492
CC-MAIN-2021-39-part-00017.jsonl,2021,17,271283,239343792,154296602,957782688,939.7958288192749,882.2660911299271,0.6446651517913613
CC-MAIN-2024-26-part-00048.jsonl,2024,48,217026,241385617,149830590,965868778,944.451494216919,1112.2428510869665,0.6207105123417523
CC-MAIN-2022-27-part-00010.jsonl,2022,10,276644,242439303,156506481,970171703,952.3471202850342,876.3584353898874,0.6455491294660256
CC-MAIN-2024-30-part-00019.jsonl,2024,19,221496,242057048,149708291,968560027,947.2609071731567,1092.828078159425,0.6184835031120433
CC-MAIN-2022-05-part-00018.jsonl,2022,18,276657,238200006,153793794,953214889,935.6586217880249,860.9939600299288,0.6456498326032788
CC-MAIN-2022-40-part-00038.jsonl,2022,38,261456,241822354,156671249,967681816,948.8166961669922,924.9065005201641,0.6478774456062073
CC-MAIN-2018-39-part-00004.jsonl,2018,4,301277,235237422,151477861,941401895,925.3981885910034,780.801129857241,0.6439360698316103
CC-MAIN-2019-09-part-00006.jsonl,2019,6,300973,239612166,153365441,958900384,943.6454973220825,796.1251208580171,0.6400569869227759
CC-MAIN-2023-06-part-00029.jsonl,2023,29,255821,239443939,155005390,958159428,939.6143960952759,935.9823431227303,0.647355663489983
CC-MAIN-2023-23-part-00050.jsonl,2023,50,241886,242264795,155742715,969422258,949.4194917678833,1001.5660063004887,0.6428615226574708
CC-MAIN-2020-40-part-00030.jsonl,2020,30,302771,236953110,152486162,948265866,932.3887748718262,782.6149466098141,0.6435288483869235
CC-MAIN-2020-05-part-00015.jsonl,2020,15,280189,235031604,151704489,940546691,923.9712810516357,838.8323738619289,0.6454642116981
CC-MAIN-2023-40-part-00006.jsonl,2023,6,225222,242040834,153187826,968501322,947.5427379608154,1074.6766923302341,0.6329007526060665
CC-MAIN-2020-40-part-00029.jsonl,2020,29,301735,236978958,152443515,948367997,932.4000549316406,785.3877011284736,0.6432786956553332
CC-MAIN-2023-06-part-00009.jsonl,2023,9,259747,239429209,154895757,958106379,939.6132516860962,921.7785344970298,0.6469375964901593
CC-MAIN-2017-39-part-00016.jsonl,2017,16,301993,237323858,154667670,949748089,933.7731056213379,785.8588046742806,0.6517156399842446
CC-MAIN-2015-27-part-00004.jsonl,2015,4,299048,235334653,151435259,941787492,925.9652290344238,786.9460855782349,0.6434889935227687
CC-MAIN-2021-25-part-00021.jsonl,2021,21,261383,242004810,156341509,968410818,949.0261173248291,925.8628525956163,0.6460264529452948
CC-MAIN-2014-41-part-00007.jsonl,2014,7,333084,237830199,153512177,951820488,937.0291957855225,714.0246874662247,0.6454696571144861
CC-MAIN-2021-43-part-00011.jsonl,2021,11,273534,237557573,153160751,950641435,933.0080270767212,868.4754838520988,0.6447310816734098
CC-MAIN-2019-30-part-00008.jsonl,2019,8,294839,242388413,156339843,969996165,953.6442260742188,822.1043111664331,0.6449971806201809
CC-MAIN-2021-04-part-00002.jsonl,2021,2,292027,238627518,154131159,954948379,938.0523052215576,817.1419697493725,0.6459068941076611
CC-MAIN-2021-17-part-00000.jsonl,2021,0,239202,242419396,157137455,970036658,948.5976734161377,1013.4505397112064,0.6482049604644671
CC-MAIN-2014-42-part-00003.jsonl,2014,3,310176,231110615,148865366,924907559,909.8238277435303,745.0950911740431,0.6441303702125495
CC-MAIN-2024-30-part-00002.jsonl,2024,2,221022,242053847,149742929,968546827,947.2504606246948,1095.1572558387852,0.6186347825324999
CC-MAIN-2022-49-part-00013.jsonl,2022,13,260884,240260246,155279810,961433697,943.2504758834839,920.9466506186658,0.6462983892890878
CC-MAIN-2024-22-part-00026.jsonl,2024,26,217486,242096153,150458554,968711889,947.0897912979126,1113.157412431145,0.6214826304984697
CC-MAIN-2024-22-part-00088.jsonl,2024,88,217958,242102272,150458981,968736532,947.0857105255127,1110.7748832343846,0.6214686865887817
CC-MAIN-2021-31-part-00021.jsonl,2021,21,256705,238709623,154627307,955222968,935.9158716201782,929.8986112463723,0.6477631905103381
CC-MAIN-2024-26-part-00005.jsonl,2024,5,219681,241347665,149632744,965719783,944.4461154937744,1098.6278512934664,0.6199883640887929
CC-MAIN-2017-47-part-00005.jsonl,2017,5,299847,235950762,153748035,944253099,928.3022546768188,786.9038609690942,0.6516106737557389
CC-MAIN-2018-09-part-00022.jsonl,2018,22,309235,238039349,154670366,952621260,936.6646099090576,769.76845764548,0.6497680599857463
CC-MAIN-2018-13-part-00001.jsonl,2018,1,309122,241880001,156935975,967983797,951.3825492858887,782.474236709131,0.6488174894624711
CC-MAIN-2021-43-part-00014.jsonl,2021,14,273132,237560919,153111731,950654107,933.0067110061646,869.7659703000747,0.6445156536879705
CC-MAIN-2018-22-part-00007.jsonl,2018,7,300448,232486810,150551913,930398139,914.1986989974976,773.8004912663755,0.6475718471942559
CC-MAIN-2023-23-part-00052.jsonl,2023,52,243199,242260182,155857021,969405494,949.4411602020264,996.1397127455294,0.6433455952740925
CC-MAIN-2017-09-part-00001.jsonl,2017,1,293614,227100683,146895161,908843830,894.0989713668823,773.4668067598957,0.6468283541005466
CC-MAIN-2024-26-part-00084.jsonl,2024,84,217893,241408025,149794105,965959396,944.5152282714844,1107.9200570922426,0.6205017625242574
CC-MAIN-2018-26-part-00017.jsonl,2018,17,295796,239936946,155226435,960191200,942.5850200653076,811.1568310592436,0.6469467815931941
CC-MAIN-2018-26-part-00014.jsonl,2018,14,293773,239971336,154999559,960325941,942.6029348373413,816.8597386417404,0.6459086388551006
CC-MAIN-2024-18-part-00045.jsonl,2024,45,219017,242534638,150885738,970466824,948.9262857437134,1107.3781395964697,0.6221203669885701
CC-MAIN-2023-50-part-00065.jsonl,2023,65,225271,241391553,151966718,965904464,945.0615272521973,1071.560711321031,0.6295444729169956
CC-MAIN-2023-14-part-00048.jsonl,2023,48,253541,241798563,156315355,967573865,948.6497592926025,953.6862400952903,0.6464693299273246
CC-MAIN-2024-30-part-00070.jsonl,2024,70,220823,242062934,149642223,968582222,947.2567586898804,1096.1853339552492,0.6181955267880873
CC-MAIN-2023-40-part-00067.jsonl,2023,67,228307,242011338,153087140,968387937,947.5671234130859,1060.0259212376318,0.632561851296405
CC-MAIN-2024-10-part-00053.jsonl,2024,53,219308,242519142,151477741,970405279,948.7684135437012,1105.838099841319,0.6246011747806695
CC-MAIN-2024-22-part-00067.jsonl,2024,67,217028,242090762,150428851,968689089,947.1001806259155,1115.4816982140553,0.6213737763360008
CC-MAIN-2018-30-part-00005.jsonl,2018,5,295817,235273337,152825344,941537338,925.0121946334839,795.3340646413154,0.6495650801263553
CC-MAIN-2024-10-part-00055.jsonl,2024,55,219816,242543964,151463088,970505309,948.9561281204224,1103.395403428322,0.6244768391762575
CC-MAIN-2024-22-part-00000.jsonl,2024,0,219342,242057851,150284914,968559981,947.0919981002808,1103.563617547027,0.6208636215645821
CC-MAIN-2024-26-part-00022.jsonl,2024,22,219485,241373054,149527816,965821996,944.5178375244141,1099.7246007699844,0.6194884371807302
CC-MAIN-2020-10-part-00000.jsonl,2020,0,299427,242243110,156157039,969421373,952.9985618591309,809.0222658611281,0.6446294344553288
CC-MAIN-2019-26-part-00005.jsonl,2019,5,283183,232523438,150119995,930519125,914.1960496902466,821.1066271633538,0.645612314574499
CC-MAIN-2024-30-part-00003.jsonl,2024,3,221736,242078644,149635640,968646960,947.2577381134033,1091.7426308763575,0.6181282145648502
CC-MAIN-2015-11-part-00006.jsonl,2015,6,278381,220921091,142674849,884102046,868.7193212509155,793.5925619923773,0.6458181441807201
CC-MAIN-2022-21-part-00044.jsonl,2022,44,271998,241778212,156000227,967521148,949.1744575500488,888.8970213016272,0.6452203683266546
CC-MAIN-2019-30-part-00019.jsonl,2019,19,291938,242470878,156468291,970321756,953.7180490493774,830.5560701244785,0.6453075614301195
CC-MAIN-2018-43-part-00014.jsonl,2018,14,278018,234715482,150095214,939278970,921.0773801803589,844.2456315778115,0.6394772629442483
CC-MAIN-2024-18-part-00040.jsonl,2024,40,217510,242550923,151001377,970529637,948.9293308258057,1115.125387338513,0.6225553592306883
CC-MAIN-2016-40-part-00003.jsonl,2016,3,276107,222469992,143796808,890294658,874.6825304031372,805.7383260837285,0.6463649623361338
CC-MAIN-2016-44-part-00002.jsonl,2016,2,350608,237610474,153588614,950967782,937.1532716751099,677.7097898507735,0.6463882311854653
CC-MAIN-2020-24-part-00022.jsonl,2020,22,296470,241889745,156170155,968004694,950.6920976638794,815.8995682531116,0.645625365391162
CC-MAIN-2022-21-part-00000.jsonl,2022,0,270342,241779055,156244384,967521272,949.1466722488403,894.3451442987031,0.6462279538647382
CC-MAIN-2020-40-part-00010.jsonl,2020,10,304381,236937665,152703453,948207388,932.3953809738159,778.4246224304408,0.6444878782780272
CC-MAIN-2024-18-part-00087.jsonl,2024,87,220095,242525947,150990507,970434494,948.9344730377197,1101.9148413185214,0.6225746517753006
CC-MAIN-2016-22-part-00002.jsonl,2016,2,263788,211385122,135310822,845936190,830.7698802947998,801.3447237933492,0.6401151638287959
CC-MAIN-2019-35-part-00002.jsonl,2019,2,282432,238195541,153779433,953205229,936.1460838317871,843.3730632506232,0.6456016445748664
CC-MAIN-2023-50-part-00003.jsonl,2023,3,224886,241380119,152067739,965857710,945.0743227005005,1073.3443566962817,0.6299928081483794
CC-MAIN-2024-22-part-00018.jsonl,2024,18,218555,242115726,150420499,968791108,947.1025476455688,1107.8022740271329,0.6212752120033707
CC-MAIN-2023-50-part-00040.jsonl,2023,40,225426,241412240,152052034,965987194,945.0674667358398,1070.915688518627,0.6298439300343678
CC-MAIN-2024-26-part-00046.jsonl,2024,46,218792,241406129,149744172,965952425,944.5179538726807,1103.3590304947165,0.6202997936311716
CC-MAIN-2018-30-part-00002.jsonl,2018,2,295954,235290954,152938003,941609089,925.0134897232056,795.0254228697703,0.6499952522611643
CC-MAIN-2019-09-part-00015.jsonl,2019,15,298612,239622858,153365452,958938781,943.6255626678467,802.4555543648614,0.6400284734104957
CC-MAIN-2018-13-part-00007.jsonl,2018,7,310572,241809267,156979635,967702417,951.3759813308716,778.5932633978595,0.6491878369574645
CC-MAIN-2023-40-part-00078.jsonl,2023,78,226703,242050099,153166911,968540574,947.5678358078003,1067.6969382848927,0.6327901192058591
CC-MAIN-2020-45-part-00006.jsonl,2020,6,297317,237141704,152743310,949012262,932.7960863113403,797.60559941073,0.644101427220916
CC-MAIN-2024-10-part-00046.jsonl,2024,46,220270,242518092,151452944,970403096,948.9705047607422,1101.00373178372,0.6245016309958434
CC-MAIN-2018-09-part-00003.jsonl,2018,3,308744,238095449,154759552,952845558,936.6662340164185,771.1743353716995,0.6499895426392631
CC-MAIN-2017-39-part-00017.jsonl,2017,17,302468,237341684,154741222,949821149,933.7753238677979,784.6836161180687,0.6519765908461322
CC-MAIN-2021-25-part-00014.jsonl,2021,14,261255,242022681,156471482,968482456,949.0235090255737,926.3848768444623,0.6465157784116936
CC-MAIN-2021-17-part-00033.jsonl,2021,33,240741,242399622,157101500,969959342,948.5948286056519,1006.8896531957581,0.6481095090156535
CC-MAIN-2024-26-part-00045.jsonl,2024,45,217737,241400264,149752502,965927394,944.5181493759155,1108.6781943353678,0.6203493712832062
CC-MAIN-2024-22-part-00056.jsonl,2024,56,218589,242089629,150332424,968686240,947.0982360839844,1107.510574640078,0.6209783732619129
CC-MAIN-2019-22-part-00020.jsonl,2019,20,293835,236395268,152304831,946022173,929.7629632949829,804.5170520870556,0.644280371128241
CC-MAIN-2018-22-part-00018.jsonl,2018,18,295998,232526432,150654699,930549399,914.1898250579834,785.5675781593119,0.6479035424239425
CC-MAIN-2021-21-part-00027.jsonl,2021,27,252615,240505631,155367505,962400618,942.5764904022217,952.0639352374167,0.6460036064602579
CC-MAIN-2015-48-part-00005.jsonl,2015,5,308918,241986538,155735668,968409346,951.8522310256958,783.3358302203173,0.6435716188476567
CC-MAIN-2022-21-part-00010.jsonl,2022,10,269613,241792798,156229841,967576055,949.1512060165405,896.8143153334595,0.6461310770720309
CC-MAIN-2023-40-part-00007.jsonl,2023,7,226565,242037249,152990996,968488792,947.5434617996216,1068.2905523801116,0.6320969050511726
CC-MAIN-2020-05-part-00011.jsonl,2020,11,278324,235029539,151808139,940535564,923.9645805358887,844.4458221353531,0.6459108912263152
CC-MAIN-2017-30-part-00002.jsonl,2017,2,284395,237649466,155401927,951023602,934.113582611084,835.6316601909316,0.6539123761380554
CC-MAIN-2017-39-part-00011.jsonl,2017,11,300615,237379582,154711572,949969427,933.8121023178101,789.6464980124078,0.6517475963876287
CC-MAIN-2024-18-part-00070.jsonl,2024,70,219554,242550005,150916323,970529218,948.9237289428711,1104.7396312524481,0.6222070496349814
CC-MAIN-2013-20-part-00020.jsonl,2013,20,314749,237033575,154525943,948606627,933.1149663925171,753.0876190234123,0.6519158435677309
CC-MAIN-2020-05-part-00017.jsonl,2020,17,280878,234997827,151971240,940412427,923.9604406356812,836.6544442782988,0.6466921074976578
CC-MAIN-2019-26-part-00002.jsonl,2019,2,283434,232502399,150019764,930434669,914.1944932937622,820.305252721974,0.6452396390112086
CC-MAIN-2023-14-part-00025.jsonl,2023,25,254376,241834156,156311401,967719916,948.6539525985718,950.6956473881183,0.6463578329274546
CC-MAIN-2022-05-part-00009.jsonl,2022,9,275458,238212182,153726719,953262577,935.70530128479,864.7858548308635,0.6453352540971226
CC-MAIN-2019-43-part-00017.jsonl,2019,17,292319,236904223,152385019,948055146,932.2186374664307,810.4304646636039,0.6432347092436592
CC-MAIN-2017-26-part-00018.jsonl,2017,18,288448,237506744,155458570,950459809,933.2058010101318,823.3953572220989,0.6545438137116646
CC-MAIN-2023-50-part-00064.jsonl,2023,64,224278,241405233,152124532,965956925,945.067684173584,1076.366085839895,0.6301625284154466
CC-MAIN-2014-10-part-00001.jsonl,2014,1,331537,237181566,153652216,949223413,934.5260744094849,715.3999885382325,0.6478252867256977
CC-MAIN-2020-50-part-00016.jsonl,2020,16,295886,239708160,154665926,959277428,942.6856422424316,810.1368770404819,0.6452259530922936
CC-MAIN-2020-24-part-00018.jsonl,2020,18,299779,241799705,156065927,967647148,950.6915788650513,806.5932069958203,0.6454347287148262
CC-MAIN-2021-17-part-00025.jsonl,2021,25,239836,242412559,156801867,970010171,948.6123428344727,1010.7430035524275,0.6468388752086066
CC-MAIN-2014-15-part-00011.jsonl,2014,11,318947,236692227,152831653,947247951,931.9331655502319,742.1051992964349,0.6456978116142361
CC-MAIN-2024-10-part-00031.jsonl,2024,31,220699,242551426,151429092,970537002,948.9576454162598,1099.014612662495,0.624317467422352
CC-MAIN-2021-31-part-00006.jsonl,2021,6,256042,238745580,154705560,955366602,935.9058475494385,932.4469422985292,0.647993399500841
CC-MAIN-2022-05-part-00016.jsonl,2022,16,272340,238275762,153768888,953512529,935.6403408050537,874.9201806565322,0.6453400325292004
CC-MAIN-2016-50-part-00007.jsonl,2016,7,349629,234013736,150811745,936579731,923.6923933029175,669.3201536485818,0.6444568065867723
CC-MAIN-2017-30-part-00014.jsonl,2017,14,287506,237665101,155566552,951091580,934.2040252685547,826.6439691693391,0.6545620343308208
CC-MAIN-2018-30-part-00014.jsonl,2018,14,294900,235246653,152789974,941429877,924.9998807907104,797.7166937945066,0.649488407386608
CC-MAIN-2015-06-part-00005.jsonl,2015,5,312973,237284573,152886464,949607208,933.6698560714722,758.1630779651919,0.6443169147789477
CC-MAIN-2024-22-part-00046.jsonl,2024,46,217641,242108407,150299146,968760759,947.0902576446533,1112.4209455019964,0.6207927591708948
CC-MAIN-2019-43-part-00021.jsonl,2019,21,294336,236964472,152426807,948299144,932.2452163696289,805.0815122852794,0.6432475118042168
CC-MAIN-2018-17-part-00014.jsonl,2018,14,303799,240241594,155219941,961421422,944.9962930679321,790.7912600107308,0.6460993636264335
CC-MAIN-2024-18-part-00091.jsonl,2024,91,219292,242539917,150936975,970489674,948.931079864502,1106.013520785072,0.6223180780588788
CC-MAIN-2017-47-part-00023.jsonl,2017,23,297664,235892104,153840914,944014276,927.9005861282349,792.477773597076,0.6521664413150514
CC-MAIN-2013-20-part-00028.jsonl,2013,28,313445,237085726,154525789,948812538,933.1207370758057,756.3870088851313,0.6517717941399812
CC-MAIN-2019-39-part-00015.jsonl,2019,15,287522,237721967,152799610,951318399,934.9350509643555,826.7957478036463,0.6427660511491561
CC-MAIN-2015-35-part-00007.jsonl,2015,7,292955,219038013,141047605,876592357,862.4608297348022,747.6848423819358,0.6439412185500423
CC-MAIN-2019-30-part-00001.jsonl,2019,1,297528,242451010,156522459,970250460,953.6651906967163,814.8846831222608,0.6455838604260712
CC-MAIN-2023-50-part-00077.jsonl,2023,77,225403,241390737,152074041,965902058,945.0634355545044,1070.9295661548426,0.6299912038464011
CC-MAIN-2019-43-part-00010.jsonl,2019,10,291028,237008563,152199565,948470669,932.216625213623,814.3840558296796,0.6421690553011792
CC-MAIN-2022-21-part-00005.jsonl,2022,5,273564,241684868,156100189,967149644,949.140287399292,883.4673714377623,0.6458831713038815
CC-MAIN-2024-30-part-00068.jsonl,2024,68,221756,242040258,149843004,968493193,947.2381391525269,1091.4710672991937,0.6190829791629127
CC-MAIN-2022-21-part-00039.jsonl,2022,39,271723,241722298,156218663,967296973,949.1397609710693,889.590862753613,0.6462732825748662
CC-MAIN-2020-40-part-00022.jsonl,2020,22,300827,236974628,152719313,948350435,932.4134225845337,787.7438793725297,0.6444542788774839
CC-MAIN-2023-23-part-00034.jsonl,2023,34,243495,242245003,155758037,969344457,949.4373168945312,994.866436682478,0.6429772960063906
CC-MAIN-2021-17-part-00003.jsonl,2021,3,240186,242360618,156861919,969802623,948.6060228347778,1009.0538915673686,0.6472252806353217
CC-MAIN-2019-39-part-00000.jsonl,2019,0,283087,237802506,153088459,951634784,934.9267883300781,840.0332971842579,0.6437630182080587
CC-MAIN-2018-47-part-00001.jsonl,2018,1,291076,233337820,149682382,933787554,917.3371810913086,801.6388159793319,0.6414835880441498
CC-MAIN-2022-40-part-00003.jsonl,2022,3,262689,241785816,156538734,967537125,948.8255796432495,920.4261160535842,0.6474272833274884
CC-MAIN-2024-26-part-00012.jsonl,2024,12,218382,241402583,149787845,965938605,944.516863822937,1105.4142878076032,0.6204898188682596
CC-MAIN-2022-33-part-00026.jsonl,2022,26,273139,242226643,156007198,969316258,951.3010301589966,886.8255466996658,0.6440546591730621
CC-MAIN-2022-27-part-00031.jsonl,2022,31,274924,242435248,156406680,970152674,952.3541030883789,881.8264247573875,0.6451482665589947
CC-MAIN-2024-26-part-00052.jsonl,2024,52,219626,241418785,149561046,966005009,944.6795177459717,1099.2267991949952,0.6195087345833507
CC-MAIN-2022-27-part-00035.jsonl,2022,35,276263,242417423,156186156,970084547,952.3459396362305,877.4878394862866,0.6442860173462037
CC-MAIN-2024-10-part-00086.jsonl,2024,86,220042,242554192,151594711,970547729,948.9380350112915,1102.3086138100907,0.6249931602913711
CC-MAIN-2023-14-part-00021.jsonl,2023,21,251839,241835169,156335844,967717829,948.6488103866577,960.2768792760454,0.6464561984365474
CC-MAIN-2021-43-part-00010.jsonl,2021,10,273992,237564007,153062982,950667068,933.0044746398926,867.0472386055068,0.6443020722411035
CC-MAIN-2022-21-part-00008.jsonl,2022,8,272349,241728450,156120111,967322766,949.1408548355103,887.5687077977154,0.6458491377411306
CC-MAIN-2019-04-part-00008.jsonl,2019,8,296387,232850820,150194622,931847729,916.3373279571533,785.6310162051642,0.6450250937488646
CC-MAIN-2021-10-part-00014.jsonl,2021,14,249332,237388692,153565574,949929130,930.2156352996826,952.0987759292831,0.6468950677734894
CC-MAIN-2018-05-part-00012.jsonl,2018,12,307250,239829805,156160228,959780010,943.5641860961914,780.5689340927584,0.6511293623409318
CC-MAIN-2023-06-part-00037.jsonl,2023,37,258611,239444320,155100948,958164553,939.6075744628906,925.8860605310679,0.6477537157699126
CC-MAIN-2018-30-part-00019.jsonl,2018,19,294685,235284602,152965589,941580792,925.0209035873413,798.4274801907121,0.6501300454842345
CC-MAIN-2023-50-part-00033.jsonl,2023,33,226878,241387985,152022138,965891728,945.0753326416016,1063.9550110632147,0.6297833672210321
CC-MAIN-2017-43-part-00020.jsonl,2017,20,299888,236223631,154232562,945344380,929.1419830322266,787.7061803073148,0.6529091155998699
CC-MAIN-2019-51-part-00021.jsonl,2019,21,274621,231706287,149451277,927235791,910.763201713562,843.7311312681842,0.6450031155175345
CC-MAIN-2013-20-part-00011.jsonl,2013,11,317900,237029312,154538538,948594639,933.1186103820801,745.6096634161686,0.6519807052386837
CC-MAIN-2024-26-part-00055.jsonl,2024,55,219735,241381689,149640633,965855992,944.5185432434082,1098.5127039388353,0.6199336561937803
CC-MAIN-2020-50-part-00024.jsonl,2020,24,296095,239769406,154643145,959522133,942.7114086151123,809.7718840237086,0.6449661263288945
CC-MAIN-2023-23-part-00045.jsonl,2023,45,243119,242290865,155740192,969528644,949.4346628189087,996.5937051402811,0.6427819389724
CC-MAIN-2023-50-part-00045.jsonl,2023,45,225640,241388453,152093917,965892396,945.0888195037842,1069.79459758908,0.6300795050871799
CC-MAIN-2014-10-part-00009.jsonl,2014,9,334688,237109566,153509592,948939067,934.532262802124,708.4495589922554,0.6474204925161055
CC-MAIN-2018-22-part-00012.jsonl,2018,12,299881,232512499,150653382,930500186,914.1954002380371,775.3492185233476,0.6479367029640846
CC-MAIN-2018-09-part-00020.jsonl,2018,20,307619,238076986,154664417,952767685,936.6625890731812,773.9345944171199,0.6496403520498197
CC-MAIN-2024-30-part-00005.jsonl,2024,5,223306,242024508,149638641,968433412,947.2535543441772,1083.8244740401065,0.6182788769474536
CC-MAIN-2023-40-part-00044.jsonl,2023,44,226480,242045516,153018526,968521894,947.5412111282349,1068.7279936418226,0.6321890548883377
CC-MAIN-2017-43-part-00027.jsonl,2017,27,297301,236239545,153955785,945404834,929.128755569458,794.6140275343844,0.6516935384378597
CC-MAIN-2021-10-part-00012.jsonl,2021,12,249027,237390175,153301440,949934737,930.2155523300171,953.2708300706349,0.645778368881526
CC-MAIN-2024-22-part-00087.jsonl,2024,87,217507,242107660,150391753,968756381,947.0763273239136,1113.1028426671326,0.6211771779546339
CC-MAIN-2019-39-part-00019.jsonl,2019,19,283919,237818566,152780636,951699908,934.914303779602,837.62821790722,0.6424251839109988
CC-MAIN-2022-27-part-00017.jsonl,2022,17,275801,242444466,156354567,970191142,952.3337898254395,879.0557902255612,0.6449087891327657
CC-MAIN-2018-05-part-00020.jsonl,2018,20,307025,239890831,156182096,960022835,943.8100833892822,781.33973129224,0.6510548792087848
CC-MAIN-2021-25-part-00006.jsonl,2021,6,263189,242005428,156401950,968416415,948.9833326339722,919.5119400886815,0.6462745538087683
CC-MAIN-2021-31-part-00013.jsonl,2021,13,258055,238735621,154504767,955328420,935.9025020599365,925.1346457150607,0.6471793624798036
CC-MAIN-2017-09-part-00010.jsonl,2017,10,292268,227157003,146805331,909066358,894.0973815917969,777.2216014069279,0.6462725298413978
CC-MAIN-2023-23-part-00003.jsonl,2023,3,243201,242254540,155775902,969382057,949.4398050308228,996.1083219230184,0.6430257282278383
CC-MAIN-2022-05-part-00004.jsonl,2022,4,274403,238210301,153760156,953252646,935.6453437805176,868.1038509054201,0.6454807174774528
CC-MAIN-2021-49-part-00006.jsonl,2021,6,283003,242147335,155607557,969013904,951.7033205032349,855.6352229481666,0.6426151954139822
CC-MAIN-2024-30-part-00062.jsonl,2024,62,220400,242038191,149629614,968483134,947.2279949188232,1098.1769101633395,0.6182066283911368
CC-MAIN-2024-30-part-00011.jsonl,2024,11,220767,242077825,149760939,968642506,947.2546739578247,1096.5308447367586,0.6186479038301009
CC-MAIN-2018-34-part-00006.jsonl,2018,6,298347,237150952,152375895,949051767,932.3704233169556,794.8829785451169,0.6425270221980808
CC-MAIN-2020-50-part-00001.jsonl,2020,1,294763,239767537,154741811,959512657,942.6860809326172,813.4248090839081,0.6453826607894796
CC-MAIN-2024-22-part-00096.jsonl,2024,96,218236,242093473,150374432,968701240,947.0834856033325,1109.319603548452,0.621142033019618
CC-MAIN-2016-07-part-00005.jsonl,2016,5,264624,218676877,141042286,875104295,859.496880531311,826.3682696958704,0.644980337815964
CC-MAIN-2017-30-part-00016.jsonl,2017,16,284786,237683282,155475044,951160512,934.1886320114136,834.6031125125533,0.6541269654800542
CC-MAIN-2018-17-part-00013.jsonl,2018,13,303385,240192216,155152359,961224377,944.9947719573975,791.7076190319232,0.6459508204878712
CC-MAIN-2016-07-part-00004.jsonl,2016,4,267442,218599145,140997431,874798429,859.2726793289185,817.3702896328923,0.6450044944137362
CC-MAIN-2021-10-part-00019.jsonl,2021,19,250130,237342159,153368049,949742885,930.2220191955566,948.8752208851397,0.6461896598825496
CC-MAIN-2018-09-part-00023.jsonl,2018,23,309887,238059877,154716980,952704101,936.6624765396118,768.2151138963558,0.6499078381024284
CC-MAIN-2023-23-part-00002.jsonl,2023,2,242200,242257677,155674880,969393240,949.435622215271,1000.2381379025599,0.6426003994086016
CC-MAIN-2023-50-part-00081.jsonl,2023,81,226555,241379691,152065843,965859250,945.0685358047485,1065.4352850301252,0.6299860703691099
CC-MAIN-2023-23-part-00028.jsonl,2023,28,243832,242273602,155851870,969460784,949.4647703170776,993.6087223990288,0.6432886980398302
CC-MAIN-2018-43-part-00025.jsonl,2018,25,276561,234714453,149986534,939272129,921.0235614776611,848.6896308590149,0.6390170357340542
CC-MAIN-2019-39-part-00014.jsonl,2019,14,285470,237814645,153015731,951687117,934.9200897216797,833.0635268154272,0.6434243399938637
CC-MAIN-2024-22-part-00068.jsonl,2024,68,217328,242104397,150401841,968744787,947.1321716308594,1114.0046243466097,0.6212272179426795
CC-MAIN-2022-21-part-00017.jsonl,2022,17,269673,241781567,156316872,967529980,949.148946762085,896.5731348707509,0.6465210476529006
CC-MAIN-2022-49-part-00045.jsonl,2022,45,260257,240274229,155240670,961487281,943.2481460571289,923.2190834444415,0.6460978801018231
CC-MAIN-2021-21-part-00012.jsonl,2021,12,252566,240492795,155379166,962349960,942.541449546814,952.1978215595132,0.6460865740281325
CC-MAIN-2019-22-part-00001.jsonl,2019,1,293451,236406719,152682333,946066372,929.7604904174805,805.6088375912844,0.6458459964498725
CC-MAIN-2024-10-part-00012.jsonl,2024,12,220642,242499716,151452076,970329567,948.9365196228027,1099.064167293625,0.6245453747253048
CC-MAIN-2023-50-part-00054.jsonl,2023,54,224801,241405101,152056159,965957396,945.0668601989746,1073.8613306880306,0.6298796436782833
CC-MAIN-2021-43-part-00006.jsonl,2021,6,274537,237556287,153195603,950637201,933.005781173706,865.2978906304069,0.6448812823884555
CC-MAIN-2013-48-part-00000.jsonl,2013,0,339932,240632214,156626852,963039813,948.2964715957642,707.8833825588647,0.6508972734631449
CC-MAIN-2020-40-part-00006.jsonl,2020,6,301322,236944620,152772446,948230624,932.3975467681885,786.3502167116905,0.6447601384661108
CC-MAIN-2021-39-part-00001.jsonl,2021,1,271131,239320221,154239853,957687329,939.7941360473633,882.6737665556502,0.6444915200040702
CC-MAIN-2018-51-part-00011.jsonl,2018,11,293979,232716737,149465943,931308575,916.2738771438599,791.6100707873692,0.6422655496411502
CC-MAIN-2019-22-part-00014.jsonl,2019,14,292524,236364870,152441337,945898546,929.7813892364502,808.018726668581,0.644940751982306
CC-MAIN-2017-26-part-00000.jsonl,2017,0,289085,237496873,155470216,950422904,933.1810255050659,821.5468564609025,0.6546200547238363
CC-MAIN-2023-50-part-00020.jsonl,2023,20,224749,241421801,151983565,966024824,945.0573492050171,1074.1840942562592,0.6295353790356323
CC-MAIN-2018-22-part-00001.jsonl,2018,1,297959,232518472,150619952,930520394,914.1641082763672,780.370695297004,0.6477762850600532
CC-MAIN-2020-29-part-00005.jsonl,2020,5,291328,241236900,155665381,965384838,948.013632774353,828.059438159051,0.6452801416367064
CC-MAIN-2023-23-part-00020.jsonl,2023,20,243943,242241420,155842103,969332018,949.4551572799683,993.0246819953842,0.6433338402656326
CC-MAIN-2021-43-part-00032.jsonl,2021,32,275400,237533329,153034701,950546415,933.002555847168,862.5030101670297,0.6442662242147922
CC-MAIN-2017-39-part-00012.jsonl,2017,12,302549,237277768,154592475,949563508,933.6876878738403,784.2622781764276,0.6515253253730876
CC-MAIN-2024-18-part-00033.jsonl,2024,33,220249,242587867,151019429,970682718,949.1746940612793,1101.4255093099175,0.6225349637952009
CC-MAIN-2020-40-part-00020.jsonl,2020,20,303611,236939198,152662052,948212555,932.3978223800659,780.4038654725948,0.6443089758411354
CC-MAIN-2018-47-part-00005.jsonl,2018,5,289247,233426597,149745545,934139962,917.3365898132324,807.014755554941,0.6415102088816382
CC-MAIN-2023-23-part-00039.jsonl,2023,39,244320,242271807,155825221,969453793,949.4411392211914,991.616760805501,0.6431834678972779
CC-MAIN-2020-34-part-00022.jsonl,2020,22,292588,240192242,154703712,961207781,944.2368869781494,820.9230795521347,0.6440828842423645
CC-MAIN-2019-47-part-00012.jsonl,2019,12,275098,233603871,150833250,934828763,917.7463150024414,849.1660099310064,0.6456795829380756
CC-MAIN-2017-09-part-00011.jsonl,2017,11,296326,227108464,146710586,908878556,894.0998907089233,766.4142329731444,0.645993475610843
CC-MAIN-2019-09-part-00003.jsonl,2019,3,300261,239662494,153601791,959100185,943.6548118591309,798.1805629102681,0.6409087564614929
CC-MAIN-2023-50-part-00026.jsonl,2023,26,225132,241399133,152128781,965933597,945.0278835296631,1072.2559787147095,0.6301960537695883
CC-MAIN-2022-49-part-00010.jsonl,2022,10,259112,240276981,155437869,961497203,943.2490711212158,927.3093527123406,0.6469111953758068
CC-MAIN-2023-23-part-00055.jsonl,2023,55,243873,242230524,155733237,969287564,949.4433479309082,993.2650354897836,0.6429133472873138
CC-MAIN-2017-43-part-00000.jsonl,2017,0,299580,236214409,154167332,945307086,929.1294822692871,788.4852426730756,0.6526584582738134
CC-MAIN-2015-48-part-00002.jsonl,2015,2,310584,241992175,155720512,968434262,951.8364000320435,779.1520973392062,0.6434939972749119
CC-MAIN-2023-50-part-00000.jsonl,2023,0,225042,241417812,152008665,966008238,945.0745840072632,1072.7678033433758,0.6296497501186864
CC-MAIN-2017-04-part-00012.jsonl,2017,12,327707,234423046,150822299,938184680,924.0802450180054,715.3434195790752,0.6433765859351559
CC-MAIN-2024-30-part-00035.jsonl,2024,35,220429,242028895,149433802,968445095,947.2314805984497,1097.9902599022814,0.6174213289698323
CC-MAIN-2021-04-part-00011.jsonl,2021,11,289669,238648529,154201543,955028855,938.064416885376,823.8663060251529,0.6461449548679179
CC-MAIN-2021-39-part-00016.jsonl,2021,16,270513,239357907,154190802,957836006,939.7871761322021,884.8295904448215,0.644185119817245
CC-MAIN-2017-39-part-00020.jsonl,2017,20,301892,237351690,154778395,949859081,933.7760181427002,786.2139109350363,0.6521057212611379
CC-MAIN-2019-04-part-00020.jsonl,2019,20,300626,232795002,149853717,931630970,916.3197927474976,774.3674931642639,0.6437153534765321
CC-MAIN-2018-43-part-00000.jsonl,2018,0,276812,234791403,150125241,939579888,921.3580961227417,848.1980658352961,0.6393983726908433
CC-MAIN-2023-40-part-00062.jsonl,2023,62,227562,242038472,153095091,968495007,947.533239364624,1063.6155069827123,0.6325237873754219
CC-MAIN-2022-21-part-00046.jsonl,2022,46,267163,241841982,156470855,967768115,949.1406335830688,905.2225869600206,0.646996248153474
CC-MAIN-2024-10-part-00010.jsonl,2024,10,220084,242513186,151482076,970383056,948.949107170105,1101.911933625343,0.6246343899832316
CC-MAIN-2014-23-part-00009.jsonl,2014,9,336365,233439965,150878359,934264734,920.2629108428955,694.0078932112438,0.6463261721273819
CC-MAIN-2023-40-part-00009.jsonl,2023,9,224598,242094307,153158197,968713493,947.5547475814819,1077.900546754646,0.6326385733638916
CC-MAIN-2019-13-part-00010.jsonl,2019,10,294398,240183790,154408478,961177059,945.1233549118042,815.8472204294866,0.6428763489825854
CC-MAIN-2019-30-part-00011.jsonl,2019,11,296627,242420127,156350935,970125993,953.6440544128418,817.2557690297916,0.6449585557720626
CC-MAIN-2019-04-part-00006.jsonl,2019,6,297606,232824502,149993304,931744725,916.3280534744263,782.3246238315088,0.6442333290162047
CC-MAIN-2022-49-part-00032.jsonl,2022,32,259785,240291359,155315568,961555229,943.2536373138428,924.9624073753296,0.6463635173830783
CC-MAIN-2018-43-part-00021.jsonl,2018,21,277043,234683528,150072976,939149299,921.0235195159912,847.10145356497,0.6394695753849414
CC-MAIN-2024-18-part-00068.jsonl,2024,68,218446,242541304,151056310,970493134,948.931263923645,1110.3032511467366,0.6228065385514708
CC-MAIN-2024-26-part-00093.jsonl,2024,93,218345,241394078,149663356,965904006,944.5146226882935,1105.562655430626,0.619995971897869
CC-MAIN-2022-27-part-00014.jsonl,2022,14,275006,242472488,156293385,970303590,952.3599338531494,881.6989011148847,0.6445819329407797
CC-MAIN-2018-26-part-00018.jsonl,2018,18,298926,239934076,154949251,960184852,942.6088905334473,802.6537537718365,0.6457992694626669
CC-MAIN-2018-13-part-00000.jsonl,2018,0,310724,241875342,156863253,967966818,951.382025718689,778.4250395849693,0.6485293279709348
CC-MAIN-2016-44-part-00013.jsonl,2016,13,355029,237584385,153498676,950869760,937.1494035720825,669.1971219252512,0.6460806588783181
CC-MAIN-2022-33-part-00011.jsonl,2022,11,274992,242215901,156024011,969277079,951.4170598983765,880.810718129982,0.6441526355447655
CC-MAIN-2021-49-part-00016.jsonl,2021,16,281483,242108418,155685312,968857104,951.714864730835,860.1173712089185,0.6430396484603026
CC-MAIN-2019-18-part-00012.jsonl,2019,12,291475,232622156,149921811,930925849,915.6996097564697,798.0861343168368,0.6444863790188584
CC-MAIN-2021-17-part-00035.jsonl,2021,35,240894,242357343,156929533,969790751,948.5952310562134,1006.0746344865377,0.6475130113965641
CC-MAIN-2024-30-part-00024.jsonl,2024,24,220697,242084282,149452535,968667987,947.2532510757446,1096.9078963465747,0.6173574499149019
CC-MAIN-2018-51-part-00020.jsonl,2018,20,293121,232776815,149308465,931546690,916.254864692688,794.1321672619839,0.6414232663162781
CC-MAIN-2017-30-part-00011.jsonl,2017,11,287042,237695336,155472002,951212897,934.1985187530518,828.0855623915664,0.6540809955143587
CC-MAIN-2023-40-part-00013.jsonl,2023,13,226756,242044376,153069901,968518281,947.4761047363281,1067.422145389758,0.6324042868899379
CC-MAIN-2019-09-part-00001.jsonl,2019,1,302413,239579504,153563954,958771448,943.6131277084351,792.2262072067008,0.6409728354726038
CC-MAIN-2019-43-part-00014.jsonl,2019,14,292400,237012157,152592521,948487413,932.2283344268799,810.5750923392612,0.6438172747400464
CC-MAIN-2018-05-part-00008.jsonl,2018,8,306995,239821514,156173963,959745955,943.5596599578857,781.1902930015146,0.6512091446474648
CC-MAIN-2021-25-part-00008.jsonl,2021,8,262642,242009503,156401700,968432322,949.0136098861694,921.4425072912939,0.6462626387030761
CC-MAIN-2020-05-part-00010.jsonl,2020,10,276758,235088804,151968648,940770735,923.9648742675781,849.4381517426777,0.6464308185429366
CC-MAIN-2022-33-part-00035.jsonl,2022,35,275421,242146140,156040444,968999144,951.337477684021,879.1854651606087,0.644406076429713
CC-MAIN-2021-43-part-00025.jsonl,2021,25,273959,237544738,153083866,950590791,933.0023860931396,867.0813442887439,0.6444422523895267
CC-MAIN-2024-18-part-00075.jsonl,2024,75,219114,242537276,150912901,970477579,948.9406681060791,1106.899951623356,0.6222255955410334
CC-MAIN-2020-16-part-00000.jsonl,2020,0,283419,235002837,152155596,940436509,923.6858901977539,829.1710753336932,0.6474628048852022
CC-MAIN-2020-10-part-00010.jsonl,2020,10,299970,242282804,156251131,969582192,952.9958906173706,807.6901156782345,0.6449121787446376
CC-MAIN-2021-49-part-00003.jsonl,2021,3,281081,242115609,155459708,968884155,951.7080526351929,861.3730881845447,0.6420887469506354
CC-MAIN-2019-35-part-00004.jsonl,2019,4,283898,238082791,153594446,952756478,936.1295518875122,838.6208814433353,0.6451303991979832
CC-MAIN-2023-14-part-00023.jsonl,2023,23,253021,241831338,156314631,967703856,948.6470537185669,955.7757577434284,0.646378721189559
CC-MAIN-2021-31-part-00028.jsonl,2021,28,255560,238779592,154692479,955501907,935.9138603210449,934.3386758491157,0.6478463159447898
CC-MAIN-2020-10-part-00012.jsonl,2020,12,298327,242287030,156091251,969595861,952.9921550750732,812.1525373164346,0.6442410516155157
CC-MAIN-2018-39-part-00009.jsonl,2018,9,297387,235305509,151425451,941667681,925.4003171920776,791.2434269150972,0.6435270115159097
CC-MAIN-2017-17-part-00016.jsonl,2017,16,279055,231337934,150450572,925770291,909.4161291122437,829.0047983372453,0.6503497692687097
CC-MAIN-2019-47-part-00019.jsonl,2019,19,273198,233674375,150920042,935106535,917.6695423126221,855.3297425310581,0.6458561919765485
CC-MAIN-2020-29-part-00011.jsonl,2020,11,291215,241223900,155505572,965332094,948.0137252807617,828.3361090603163,0.6446524245731869
CC-MAIN-2024-18-part-00051.jsonl,2024,51,218280,242548879,150936094,970522780,948.9265670776367,1111.1823300348176,0.6222914516129345
CC-MAIN-2022-49-part-00038.jsonl,2022,38,258513,240306114,155311297,961612859,943.2524681091309,929.5707140453285,0.64630605694868
CC-MAIN-2017-17-part-00007.jsonl,2017,7,277821,231305202,150266316,925637723,909.3265857696533,832.5691794356798,0.6496452077199717
CC-MAIN-2014-52-part-00004.jsonl,2014,4,321674,239501713,154334192,958488693,943.0625190734863,744.5479367309761,0.6443970277573756
CC-MAIN-2013-48-part-00001.jsonl,2013,1,338049,240670845,156645825,963190608,948.2959833145142,711.9407097787599,0.650871629257794
CC-MAIN-2014-10-part-00015.jsonl,2014,15,335186,237132547,153545345,949032492,934.521143913269,707.4655474870668,0.6475085218900803
CC-MAIN-2024-22-part-00081.jsonl,2024,81,217363,242114391,150359412,968783760,947.0949516296387,1113.8712246334474,0.6210263313096495
CC-MAIN-2018-34-part-00009.jsonl,2018,9,298384,237153362,152395727,949060642,932.34339427948,794.792488873398,0.6426041179209595
CC-MAIN-2022-49-part-00044.jsonl,2022,44,259681,240297731,155280825,961580218,943.2559080123901,925.357384637305,0.6462017945562707
CC-MAIN-2019-35-part-00019.jsonl,2019,19,281611,238115636,153711694,952885455,936.1272096633911,845.5480645287294,0.6455338111437587
CC-MAIN-2024-18-part-00014.jsonl,2024,14,219686,242517722,151020230,970399765,948.9250965118408,1103.9288894148922,0.6227183265394518
CC-MAIN-2021-49-part-00019.jsonl,2021,19,281478,242102605,155626305,968833317,951.7006502151489,860.1119980957659,0.6428113609103876
CC-MAIN-2019-18-part-00009.jsonl,2019,9,289888,232641253,149922522,930999701,915.6947526931763,802.5211564466276,0.6444365307815807
CC-MAIN-2017-30-part-00007.jsonl,2017,7,282754,237756680,155441755,951451725,934.2028179168701,840.8605360136373,0.6537850166817605
CC-MAIN-2023-14-part-00041.jsonl,2023,41,254118,241773998,155965318,967477016,948.6470241546631,951.4241336701847,0.6450872272873611
CC-MAIN-2014-35-part-00004.jsonl,2014,4,332505,234851147,151808817,939903319,925.4616632461548,706.30861791552,0.6464044095130607
CC-MAIN-2017-34-part-00000.jsonl,2017,0,301541,234510770,153613752,938494663,922.5093021392822,777.7077412358518,0.655039220586756
CC-MAIN-2021-43-part-00035.jsonl,2021,35,272490,237519234,153140641,950485629,933.0001258850098,871.6622041175823,0.644750483659778
CC-MAIN-2024-18-part-00004.jsonl,2024,4,218374,242493272,150887392,970300542,948.9309482574463,1110.4493758414462,0.6222333129308428
CC-MAIN-2024-10-part-00083.jsonl,2024,83,221213,242494869,151483891,970312499,948.9572553634644,1096.2053269925366,0.6246890568228889
CC-MAIN-2024-10-part-00045.jsonl,2024,45,221259,242509698,151403213,970371259,948.9534587860107,1096.0444456496684,0.624318178813616
CC-MAIN-2014-23-part-00015.jsonl,2014,15,335622,233453363,150705004,934316629,920.252589225769,695.5842078290458,0.6455465111462112
CC-MAIN-2021-31-part-00032.jsonl,2021,32,256673,238735012,154585828,955326555,935.9065551757812,930.1134595380114,0.6475205572276931
CC-MAIN-2021-10-part-00034.jsonl,2021,34,248479,237399203,153498683,949969487,930.2098026275635,955.4095235412248,0.6465846601852324
CC-MAIN-2018-30-part-00025.jsonl,2018,25,292755,235324609,152775259,941738676,925.0124502182007,803.8278048197299,0.6492107206688272
CC-MAIN-2021-43-part-00034.jsonl,2021,34,273573,237584859,153193808,950749310,933.0012712478638,868.4514151615839,0.6447961736484226
CC-MAIN-2022-49-part-00021.jsonl,2022,21,259554,240276805,155471245,961497783,943.2517375946045,925.7295399030645,0.6470505756891515
CC-MAIN-2024-10-part-00040.jsonl,2024,40,220571,242520693,151449273,970413174,948.965763092041,1099.513050219657,0.6244797964518434
CC-MAIN-2017-04-part-00008.jsonl,2017,8,330000,234360123,150722659,937934946,924.0765428543091,710.1821909090909,0.6431241675018237
CC-MAIN-2023-50-part-00039.jsonl,2023,39,225326,241392926,152012112,965909960,945.0537843704224,1071.3052466204522,0.629728942429738
CC-MAIN-2015-32-part-00002.jsonl,2015,2,284535,214856314,138231346,859851373,845.9160890579224,755.1138313388511,0.6433664593166203
CC-MAIN-2017-09-part-00000.jsonl,2017,0,294330,227153910,146843158,909056977,894.1003170013428,771.7660788910407,0.6464478555530917
CC-MAIN-2024-26-part-00011.jsonl,2024,11,218894,241380102,149627969,965848146,944.5151014328003,1102.7259860937256,0.6198852670962911
CC-MAIN-2022-05-part-00002.jsonl,2022,2,273847,238210972,153614792,953254435,935.63902759552,869.8688391693172,0.6448686670906157
CC-MAIN-2019-13-part-00005.jsonl,2019,5,293462,240197521,154607793,961231220,945.1210813522339,818.4961630466636,0.6436693949060365
CC-MAIN-2019-26-part-00016.jsonl,2019,16,281941,232502401,150201702,930432744,914.1958103179932,824.6491322652612,0.6460221544120742
CC-MAIN-2024-10-part-00064.jsonl,2024,64,222073,242501345,151530967,970338820,948.9385738372803,1091.9893233306166,0.6248665012559003
CC-MAIN-2021-04-part-00020.jsonl,2021,20,287950,238668070,154026643,955104547,938.054986000061,828.8524743879145,0.6453592346894161
CC-MAIN-2017-51-part-00022.jsonl,2017,22,314255,239239587,156185469,957431113,941.4818449020386,761.2912666465132,0.6528412415291455
CC-MAIN-2021-49-part-00007.jsonl,2021,7,279594,242193828,155788611,969195913,951.7161026000977,866.2339964376918,0.6432393933672
CC-MAIN-2013-20-part-00026.jsonl,2013,26,314747,237052586,154540625,948682800,933.1180982589722,753.1528052689938,0.6519254972396715
CC-MAIN-2024-10-part-00051.jsonl,2024,51,220575,242526891,151480381,970437577,948.9642391204834,1099.5212104726284,0.6245921034793622
CC-MAIN-2021-31-part-00007.jsonl,2021,7,257822,238779521,154450944,955504667,935.916955947876,926.1409848655273,0.6468349687325153
CC-MAIN-2019-26-part-00019.jsonl,2019,19,281046,232508766,150391940,930456448,914.1523208618164,827.2979014111569,0.6468226664623905
CC-MAIN-2024-26-part-00064.jsonl,2024,64,219911,241336202,149627801,965674261,944.5178728103638,1097.426695344935,0.6199973305289689
CC-MAIN-2019-35-part-00008.jsonl,2019,8,286807,238059043,153601496,952666471,936.1425008773804,830.0321923802418,0.6452243698215656
CC-MAIN-2022-40-part-00028.jsonl,2022,28,262909,241763409,156524641,967447236,948.8153209686279,919.570684153072,0.6474289953447836
CC-MAIN-2017-47-part-00017.jsonl,2017,17,301195,235774548,153738926,943550731,927.8327798843384,782.7970185428045,0.652059042437439
CC-MAIN-2020-24-part-00012.jsonl,2020,12,298161,241817261,156054879,967716337,950.6926689147949,811.0291453275244,0.6453421825830704
CC-MAIN-2018-51-part-00008.jsonl,2018,8,293249,232771095,149557257,931524855,916.3095350265503,793.7660315977207,0.6425078551956805
CC-MAIN-2024-22-part-00064.jsonl,2024,64,216947,242129368,150559691,968842621,947.0913543701172,1116.0761291928443,0.6218150744935658
CC-MAIN-2024-30-part-00052.jsonl,2024,52,222058,242085275,149756075,968673760,947.2550096511841,1090.189387457331,0.6186087732927994
CC-MAIN-2023-06-part-00044.jsonl,2023,44,259280,239354399,154919862,957805985,939.3907890319824,923.1502584078988,0.6472405046543557
CC-MAIN-2023-40-part-00028.jsonl,2023,28,226779,242010667,153093804,968382846,947.4871912002563,1067.1652445773198,0.6325911411169327
CC-MAIN-2023-23-part-00017.jsonl,2023,17,243653,242245551,155844127,969347510,949.4410877227783,994.2235515261458,0.6433312246877962
CC-MAIN-2023-40-part-00038.jsonl,2023,38,226337,242065405,153230403,968601386,947.5397214889526,1069.491090718707,0.6330124000990559
CC-MAIN-2021-04-part-00009.jsonl,2021,9,290583,238639596,154162842,954993907,938.0367250442505,821.2441746420128,0.6460069686004665
CC-MAIN-2024-18-part-00039.jsonl,2024,39,219118,242545652,150930751,970511134,948.9256362915039,1106.9179711388385,0.6222777021787222
CC-MAIN-2019-35-part-00012.jsonl,2019,12,282171,238027752,153480195,952534440,935.8423080444336,843.5585230232731,0.6447995820252086
CC-MAIN-2024-30-part-00008.jsonl,2024,8,221053,242101406,149722855,968737006,947.2545232772827,1095.2188208257749,0.6184303407143369
CC-MAIN-2022-21-part-00016.jsonl,2022,16,269396,241770769,156338247,967487494,949.1465358734131,897.4549325157018,0.6466383328581794
CC-MAIN-2021-49-part-00018.jsonl,2021,18,279844,242120753,155597600,968902229,951.7095212936401,865.1990144509084,0.6426446228671691
CC-MAIN-2019-47-part-00003.jsonl,2019,3,275066,233658829,150926636,935047852,917.7786779403687,849.4645975874881,0.6459273832960962
CC-MAIN-2013-48-part-00015.jsonl,2013,15,340882,240616313,156621230,962976289,948.2932710647583,705.8639441214261,0.6509169226610168
CC-MAIN-2021-17-part-00015.jsonl,2021,15,240832,242416367,157037804,970026975,948.5963773727417,1006.5787229271857,0.6478019860762949
CC-MAIN-2020-29-part-00001.jsonl,2020,1,287188,241357159,155939821,965858733,948.2246189117432,840.415194924579,0.6460956933951978
CC-MAIN-2023-40-part-00079.jsonl,2023,79,227079,242006360,153112754,968365988,947.5175342559814,1065.7364177224667,0.6326807031021829
CC-MAIN-2023-14-part-00024.jsonl,2023,24,253769,241811457,156335812,967625738,948.6526546478271,952.880206014131,0.6465194575127182
CC-MAIN-2019-47-part-00022.jsonl,2019,22,274765,233697939,150951546,935204407,917.7790803909302,850.5375102360199,0.6459258761370591
CC-MAIN-2021-10-part-00025.jsonl,2021,25,249845,237316299,153377029,949639283,930.1884269714355,949.8541055454382,0.6462979139919927
CC-MAIN-2020-50-part-00014.jsonl,2020,14,294156,239770605,154621661,959524116,942.6886138916016,815.1137661648921,0.6448732987932362
CC-MAIN-2023-50-part-00053.jsonl,2023,53,225047,241396633,152187510,965925015,945.0405673980713,1072.6498598070625,0.6304458687292461
CC-MAIN-2024-26-part-00041.jsonl,2024,41,219260,241385609,149688853,965871729,944.5158452987671,1100.9103758095412,0.6201233520926263
CC-MAIN-2018-22-part-00017.jsonl,2018,17,296025,232532317,150821799,930573255,914.2012329101562,785.5158077865045,0.6486057548723432
CC-MAIN-2018-39-part-00014.jsonl,2018,14,296142,235319906,151597794,941724124,925.433219909668,794.6184803236285,0.644220017663954
CC-MAIN-2013-20-part-00036.jsonl,2013,36,313164,237079695,154421265,948789404,933.1372060775757,757.0464516994291,0.6513474930866602
CC-MAIN-2023-50-part-00004.jsonl,2023,4,225604,241356880,152035869,965766450,945.0557861328125,1069.8253577064236,0.6299214217552034
CC-MAIN-2024-22-part-00009.jsonl,2024,9,217168,242089019,150438718,968681303,947.0929164886475,1114.754563287409,0.6214190078567752
CC-MAIN-2023-23-part-00007.jsonl,2023,7,243952,242269936,155767754,969444314,949.4666004180908,993.104938676461,0.6429512327109378
CC-MAIN-2021-43-part-00005.jsonl,2021,5,273175,237512708,153087872,950460183,933.003342628479,869.4525780177541,0.6445460257225478
CC-MAIN-2016-50-part-00001.jsonl,2016,1,347107,234056006,150860964,936744222,923.685643196106,674.3050586706693,0.6445507063809335
CC-MAIN-2023-06-part-00025.jsonl,2023,25,259566,239440627,155013829,958151944,939.6262865066528,922.4652959170307,0.6473998625137245
CC-MAIN-2015-35-part-00006.jsonl,2015,6,292774,219093451,141021110,876813147,862.4965877532959,748.3364335630896,0.643657349666741
CC-MAIN-2023-14-part-00037.jsonl,2023,37,255866,241819101,156435226,967661031,948.6551895141602,945.1005643579061,0.6469101297337136
CC-MAIN-2020-50-part-00002.jsonl,2020,2,294766,239740466,154665756,959404337,942.6850776672363,813.3246914501673,0.6451382971784163
CC-MAIN-2014-10-part-00011.jsonl,2014,11,332776,237179638,153536189,949217894,934.5302448272705,712.7305995624685,0.6473413581987169
CC-MAIN-2022-49-part-00036.jsonl,2022,36,258842,240314702,155392046,961646462,943.1230163574219,928.4223657675338,0.6466189738154264
CC-MAIN-2021-10-part-00010.jsonl,2021,10,248288,237399960,153700039,949972782,930.2204742431641,956.1475383425699,0.6474307704179899
CC-MAIN-2023-06-part-00041.jsonl,2023,41,257466,239489397,155000829,958343867,939.6304349899292,930.1787303954696,0.6472137428280385
CC-MAIN-2021-17-part-00036.jsonl,2021,36,241022,242363649,156946149,969815573,948.5960206985474,1005.566500153513,0.6475647220512016
CC-MAIN-2021-17-part-00038.jsonl,2021,38,241016,242388224,156882144,969914152,948.590238571167,1005.6934975271352,0.6472350075884875
CC-MAIN-2019-09-part-00020.jsonl,2019,20,300188,239633118,153443132,958983825,943.5607709884644,798.2768065345716,0.6403252325081377
CC-MAIN-2021-04-part-00016.jsonl,2021,16,288402,238676188,153837010,955137683,938.0576467514038,827.581597908475,0.6445427643582107
CC-MAIN-2017-26-part-00002.jsonl,2017,2,285755,237515353,155500537,950490382,933.1783390045166,831.1852915959475,0.6546967808013657
CC-MAIN-2017-34-part-00006.jsonl,2017,6,301642,234530571,153496811,938574300,922.4791278839111,777.5129822770039,0.6544852994878864
CC-MAIN-2016-30-part-00002.jsonl,2016,2,303906,242146236,156653747,969041337,952.477991104126,796.7800438293419,0.6469386003588344
CC-MAIN-2024-22-part-00050.jsonl,2024,50,218303,242100137,150443538,968728098,947.0882625579834,1109.009665464973,0.6214103794579844
CC-MAIN-2019-47-part-00007.jsonl,2019,7,275029,233693750,150891375,935187244,917.7805290222168,849.705849201357,0.6456799764649247
CC-MAIN-2018-17-part-00016.jsonl,2018,16,305164,240181282,155277095,961183868,945.0075607299805,787.0564090128587,0.6464995677723129
CC-MAIN-2013-48-part-00012.jsonl,2013,12,340927,240619528,156563778,962989147,948.293158531189,705.7802051465563,0.6506694585486844
CC-MAIN-2019-47-part-00016.jsonl,2019,16,273135,233717772,151183668,935281122,917.7776069641113,855.685913559229,0.6468642358955912
CC-MAIN-2023-23-part-00014.jsonl,2023,14,242389,242286942,155756655,969511529,949.4474430084229,999.5789495397894,0.6428602949638119
CC-MAIN-2017-34-part-00002.jsonl,2017,2,305231,234445913,153612275,938242125,922.483208656311,768.0933882862488,0.655214130348265
CC-MAIN-2020-40-part-00003.jsonl,2020,3,303471,236948564,152544032,948249262,932.4006595611572,780.7947513930491,0.6437854250933549
CC-MAIN-2018-34-part-00015.jsonl,2018,15,296853,237041857,152341577,948612026,932.2229080200195,798.5159557087178,0.6426779596145334
CC-MAIN-2021-21-part-00021.jsonl,2021,21,250596,240529861,155319595,962495146,942.6212339401245,959.831206403933,0.6457393454361993
CC-MAIN-2020-34-part-00017.jsonl,2020,17,291886,240229807,154658234,961356962,944.2861404418945,823.0261369164674,0.6437928578946076
CC-MAIN-2023-23-part-00006.jsonl,2023,6,243752,242229825,155827901,969285853,949.4398603439331,993.755230726312,0.6433060049479868
CC-MAIN-2022-40-part-00033.jsonl,2022,33,261178,241906433,156800820,968016646,949.1722078323364,926.2129007803107,0.6481878884138645
CC-MAIN-2022-40-part-00043.jsonl,2022,43,260416,241789648,156430961,967549664,948.8083238601685,928.4746252150405,0.6469712921704572
CC-MAIN-2020-10-part-00013.jsonl,2020,13,300687,242285277,156140408,969591931,952.997386932373,805.7723712697922,0.6444486018025767
CC-MAIN-2021-39-part-00031.jsonl,2021,31,271264,239334652,154047664,957745203,939.794093132019,882.2941931107703,0.6436496458523691
CC-MAIN-2020-10-part-00017.jsonl,2020,17,298459,242265163,156336468,969507555,952.9950218200684,811.720078804794,0.645311385525124
CC-MAIN-2023-06-part-00013.jsonl,2023,13,258998,239428582,155046597,958103089,939.6013689041138,924.4418180835373,0.647569290620449
CC-MAIN-2019-30-part-00021.jsonl,2019,21,297664,242446602,156260603,970232626,953.6384782791138,814.4975610083853,0.6445155416119216
CC-MAIN-2018-51-part-00022.jsonl,2018,22,294360,232748117,149296895,931433675,916.3101892471313,790.69206753635,0.6414526438467384
CC-MAIN-2017-26-part-00007.jsonl,2017,7,287240,237513986,155513147,950487011,933.1788549423218,826.8833936777608,0.6547536404866702
CC-MAIN-2024-30-part-00049.jsonl,2024,49,220727,242030033,149676237,968450701,947.2406167984009,1096.5130364658605,0.6184200991287722
CC-MAIN-2018-05-part-00024.jsonl,2018,24,310163,239760033,156092299,959505254,943.5534515380859,773.0130060645531,0.6510355251744564
CC-MAIN-2020-34-part-00007.jsonl,2020,7,291033,240238580,154722757,961391030,944.2831926345825,825.4685207519423,0.6440379267976026
CC-MAIN-2019-43-part-00012.jsonl,2019,12,293173,237027337,152589307,948549083,932.2217836380005,808.4896528670785,0.6437624829746958
CC-MAIN-2019-26-part-00012.jsonl,2019,12,284964,232460097,149994705,930267583,914.1954498291016,815.7525055796522,0.6452492575532222
CC-MAIN-2023-40-part-00018.jsonl,2023,18,226588,242057748,152981803,968571538,947.5166664123535,1068.272582837573,0.6320053964973681
CC-MAIN-2021-17-part-00022.jsonl,2021,22,240537,242352359,157069281,969770427,948.597508430481,1007.5471091765507,0.6481029590473266
CC-MAIN-2024-10-part-00044.jsonl,2024,44,220505,242497810,151360170,970321630,948.9596490859985,1099.7383732795174,0.6241712863303797
CC-MAIN-2021-04-part-00010.jsonl,2021,10,292048,238626766,153971713,954945080,938.0625886917114,817.0806374294636,0.6452407480558991
CC-MAIN-2020-29-part-00024.jsonl,2020,24,290773,241267762,155927697,965508014,948.0262203216553,829.7460974712233,0.6462848401602863
CC-MAIN-2021-17-part-00019.jsonl,2021,19,239094,242404870,156965843,969978040,948.5931739807129,1013.8475662291818,0.6475358477740154
CC-MAIN-2022-05-part-00032.jsonl,2022,32,276651,238202693,153746871,953225472,935.6337785720825,861.0223458436803,0.6454455617762475
CC-MAIN-2024-18-part-00001.jsonl,2024,1,218244,242544366,151077907,970504161,948.9070806503296,1111.3449441909056,0.6228877194368637
CC-MAIN-2021-31-part-00001.jsonl,2021,1,258360,238718925,154570642,955263589,935.910758972168,923.9778797027403,0.6475005783475273
CC-MAIN-2018-26-part-00019.jsonl,2018,19,293456,240002832,155103538,960451906,942.6062717437744,817.8494629518565,0.6462571158326998
CC-MAIN-2023-23-part-00012.jsonl,2023,12,243996,242232630,155798629,969295701,949.4425106048584,992.7729552943491,0.6431777130934012
CC-MAIN-2024-18-part-00029.jsonl,2024,29,219140,242557454,151072013,970558379,949.0536041259766,1106.860700921785,0.6228298100457469
CC-MAIN-2018-43-part-00004.jsonl,2018,4,273911,234751465,150182554,939416795,921.0239524841309,857.0355516937983,0.6397512961207719
CC-MAIN-2018-47-part-00002.jsonl,2018,2,294128,233365122,149783160,933901567,917.3325357437134,793.41348664527,0.64184038607106
CC-MAIN-2024-30-part-00069.jsonl,2024,69,221562,242067820,149794766,968603402,947.2539644241333,1092.5511594948591,0.6188132152386054
CC-MAIN-2023-06-part-00023.jsonl,2023,23,260231,239410906,155050299,958035892,939.6189966201782,919.9937978180924,0.6476325644079055
CC-MAIN-2023-06-part-00033.jsonl,2023,33,260225,239403331,154840668,958003428,939.6151504516602,919.9859006628878,0.646777416810462
CC-MAIN-2019-35-part-00021.jsonl,2019,21,281063,238140213,153704772,952982464,936.1321544647217,847.2841071218908,0.6454381226240022
CC-MAIN-2021-04-part-00007.jsonl,2021,7,289788,238633325,154130857,954968889,938.0459585189819,823.4755234861346,0.6458899108077214
CC-MAIN-2024-10-part-00084.jsonl,2024,84,221659,242536247,151524154,970476525,948.9658222198486,1094.1863267451356,0.6247484896556513
CC-MAIN-2020-34-part-00010.jsonl,2020,10,291863,240205044,154816280,961258427,944.2734279632568,823.0061501457876,0.6445171900719954
CC-MAIN-2014-35-part-00007.jsonl,2014,7,332337,234886240,151656972,940042218,925.4618234634399,706.7712592940298,0.6456613720752651
CC-MAIN-2018-51-part-00012.jsonl,2018,12,295793,232690055,149332720,931203805,916.304425239563,786.6651847744876,0.6417666625245328
CC-MAIN-2023-06-part-00030.jsonl,2023,30,258430,239426192,155014179,958092587,939.6297483444214,926.4643888093487,0.6474403560659729
CC-MAIN-2021-21-part-00017.jsonl,2021,17,248056,240577448,155349071,962681676,942.5819454193115,969.8513561453865,0.6457341379728992
CC-MAIN-2024-22-part-00040.jsonl,2024,40,218248,242102827,150225414,968739700,947.0909585952759,1109.3014689710787,0.6205025189565424
CC-MAIN-2019-18-part-00007.jsonl,2019,7,292120,232642897,149910874,931009100,915.6905393600464,796.3949643981925,0.6443819086382853
CC-MAIN-2024-18-part-00092.jsonl,2024,92,219447,242470214,150952238,970209407,948.9191732406616,1104.9146901074064,0.6225599239995722
CC-MAIN-2017-51-part-00018.jsonl,2017,18,314105,239220669,156264279,957353796,941.488772392273,761.594590980723,0.6532223141638317
CC-MAIN-2014-41-part-00011.jsonl,2014,11,334864,237798532,153397093,951696232,937.0424509048462,710.1346576520617,0.6450716567081247
CC-MAIN-2021-39-part-00036.jsonl,2021,36,272105,239328629,154307117,957723513,939.7729043960571,879.545135150034,0.6447499308576242
CC-MAIN-2022-33-part-00032.jsonl,2022,32,276614,242191692,156082991,969181829,951.3997993469238,875.5583303809641,0.644460549868903
CC-MAIN-2023-14-part-00039.jsonl,2023,39,255771,241787349,156204903,967532919,948.7560691833496,945.3274569830044,0.6460424982781047
CC-MAIN-2021-25-part-00013.jsonl,2021,13,263239,241952225,156261277,968204140,949.0222673416138,919.1351775382827,0.6458352552864517
CC-MAIN-2014-42-part-00010.jsonl,2014,10,309781,231138010,148909513,925016343,909.8012599945068,746.1335911498768,0.6442450248663125
CC-MAIN-2016-50-part-00009.jsonl,2016,9,347474,233984634,150788301,936460001,923.6726398468018,673.3874592055809,0.6444367667322974
CC-MAIN-2018-26-part-00004.jsonl,2018,4,294180,239987075,155256108,960389414,942.5969495773315,815.783108980896,0.6469352901609389
CC-MAIN-2021-25-part-00015.jsonl,2021,15,262707,242041312,156451143,968559298,949.0365686416626,921.3356020205019,0.6463819820973372
CC-MAIN-2021-21-part-00000.jsonl,2021,0,249984,240537989,155443484,962527523,942.5827445983887,962.2135376664106,0.6462325749301912
CC-MAIN-2021-43-part-00000.jsonl,2021,0,272455,237594114,153138828,950784480,933.0077629089355,872.0490135985759,0.6445396538737488
CC-MAIN-2014-42-part-00004.jsonl,2014,4,311167,231091366,148772880,924832801,909.8087711334229,742.6602628170725,0.643783809733506
CC-MAIN-2022-33-part-00028.jsonl,2022,28,277050,242221263,156024810,969300733,951.4117031097412,874.287179209529,0.6441416747133384
CC-MAIN-2018-34-part-00013.jsonl,2018,13,296646,237149583,152466484,949042113,932.2830448150635,799.4363079225744,0.6429127223048923
CC-MAIN-2024-10-part-00085.jsonl,2024,85,221902,242517151,151436352,970400380,948.9601020812988,1092.902051356004,0.624435638368521
CC-MAIN-2019-18-part-00019.jsonl,2019,19,290297,232667887,150081402,931106345,915.6994247436523,801.4822302676224,0.6450456224756105
CC-MAIN-2021-25-part-00018.jsonl,2021,18,260790,242038732,156502426,968546210,949.028398513794,928.0982092871659,0.6466007514863364
CC-MAIN-2021-04-part-00000.jsonl,2021,0,288500,238694425,154211233,955211177,938.0579710006714,827.363691507799,0.6460613103971742
CC-MAIN-2020-16-part-00022.jsonl,2020,22,284657,234994386,151878369,940405054,923.6836051940918,825.535244171055,0.646306371761579
CC-MAIN-2018-51-part-00024.jsonl,2018,24,292143,232747574,149497141,931427933,916.3093729019165,796.690572767446,0.642314497336071
CC-MAIN-2017-13-part-00013.jsonl,2017,13,290390,236710818,153640166,947278920,930.8811988830566,815.147966527773,0.6490627141510702
CC-MAIN-2023-50-part-00044.jsonl,2023,44,226359,241394942,152013785,965919628,945.0610074996948,1066.425200676801,0.6297306138253717
CC-MAIN-2018-39-part-00013.jsonl,2018,13,298428,235254933,151581617,941466747,925.3819904327393,788.313874703446,0.6443291754481509
CC-MAIN-2013-48-part-00007.jsonl,2013,7,338723,240647254,156632676,963096874,948.2903823852539,710.4544244116875,0.6508807950079497
CC-MAIN-2018-26-part-00002.jsonl,2018,2,295686,240014668,155217021,960502223,942.6221399307251,811.7214477520072,0.6466980634700209
CC-MAIN-2022-21-part-00022.jsonl,2022,22,270934,241774967,156398633,967505256,949.1463279724121,892.3758812109222,0.6468768662886427
CC-MAIN-2018-43-part-00008.jsonl,2018,8,275425,234692981,149966374,939185486,921.0693588256836,852.1121212671326,0.6389895997784442
CC-MAIN-2024-30-part-00074.jsonl,2024,74,220915,242059341,149825800,968568791,947.2436981201172,1095.7125636557046,0.6189630996310116
CC-MAIN-2024-30-part-00079.jsonl,2024,79,222266,242071905,149624310,968620110,947.2463417053223,1089.1090180234494,0.6180986182597275
CC-MAIN-2015-14-part-00004.jsonl,2015,4,276888,219990678,142016542,880377978,865.0212116241455,794.5114197798388,0.6455570903781659
CC-MAIN-2016-40-part-00001.jsonl,2016,1,275418,222566229,143844117,890678042,874.6840572357178,808.1034246127704,0.6462980374259745
CC-MAIN-2023-50-part-00021.jsonl,2023,21,223564,241416316,152210092,966001262,945.0869846343994,1079.853267968009,0.6304880072811648
CC-MAIN-2016-50-part-00006.jsonl,2016,6,350257,234004336,150690193,936544091,923.6793804168701,668.0932458166432,0.6439632511766791
CC-MAIN-2017-34-part-00015.jsonl,2017,15,304721,234489322,153621900,938414947,922.4787120819092,769.5213720091493,0.655133882812796
CC-MAIN-2024-30-part-00060.jsonl,2024,60,221804,242085552,149787775,968674729,947.2577409744263,1091.4390723341328,0.6187390109096639
CC-MAIN-2023-40-part-00015.jsonl,2023,15,226543,242064579,153024104,968597478,947.5429430007935,1068.514935354436,0.6321623123554975
CC-MAIN-2024-18-part-00037.jsonl,2024,37,217756,242544459,150839051,970504832,948.9285373687744,1113.8359402266758,0.6219026879521499
CC-MAIN-2023-40-part-00050.jsonl,2023,50,225927,242062081,153186284,968587808,947.5440053939819,1071.4172321147983,0.6328388294736671
CC-MAIN-2019-13-part-00013.jsonl,2019,13,296220,240166203,154530830,961109049,945.1181659698486,810.7697083248937,0.6434328730258521
CC-MAIN-2021-04-part-00014.jsonl,2021,14,291205,238592361,153987191,954807354,938.0560178756714,819.3278309094967,0.6453986638742386
CC-MAIN-2017-26-part-00022.jsonl,2017,22,288204,237495440,155403280,950414891,933.1738233566284,824.0532400660643,0.6543421633695367
CC-MAIN-2021-25-part-00003.jsonl,2021,3,260909,242041576,156323545,968558454,949.0377244949341,927.6858061623018,0.6458541031810171
CC-MAIN-2022-40-part-00015.jsonl,2022,15,261612,241803879,156572104,967608426,948.8151798248291,924.2843562221916,0.6475169242425594
CC-MAIN-2018-47-part-00015.jsonl,2018,15,290330,233405254,149743147,934055849,917.3349523544312,803.9308855440361,0.6415585957632299
CC-MAIN-2024-30-part-00016.jsonl,2024,16,219413,242077073,149706858,968637000,947.2529211044312,1103.2941211322939,0.6184264215719429
CC-MAIN-2024-30-part-00004.jsonl,2024,4,220804,242092028,149593129,968699804,947.2492294311523,1096.4114237060924,0.617918442981526
CC-MAIN-2017-51-part-00001.jsonl,2017,1,311295,239270819,156248047,957549432,941.4752464294434,768.6304598531939,0.6530175624968292
CC-MAIN-2020-40-part-00021.jsonl,2020,21,302730,236938873,152575936,948208497,932.3920402526855,782.6739107455488,0.6439464072237737
CC-MAIN-2015-32-part-00007.jsonl,2015,7,283884,214825937,138216492,859729178,845.9149560928345,756.7384459849798,0.6433882888172856
CC-MAIN-2018-17-part-00015.jsonl,2018,15,303362,240226786,155528033,961361180,944.9969854354858,791.8816002004206,0.6474216950977315
CC-MAIN-2019-39-part-00009.jsonl,2019,9,283560,237851129,153125262,951830251,934.9220428466797,838.8035301170828,0.6437861474266956
CC-MAIN-2017-09-part-00009.jsonl,2017,9,294015,227152529,146788445,909051165,894.1009273529053,772.5882318929306,0.6462109211207594
CC-MAIN-2020-16-part-00023.jsonl,2020,23,287308,234927896,151947497,940142130,923.6874361038208,817.6865802553357,0.6467835433217348
CC-MAIN-2022-40-part-00010.jsonl,2022,10,261615,241802610,156553850,967602074,948.819616317749,924.2689065993923,0.6474448311372653
CC-MAIN-2020-10-part-00003.jsonl,2020,3,299647,242264553,156314107,969508082,952.9920024871826,808.4998448174018,0.6452207104355048
CC-MAIN-2017-34-part-00009.jsonl,2017,9,304732,234500608,153688482,938460104,922.483699798584,769.5306301930877,0.6553862836892943
CC-MAIN-2024-18-part-00007.jsonl,2024,7,218454,242547914,150937359,970518916,948.9445924758911,1110.2928488377415,0.6222991429231587
CC-MAIN-2021-31-part-00009.jsonl,2021,9,257721,238782042,154513249,955514652,935.9233827590942,926.5137183233031,0.6470890679459053
CC-MAIN-2023-40-part-00035.jsonl,2023,35,224506,242082069,153147006,968664773,947.5466680526733,1078.2877473207843,0.6326243270830604
CC-MAIN-2024-30-part-00073.jsonl,2024,73,221598,242049227,149642204,968529644,947.2614107131958,1092.2897634455185,0.6182304560716486
CC-MAIN-2016-30-part-00003.jsonl,2016,3,303937,242105740,156475675,968878349,952.4748229980469,796.5655382529932,0.6463112976999223
CC-MAIN-2020-40-part-00025.jsonl,2020,25,302058,237014093,152805934,948509791,932.5430908203125,784.6641803891968,0.6447124391037794
CC-MAIN-2019-35-part-00007.jsonl,2019,7,284054,238074346,153618800,952723498,936.1436128616333,838.130587845973,0.6452555791122493
CC-MAIN-2020-45-part-00017.jsonl,2020,17,292615,237206703,152958139,949265349,932.794358253479,810.6443722980708,0.6448305931725715
CC-MAIN-2023-14-part-00054.jsonl,2023,54,254536,241799833,156011643,967582322,948.6466779708862,949.9631997045605,0.6452098873037683
CC-MAIN-2024-22-part-00041.jsonl,2024,41,217533,242121486,150315539,968812908,947.0929307937622,1113.033360455655,0.620826930659099
CC-MAIN-2018-34-part-00017.jsonl,2018,17,296367,237069031,152378324,948721338,932.0833044052124,799.917099407154,0.6427592982400134
CC-MAIN-2019-13-part-00009.jsonl,2019,9,294340,240219060,154510611,961316877,945.1193904876709,816.1278113746008,0.6432071251964769
CC-MAIN-2018-43-part-00018.jsonl,2018,18,274557,234713613,149846159,939266517,921.0253171920776,854.8811831422984,0.6384212533935985
CC-MAIN-2024-22-part-00074.jsonl,2024,74,217770,242087817,150434816,968678120,947.0632066726685,1111.6674335307894,0.6214059751713983
CC-MAIN-2024-10-part-00038.jsonl,2024,38,221403,242517254,151362847,970401105,948.9597644805908,1095.3657086850676,0.6241322813262598
CC-MAIN-2019-09-part-00017.jsonl,2019,17,297474,239660898,153499337,959089068,943.6472129821777,805.6532604530144,0.6404855288491825
CC-MAIN-2018-05-part-00025.jsonl,2018,25,307164,239783942,155904281,959596743,943.5577840805054,780.6381672331393,0.6501864958079636
CC-MAIN-2021-31-part-00005.jsonl,2021,5,257693,238772326,154439777,955476175,935.9203882217407,926.5766862118878,0.6468076916082812
CC-MAIN-2017-39-part-00013.jsonl,2017,13,299403,237389981,154688969,950007965,933.7755336761475,792.8777634158643,0.6516238315887476
CC-MAIN-2024-18-part-00060.jsonl,2024,60,219101,242536765,150926964,970475388,948.9260807037354,1106.9632954664744,0.6222848894682008
CC-MAIN-2023-23-part-00005.jsonl,2023,5,244824,242196837,155506233,969155086,949.3588542938232,989.2691770414665,0.642065498980897
CC-MAIN-2024-26-part-00071.jsonl,2024,71,218467,241385560,149788516,965871421,944.5053262710571,1104.906278751482,0.6205363568558119
CC-MAIN-2024-22-part-00086.jsonl,2024,86,216286,242143517,150483064,968899351,947.1133689880371,1119.552430578031,0.6214622875903797
CC-MAIN-2023-40-part-00020.jsonl,2023,20,225383,242082553,153017139,968668826,947.5977325439453,1074.094110913423,0.6320866047707288
CC-MAIN-2021-39-part-00014.jsonl,2021,14,271610,239361503,154302967,957852970,939.8128347396851,881.2691101211295,0.6446440428643198
CC-MAIN-2024-18-part-00021.jsonl,2024,21,216358,242616146,151014625,970788977,948.9273328781128,1121.3643405836622,0.6224426011614248
CC-MAIN-2017-39-part-00003.jsonl,2017,3,302529,237325347,154661879,949754123,933.7812881469727,784.4713961306189,0.6516871499612724
CC-MAIN-2022-21-part-00019.jsonl,2022,19,271294,241762546,156180890,967457474,949.1525583267212,891.1459376174925,0.6460094525973432
CC-MAIN-2022-49-part-00015.jsonl,2022,15,258917,240313069,155392676,961639599,943.252215385437,928.1471243680407,0.6466259893672283
CC-MAIN-2019-35-part-00016.jsonl,2019,16,285655,238057755,153724404,952660394,936.1936388015747,833.375067826574,0.6457441556566809
CC-MAIN-2024-26-part-00058.jsonl,2024,58,219349,241391113,149588122,965893366,944.5478610992432,1100.4887781571833,0.6196919188155863
CC-MAIN-2016-40-part-00002.jsonl,2016,2,272680,222571474,144022452,890694040,874.682897567749,816.2368857268593,0.6470840553448463
CC-MAIN-2024-26-part-00010.jsonl,2024,10,216953,241358044,149623887,965757073,944.5148077011108,1112.4900047475721,0.6199250065185314
CC-MAIN-2017-04-part-00011.jsonl,2017,11,329834,234355712,150950103,937917050,924.0753545761108,710.5262404724801,0.6441067798680324
CC-MAIN-2022-49-part-00011.jsonl,2022,11,259815,240274278,155486658,961486171,943.2547607421875,924.7898620172045,0.6471215283393755
CC-MAIN-2021-43-part-00037.jsonl,2021,37,271962,237549581,153067515,950606655,932.9960327148438,873.4660761429906,0.6443602819909836
CC-MAIN-2024-18-part-00086.jsonl,2024,86,221178,242472096,150815425,970220310,948.8821849822998,1096.2758321352032,0.6219908496192486
CC-MAIN-2021-25-part-00027.jsonl,2021,27,263233,242009794,156396630,968434846,949.010781288147,919.3748276241961,0.6462409120516833
CC-MAIN-2017-26-part-00023.jsonl,2017,23,291808,237446216,155525527,950222248,933.180006980896,813.7070128303542,0.6549926531572944
CC-MAIN-2020-45-part-00026.jsonl,2020,26,297877,237124661,152774114,948945866,932.7976331710815,796.0489094492021,0.6442776274543625
CC-MAIN-2018-13-part-00015.jsonl,2018,15,307259,241915389,157103465,968122488,951.3862886428833,787.3337770415187,0.6494149282913126
CC-MAIN-2020-05-part-00023.jsonl,2020,23,279704,235028207,152051906,940532414,923.9699983596802,840.2747440151016,0.6469517337550892
CC-MAIN-2024-26-part-00076.jsonl,2024,76,218487,241397457,149737548,965917183,944.5181360244751,1104.859588900026,0.6202946371551876
CC-MAIN-2021-10-part-00002.jsonl,2021,2,248899,237386766,153601176,949919973,930.214695930481,953.7473674060562,0.6470502909163858
CC-MAIN-2019-26-part-00001.jsonl,2019,1,284806,232434110,150124118,930162588,914.1928443908691,816.1138108045477,0.645878171667661
CC-MAIN-2016-40-part-00000.jsonl,2016,0,273854,222568805,143823113,890687033,874.6840515136719,812.7279681874284,0.6461961863882946
CC-MAIN-2018-26-part-00013.jsonl,2018,13,297803,239977138,155162556,960356845,942.6061315536499,805.8251192902691,0.6465722413940947
CC-MAIN-2023-06-part-00034.jsonl,2023,34,259562,239428309,154954061,958103453,939.6132717132568,922.4320547691881,0.6471835416922233
CC-MAIN-2021-25-part-00012.jsonl,2021,12,262023,242018123,156438419,968465464,949.0275144577026,923.6522099205032,0.6463913407013738
CC-MAIN-2017-43-part-00005.jsonl,2017,5,295726,236262598,154133161,945495211,929.1279058456421,798.923997213637,0.6523807081813263
CC-MAIN-2021-17-part-00024.jsonl,2021,24,241204,242374827,156982265,969861173,948.5951242446899,1004.8540944594617,0.6476838661137033
CC-MAIN-2016-36-part-00006.jsonl,2016,6,280195,236749961,153430869,947420004,930.1001319885254,844.947129677546,0.6480713591331911
CC-MAIN-2020-10-part-00019.jsonl,2020,19,297836,242304089,156225293,969663363,952.9954433441162,813.5486945835963,0.6447488923721795
CC-MAIN-2021-21-part-00002.jsonl,2021,2,252318,240494160,155394152,962354787,942.5812683105469,953.1391339500154,0.6461452203246848
CC-MAIN-2024-30-part-00061.jsonl,2024,61,220841,242097616,149627749,968722265,947.2738370895386,1096.2530327249017,0.6180471806050333
CC-MAIN-2022-05-part-00000.jsonl,2022,0,275120,238187376,153711958,953161806,935.6408491134644,865.7581273626054,0.6453404902533542
CC-MAIN-2023-50-part-00069.jsonl,2023,69,226276,241360793,152027142,965782295,945.066728591919,1066.6654572292246,0.6298750518274938
CC-MAIN-2017-13-part-00001.jsonl,2017,1,286943,236722679,153734517,947320501,930.8820924758911,824.9815433727256,0.6494287647023461
CC-MAIN-2022-27-part-00026.jsonl,2022,26,275966,242442251,156392808,970181439,952.3412551879883,878.522176644949,0.645072413553857
CC-MAIN-2015-18-part-00005.jsonl,2015,5,312380,239769612,154621281,959547251,943.613109588623,767.5575004801844,0.6448743846655597
CC-MAIN-2022-21-part-00047.jsonl,2022,47,271260,241764557,156061066,967465026,949.1446352005005,891.2650482931505,0.6455084563946236
CC-MAIN-2014-42-part-00009.jsonl,2014,9,309371,231104270,148867121,924880665,909.8010196685791,747.0133593646464,0.6441556488765872
CC-MAIN-2015-32-part-00001.jsonl,2015,1,284845,214838676,138236625,859781385,845.9134426116943,754.2301111130615,0.6434438508641712
CC-MAIN-2017-30-part-00017.jsonl,2017,17,287796,237620290,155476198,950912433,934.2124691009521,825.6552905530306,0.6543052278911031
CC-MAIN-2014-49-part-00005.jsonl,2014,5,276367,214702977,138058653,859226692,844.576735496521,776.8763166369357,0.6430216056109925
CC-MAIN-2018-05-part-00000.jsonl,2018,0,304568,239845506,156187871,959839327,943.5628080368042,787.4941096897901,0.6512019908348835
CC-MAIN-2013-20-part-00041.jsonl,2013,41,317041,237044845,154426676,948653896,933.1258659362793,747.6788333370132,0.6514660801841103
CC-MAIN-2017-26-part-00009.jsonl,2017,9,286422,237490252,155504598,950391015,933.1788263320923,829.1620476080748,0.6547830771597312
CC-MAIN-2018-47-part-00019.jsonl,2018,19,291238,233343037,149507474,933807809,917.3185806274414,801.2108207033423,0.6407196714423495
CC-MAIN-2013-20-part-00008.jsonl,2013,8,314728,237069635,154585440,948749731,933.1007289886475,753.2524433796802,0.6520676509245902
CC-MAIN-2022-27-part-00039.jsonl,2022,39,277917,242430118,156413856,970136589,952.3460235595703,872.3112224153255,0.6451915186544602
CC-MAIN-2016-07-part-00007.jsonl,2016,7,266874,218858899,141200134,875836186,860.3125638961792,820.0832565180572,0.6451651481624241
CC-MAIN-2021-49-part-00002.jsonl,2021,2,283496,242061057,155602490,968669869,951.7024574279785,853.8429360555351,0.6428233104840156
CC-MAIN-2020-45-part-00011.jsonl,2020,11,296735,237160570,152806074,949088382,932.7980499267578,799.2335585623537,0.6443148369899768
CC-MAIN-2024-18-part-00015.jsonl,2024,15,219246,242550831,150967689,970532764,948.9230527877808,1106.295353164938,0.6224167048926746
CC-MAIN-2024-18-part-00049.jsonl,2024,49,218987,242532724,150917966,970460441,948.9292087554932,1107.5211039924745,0.622258157624948
CC-MAIN-2023-14-part-00040.jsonl,2023,40,253249,241796138,156304304,967563649,948.5236215591431,954.7762794719821,0.646430109648815
CC-MAIN-2023-40-part-00072.jsonl,2023,72,225311,242093352,153126339,968710903,947.5442590713501,1074.4852759075234,0.6325094751052891
CC-MAIN-2018-22-part-00003.jsonl,2018,3,296180,232449112,150776539,930240390,913.8982486724854,784.8237963400635,0.6486432135735584
CC-MAIN-2019-18-part-00017.jsonl,2019,17,288532,232712571,150162263,931283275,915.6647005081177,806.539901986608,0.6452692364436127
CC-MAIN-2021-17-part-00005.jsonl,2021,5,239665,242429227,157097282,970077303,948.5951385498047,1011.533711639163,0.6480129642124379
CC-MAIN-2016-40-part-00008.jsonl,2016,8,273064,222593070,143801376,890781719,874.67955493927,815.1681290832918,0.6460280906319321
CC-MAIN-2021-39-part-00011.jsonl,2021,11,271215,239349267,154286784,957803836,939.7939748764038,882.5074829931973,0.6446093858311251
CC-MAIN-2015-27-part-00005.jsonl,2015,5,298915,235313854,151350795,941703168,925.9615354537964,787.2266497164746,0.6431869285520265
CC-MAIN-2022-21-part-00013.jsonl,2022,13,269810,241794457,156385487,967582578,949.1451320648193,896.1656610207183,0.6467703558646921
CC-MAIN-2020-50-part-00010.jsonl,2020,10,295896,239701532,154471398,959250867,942.6848163604736,810.0870981696272,0.6444322516887376
CC-MAIN-2023-23-part-00038.jsonl,2023,38,243809,242269008,155648300,969441950,949.4359464645386,993.6836129921373,0.6424606320260328
CC-MAIN-2020-45-part-00014.jsonl,2020,14,295311,237157599,152709170,949074375,932.781476020813,803.0774302345662,0.6439143027417814
CC-MAIN-2018-30-part-00021.jsonl,2018,21,295187,235263909,152912184,941497701,925.0466241836548,796.9995596012019,0.6499602282813383
CC-MAIN-2023-14-part-00013.jsonl,2023,13,253523,241839951,156330645,967740414,948.6482667922974,953.9172027784462,0.6464219181056648
CC-MAIN-2017-30-part-00005.jsonl,2017,5,285085,237731755,155453306,951354508,934.2132701873779,833.8978024098076,0.6539021511871647
CC-MAIN-2017-17-part-00004.jsonl,2017,4,278904,231301969,150396909,925626309,909.2795066833496,829.3246744399506,0.6502188876740604
CC-MAIN-2018-09-part-00025.jsonl,2018,25,307188,238116342,154723746,952926270,936.6578645706177,775.1485800226571,0.649782138850428
CC-MAIN-2017-51-part-00020.jsonl,2017,20,314094,239269874,156186921,957550608,941.4837989807129,761.7779199857367,0.6527646727477275
CC-MAIN-2021-43-part-00003.jsonl,2021,3,271586,237562593,153054133,950657250,932.9773120880127,874.7232662950225,0.6442686580710962
CC-MAIN-2019-09-part-00021.jsonl,2019,21,298090,239671145,153699384,959132367,943.6163082122803,804.0227615820726,0.641292818123767
CC-MAIN-2024-22-part-00051.jsonl,2024,51,218017,242113134,150385319,968779635,947.0912389755249,1110.5241059183459,0.6211365592417634
CC-MAIN-2020-16-part-00021.jsonl,2020,21,286034,234962394,151936150,940278161,923.686164855957,821.4491773705224,0.6466402874665977
CC-MAIN-2024-22-part-00030.jsonl,2024,30,219244,242090367,150383357,968690405,947.0615949630737,1104.2052097206765,0.6211868686208403
CC-MAIN-2019-35-part-00013.jsonl,2019,13,279723,238199230,153852306,953218085,936.1474494934082,851.5539658876818,0.6458975790979677
CC-MAIN-2019-04-part-00010.jsonl,2019,10,299721,232781996,149932742,931577004,916.3309717178345,776.6622825894749,0.6440907998744027
CC-MAIN-2020-50-part-00013.jsonl,2020,13,293523,239753546,154670227,959453700,942.6860609054565,816.8134899139079,0.6451217493150236
CC-MAIN-2020-05-part-00013.jsonl,2020,13,278349,235074188,152016823,940713673,923.9615392684937,844.5303845172787,0.6466759464037796
CC-MAIN-2021-43-part-00039.jsonl,2021,39,273185,237553379,153079403,950623147,933.0029382705688,869.5696286399326,0.6444000234574647
CC-MAIN-2024-30-part-00038.jsonl,2024,38,220759,242091300,149690458,968696153,947.2571239471436,1096.631620907868,0.6183223354164318
CC-MAIN-2017-51-part-00021.jsonl,2017,21,313119,239188633,156266597,957224756,941.4854736328125,763.8905112752659,0.6533194953290277
CC-MAIN-2015-06-part-00000.jsonl,2015,0,312525,237285694,152830984,949610786,933.6918535232544,759.2534805215582,0.6440800598792105
CC-MAIN-2024-10-part-00015.jsonl,2024,15,219555,242533784,151649875,970465169,949.0375595092773,1104.6607182710482,0.6252731990525493
CC-MAIN-2017-43-part-00009.jsonl,2017,9,298835,236235475,154167061,945389452,929.1286668777466,790.5214415982064,0.6525991111199535
CC-MAIN-2019-09-part-00013.jsonl,2019,13,296679,239651553,153043895,959051382,943.6418867111206,807.7806417036595,0.6386100698458649
CC-MAIN-2021-31-part-00022.jsonl,2021,22,258347,238737003,154540475,955335575,935.9129419326782,924.0943498472984,0.6473251865359138
CC-MAIN-2024-18-part-00079.jsonl,2024,79,217891,242560419,151023046,970568612,948.9280481338501,1113.2190820180733,0.622620321248703
CC-MAIN-2022-49-part-00039.jsonl,2022,39,261226,240270157,155372673,961471542,943.2522277832031,919.7788772939906,0.6466582239757724
CC-MAIN-2017-09-part-00015.jsonl,2017,15,293573,227094444,146847965,908819222,894.0970821380615,773.5535761122446,0.64663829908582
CC-MAIN-2019-13-part-00007.jsonl,2019,7,292821,240227843,154461547,961352007,945.1606340408325,820.3914439196642,0.6429793693814251
CC-MAIN-2014-10-part-00008.jsonl,2014,8,332359,237182799,153553401,949228846,934.5279350280762,713.6343502056511,0.6474052994036891
CC-MAIN-2021-17-part-00008.jsonl,2021,8,241813,242338229,156902799,969716137,948.5982542037964,1002.1720461679066,0.6474537659512235
CC-MAIN-2018-26-part-00012.jsonl,2018,12,293999,240002351,155307125,960450398,942.6046047210693,816.3373038683806,0.6471066818841287
CC-MAIN-2021-31-part-00029.jsonl,2021,29,258236,238733514,154667224,955321558,935.9116325378418,924.478051085054,0.6478655694734171
CC-MAIN-2022-49-part-00008.jsonl,2022,8,259940,240312848,155397927,961641377,943.2523965835571,924.4935292759868,0.6466484347104071
CC-MAIN-2024-22-part-00017.jsonl,2024,17,217798,242121785,150452112,968813955,947.0870895385742,1111.6804791595882,0.6213902313664176
CC-MAIN-2019-35-part-00018.jsonl,2019,18,281625,238111365,153555434,952868341,936.1486415863037,845.4908655126497,0.6448891425237094
CC-MAIN-2023-14-part-00006.jsonl,2023,6,255016,241810427,156311614,967624289,948.6498956680298,948.2166883646516,0.646422141258615
CC-MAIN-2017-26-part-00008.jsonl,2017,8,290232,237452107,155321112,950242408,933.1829643249512,818.1458522836903,0.6541155349697528
CC-MAIN-2021-25-part-00000.jsonl,2021,0,262106,242021734,156356698,968479647,949.0246438980103,923.373497745187,0.6460440366896967
CC-MAIN-2020-29-part-00003.jsonl,2020,3,290721,241260992,155862142,965479888,948.0206727981567,829.8712236130173,0.6460312573032941
CC-MAIN-2024-30-part-00084.jsonl,2024,84,222109,242028742,149705549,968447541,947.2497625350952,1089.684533269701,0.6185445074122643
CC-MAIN-2018-05-part-00016.jsonl,2018,16,306660,239851406,156211208,959865734,943.6543798446655,782.141153068545,0.6512832699425577
CC-MAIN-2022-49-part-00030.jsonl,2022,30,259776,240282537,155250998,961521176,943.2473545074463,924.9604928861788,0.6461185233781679
CC-MAIN-2018-39-part-00003.jsonl,2018,3,298927,235327614,151693417,941759615,925.3978633880615,787.241078925624,0.6446052565679776
CC-MAIN-2023-50-part-00001.jsonl,2023,1,225714,241515879,152080687,966402131,945.5539207458496,1070.008413301789,0.6296922903359079
CC-MAIN-2022-27-part-00030.jsonl,2022,30,276394,242399170,156331397,970011472,952.3429985046387,877.0059046144272,0.6449337140882124
CC-MAIN-2022-40-part-00004.jsonl,2022,4,260696,241807678,156635343,967621798,948.8156232833862,927.5465599779053,0.6477682772339429
CC-MAIN-2024-30-part-00029.jsonl,2024,29,223080,242044727,149689836,968514088,947.239107131958,1085.0131208535054,0.6184387400432814
CC-MAIN-2018-30-part-00016.jsonl,2018,16,292910,235296127,152819410,941623191,924.9964427947998,803.3052029633676,0.6494769461292493
CC-MAIN-2016-07-part-00008.jsonl,2016,8,268288,218449238,140683042,874200068,858.6576089859009,814.2340991770038,0.6440079319480162
CC-MAIN-2021-21-part-00010.jsonl,2021,10,251227,240551719,155096775,962583806,942.5838613510132,957.5074295358381,0.6447543823205852
CC-MAIN-2021-31-part-00002.jsonl,2021,2,257706,238789290,154672474,955543866,935.9088830947876,926.5957719261484,0.6477362280360229
CC-MAIN-2023-50-part-00052.jsonl,2023,52,224722,241384182,152017751,965874234,945.0930109024048,1074.145753419781,0.6297751150901844
CC-MAIN-2016-22-part-00000.jsonl,2016,0,260980,211420751,135312858,846074637,830.7855291366577,810.1032684496896,0.6400169205718127
CC-MAIN-2020-05-part-00009.jsonl,2020,9,278360,235036758,151994388,940564616,923.9209117889404,844.3625449058773,0.6466834774839773
CC-MAIN-2019-43-part-00007.jsonl,2019,7,294308,236908245,152389955,948074438,932.220685005188,804.9670583198554,0.6432446240948685
CC-MAIN-2024-22-part-00039.jsonl,2024,39,217542,242077129,150069742,968634450,947.0884618759155,1112.783411938844,0.6199253214044851
CC-MAIN-2017-22-part-00010.jsonl,2017,10,272399,232113609,151049367,928862720,911.6688299179077,852.1088880649341,0.6507561863811269
CC-MAIN-2022-40-part-00021.jsonl,2022,21,261057,241774969,156451261,967490920,948.8212308883667,926.1386172368486,0.6470945344222131
CC-MAIN-2014-42-part-00006.jsonl,2014,6,309299,231104605,148866910,924881300,909.7878580093384,747.1883355587959,0.6441538021278287
CC-MAIN-2024-22-part-00091.jsonl,2024,91,216973,242105548,150431221,968747177,947.0941734313965,1115.8326059002734,0.6213456165820702
CC-MAIN-2017-26-part-00012.jsonl,2017,12,287561,237536819,155440265,950579262,933.1801557540894,826.0397585208008,0.6543838789051056
CC-MAIN-2017-43-part-00014.jsonl,2017,14,299994,236236663,154152392,945396856,929.1386594772339,787.4712927591885,0.6525337347827336
CC-MAIN-2022-40-part-00031.jsonl,2022,31,261243,241794723,156477183,967571071,948.8185033798218,925.5548397469023,0.6471488751224732
CC-MAIN-2017-22-part-00013.jsonl,2017,13,276264,232082334,151021836,928743513,911.6686153411865,840.0744722439406,0.6507252551157126
CC-MAIN-2018-51-part-00009.jsonl,2018,9,293111,232741141,149338761,931403854,916.3122148513794,794.037552326593,0.6416517524935568
CC-MAIN-2014-41-part-00009.jsonl,2014,9,334632,237812954,153411144,951753838,937.0638427734375,710.6700913242009,0.6450916210392812
CC-MAIN-2023-40-part-00070.jsonl,2023,70,226348,242062438,153185604,968589080,947.510139465332,1069.4260077402937,0.6328350869538875
CC-MAIN-2022-21-part-00037.jsonl,2022,37,269996,241798677,156240706,967599603,949.2247314453125,895.5639231692321,0.6461603013650897
CC-MAIN-2017-51-part-00007.jsonl,2017,7,312747,239266972,156188928,957536900,941.4547319412231,765.0496151841585,0.6527809780616106
CC-MAIN-2024-22-part-00008.jsonl,2024,8,218269,242088421,150302177,968681209,947.0928821563721,1109.1287402242187,0.6208565299370514
CC-MAIN-2024-18-part-00065.jsonl,2024,65,217501,242543925,151000748,970501948,948.9279670715332,1115.1393556811233,0.622570728168104
CC-MAIN-2021-21-part-00022.jsonl,2021,22,251734,240528482,155564515,962490967,942.5401287078857,955.4866724399565,0.6467613053825367
CC-MAIN-2018-22-part-00009.jsonl,2018,9,297769,232479603,150697848,930365311,914.1939430236816,780.7380989962018,0.6482196547797787
CC-MAIN-2022-21-part-00004.jsonl,2022,4,272977,241759051,156198260,967445499,949.1495380401611,885.6389036438967,0.6460906400563262
CC-MAIN-2024-18-part-00054.jsonl,2024,54,218414,242550419,151025097,970528424,948.9284133911133,1110.5076551869386,0.6226544469502648
CC-MAIN-2019-26-part-00020.jsonl,2019,20,285847,232493105,150142011,930401458,914.1888599395752,813.3480673227286,0.6457912418520971
CC-MAIN-2024-22-part-00049.jsonl,2024,49,219110,242077681,150470175,968638116,947.0855207443237,1104.8226050842043,0.6215780586563038
CC-MAIN-2017-22-part-00009.jsonl,2017,9,275803,232056352,150950862,928638640,911.6688299179077,841.3844374426674,0.6504922649133087
CC-MAIN-2017-47-part-00015.jsonl,2017,15,299206,235838128,153789236,943800879,927.9006261825562,788.2132310180946,0.6520965770216764
CC-MAIN-2016-18-part-00005.jsonl,2016,5,266177,205257234,132087402,821429268,807.8942413330078,771.1306160938022,0.6435212997170175
CC-MAIN-2017-22-part-00005.jsonl,2017,5,272590,232123834,151010417,928904277,911.6677198410034,851.5493378333762,0.65055972235923
CC-MAIN-2024-26-part-00053.jsonl,2024,53,218313,241354310,149625499,965744168,944.3642311096191,1105.542546710457,0.6199412763749692
CC-MAIN-2020-29-part-00027.jsonl,2020,27,287892,241294922,155929180,965610845,948.0338325500488,838.1438942381171,0.6462182407634753
CC-MAIN-2015-35-part-00002.jsonl,2015,2,292875,219074199,140945683,876736386,862.4930238723755,748.0126299615877,0.6433696146938782
CC-MAIN-2018-05-part-00017.jsonl,2018,17,305915,239812279,156273350,959708206,943.463924407959,783.918013173594,0.6516486589079119
CC-MAIN-2015-27-part-00003.jsonl,2015,3,297010,235387951,151384380,941996143,925.9602613449097,792.5253392141678,0.6431271412018876
CC-MAIN-2019-09-part-00014.jsonl,2019,14,298639,239645946,153497550,959031335,943.667477607727,802.4603149622119,0.6405180332155505
CC-MAIN-2020-34-part-00016.jsonl,2020,16,291113,240215730,154809167,961299431,944.2817239761353,825.163184055676,0.6444589078325553
CC-MAIN-2017-39-part-00002.jsonl,2017,2,301814,237291654,154665604,949619397,933.7792673110962,786.2181807338294,0.6517953808860045
CC-MAIN-2024-10-part-00050.jsonl,2024,50,222226,242522637,151457317,970424224,948.957329750061,1091.3333138336648,0.6245079588178813
CC-MAIN-2017-39-part-00009.jsonl,2017,9,298827,237382711,154394218,949978262,933.7746334075928,794.3817359207836,0.6504021179537376
CC-MAIN-2024-22-part-00070.jsonl,2024,70,217712,242097153,150385776,968715109,947.0859079360962,1112.0064718527228,0.6211794485662538
CC-MAIN-2015-48-part-00003.jsonl,2015,3,308064,242030601,155718882,968584509,951.9574031829834,785.6503875818012,0.6433850982339212
CC-MAIN-2019-51-part-00000.jsonl,2019,0,273449,231717796,149290067,927281812,910.775336265564,847.3894437353949,0.6442753624326722
CC-MAIN-2023-23-part-00054.jsonl,2023,54,243285,242230194,155785055,969285453,949.4386911392212,995.664319625131,0.643128143636792
CC-MAIN-2017-09-part-00007.jsonl,2017,7,295699,227078845,146818657,908758323,894.1016635894775,767.9391712518474,0.6465536540843335
CC-MAIN-2014-52-part-00003.jsonl,2014,3,320920,239500213,154255682,958481866,943.0621385574341,746.292574473389,0.6440732560016554
CC-MAIN-2024-18-part-00000.jsonl,2024,0,220005,242554060,150939103,970545750,948.9469146728516,1102.493397877321,0.6222905648332582
CC-MAIN-2020-29-part-00021.jsonl,2020,21,291337,241232709,155880921,965368735,948.0145120620728,828.0194722949711,0.6461848463509979
CC-MAIN-2022-33-part-00014.jsonl,2022,14,276489,242198842,156130623,969210359,951.4185771942139,875.9800281385516,0.6446381894757366
CC-MAIN-2024-30-part-00046.jsonl,2024,46,220924,242065392,149789452,968592935,947.2531595230103,1095.6953160362839,0.6187974694044657
CC-MAIN-2021-43-part-00020.jsonl,2021,20,273612,237544458,153108619,950588070,933.0056352615356,868.1799701767467,0.6445472156626781
CC-MAIN-2017-34-part-00018.jsonl,2017,18,303404,234505003,153656141,938474405,922.4842138290405,772.9133531528919,0.6552360889289854
CC-MAIN-2023-40-part-00060.jsonl,2023,60,225328,242037267,153247781,968487067,947.5424480438232,1074.1553069303416,0.6331577897051697
CC-MAIN-2021-21-part-00023.jsonl,2021,23,249553,240598076,155609749,962766226,942.5834302902222,964.1161436648728,0.6467622334602543
CC-MAIN-2023-06-part-00031.jsonl,2023,31,258947,239458172,154949768,958221629,939.6025848388672,924.7381587738031,0.6470849029950834
CC-MAIN-2014-23-part-00006.jsonl,2014,6,336552,233438513,150778751,934258584,920.2615022659302,693.6179639401935,0.645903493225216
CC-MAIN-2024-30-part-00030.jsonl,2024,30,221206,242073032,149791374,968624726,947.2515840530396,1094.3330289413489,0.6187858794613685
CC-MAIN-2018-17-part-00001.jsonl,2018,1,302624,240206239,155395229,961278726,945.0068225860596,793.7448417838638,0.6469241999996511
CC-MAIN-2019-30-part-00014.jsonl,2019,14,295534,242412448,156487855,970092482,953.6493492126465,820.2523161463656,0.6455438088723893
CC-MAIN-2019-43-part-00019.jsonl,2019,19,295822,236922172,152489317,948131384,932.1011629104614,800.8943621502119,0.6436261989021441
CC-MAIN-2020-34-part-00006.jsonl,2020,6,292003,240199802,154748088,961237972,944.2821283340454,822.5936103396198,0.6442473587051499
CC-MAIN-2020-10-part-00018.jsonl,2020,18,299835,242248979,156234414,969446705,952.9965219497681,807.940964196975,0.6449332197185442
CC-MAIN-2016-50-part-00011.jsonl,2016,11,347455,234071310,150763740,936806838,923.7001371383667,673.6737419234146,0.6440932039044
CC-MAIN-2023-50-part-00038.jsonl,2023,38,225620,241395349,152063673,965919594,945.0813999176025,1069.9199937948763,0.6299362172052453
CC-MAIN-2014-15-part-00004.jsonl,2014,4,323275,236585388,153000116,946826720,931.9240531921387,731.8394184517825,0.646701460700523
CC-MAIN-2020-10-part-00002.jsonl,2020,2,300264,242240453,156218917,969413381,952.9597873687744,806.7582294247728,0.6448919454423246
CC-MAIN-2022-40-part-00012.jsonl,2022,12,261962,241813195,156733617,967645965,948.8185338973999,923.085008512685,0.6481599029366449
CC-MAIN-2015-22-part-00008.jsonl,2015,8,293732,229128598,148138649,916955059,901.2858381271362,780.0600479348522,0.6465305958883404
CC-MAIN-2020-40-part-00001.jsonl,2020,1,301082,237034167,152690807,948588064,932.4780492782593,787.2744534711474,0.6441721416474107
CC-MAIN-2024-30-part-00050.jsonl,2024,50,222930,242048189,149694061,968526989,947.2518949508667,1085.7587090117975,0.6184473497548044
CC-MAIN-2019-43-part-00011.jsonl,2019,11,292803,237003246,152434313,948452663,932.219090461731,809.4290222436246,0.6431739462336309
CC-MAIN-2022-40-part-00041.jsonl,2022,41,261613,241853565,156730751,967806803,948.9435958862305,924.4707449553348,0.6480398624680186
CC-MAIN-2014-52-part-00002.jsonl,2014,2,324321,239466695,154331340,958353506,943.0625534057617,738.3632111395808,0.6444793502495201
CC-MAIN-2017-39-part-00019.jsonl,2017,19,298686,237353187,154634825,949860847,933.7738981246948,794.6578915650549,0.6514967292181335
CC-MAIN-2022-27-part-00041.jsonl,2022,41,276034,242395192,156203893,969994504,952.2664184570312,878.1352731909838,0.6444182812008912
CC-MAIN-2024-22-part-00031.jsonl,2024,31,217924,242126186,150363483,968831824,947.1236810684204,1111.0579192746095,0.6210128920132579
CC-MAIN-2021-39-part-00028.jsonl,2021,28,271214,239337027,154060498,957754725,939.7936191558838,882.46560649524,0.6436968818869803
CC-MAIN-2024-18-part-00057.jsonl,2024,57,219769,242515067,150983127,970389675,948.9254484176636,1103.4998885193088,0.6225721513624554
CC-MAIN-2018-05-part-00026.jsonl,2018,26,306384,239804893,156147744,959678133,943.5581130981445,782.6939167841663,0.6511449455703975
CC-MAIN-2017-51-part-00017.jsonl,2017,17,313336,239223535,156236958,957364774,941.4719972610474,763.4728693798351,0.6531002812913036
CC-MAIN-2014-42-part-00007.jsonl,2014,7,310392,231133700,148905218,925000445,909.8623523712158,744.6509574989046,0.6442384559239955
CC-MAIN-2020-16-part-00004.jsonl,2020,4,284212,234988059,151902233,940377373,923.6878395080566,826.805550082333,0.6464253275099395
CC-MAIN-2022-49-part-00027.jsonl,2022,27,259994,240330299,155297923,961710485,943.4275722503662,924.3686354300484,0.6461853692446827
CC-MAIN-2020-16-part-00011.jsonl,2020,11,283981,235015494,152058670,940487174,923.7408962249756,827.5747109841856,0.647015511241144
CC-MAIN-2017-17-part-00003.jsonl,2017,3,278422,231353308,150371972,925831089,909.370527267456,830.9447816623687,0.64996681179938
CC-MAIN-2022-40-part-00005.jsonl,2022,5,261920,241812721,156589053,967643601,948.8322324752808,923.2312194563225,0.6475633389030844
CC-MAIN-2019-18-part-00004.jsonl,2019,4,290567,232708600,150051748,931270710,915.6899709701538,800.877594496278,0.6448053402409709
CC-MAIN-2024-22-part-00053.jsonl,2024,53,217893,242081083,150365174,968651444,947.0925722122192,1111.0089952407834,0.621135580428645
CC-MAIN-2023-06-part-00019.jsonl,2023,19,259216,239433663,154970887,958123647,939.6224384307861,923.6839662675144,0.6472393441184584
CC-MAIN-2022-05-part-00028.jsonl,2022,28,273692,238232088,153819432,953338847,935.6400384902954,870.4386244391505,0.6456705026234753
CC-MAIN-2024-10-part-00025.jsonl,2024,25,220824,242523973,151441740,970427282,948.9563684463501,1098.2681819005181,0.6244402898677567
CC-MAIN-2022-49-part-00046.jsonl,2022,46,257153,240344633,155395024,961763117,943.2557849884033,934.6367065521305,0.6465508385202843
CC-MAIN-2022-05-part-00023.jsonl,2022,23,273642,238232901,153696033,953341920,935.6394968032837,870.6006424452387,0.6451503228766878
CC-MAIN-2022-27-part-00016.jsonl,2022,16,272220,242441958,156427797,970176507,952.3639364242554,890.6103813092352,0.6452175122261634
CC-MAIN-2020-50-part-00019.jsonl,2020,19,296616,239708803,154669708,959279660,942.6786689758301,808.1452214310759,0.6452399998009252
CC-MAIN-2018-51-part-00010.jsonl,2018,10,294185,232740537,149417515,931404523,916.348406791687,791.1366555058892,0.6419917944934534
CC-MAIN-2015-06-part-00006.jsonl,2015,6,313502,237259907,152859641,949509631,933.68408203125,756.8050825832053,0.6442708459798899
CC-MAIN-2020-50-part-00020.jsonl,2020,20,297652,239699441,154662138,959243753,942.6877965927124,805.3009588378375,0.6452336198814915
CC-MAIN-2021-10-part-00021.jsonl,2021,21,249285,237396653,153518401,949961768,930.2154512405396,952.3102192269891,0.6466746647856068
CC-MAIN-2018-13-part-00019.jsonl,2018,19,315564,241809588,156996642,967711609,951.2869644165039,766.2774841236643,0.6492573073653308
CC-MAIN-2024-30-part-00085.jsonl,2024,85,220301,242094599,149727856,968709247,947.3536520004272,1098.9264642466444,0.618468386401301
CC-MAIN-2022-21-part-00036.jsonl,2022,36,269857,241786583,156174199,967550604,949.1220550537109,895.9804007307574,0.6459175569721336
CC-MAIN-2015-11-part-00005.jsonl,2015,5,278717,220933482,142861978,884150677,868.7284088134766,792.680324486845,0.6466289161187438
CC-MAIN-2018-51-part-00021.jsonl,2018,21,294832,232719845,149394773,931321926,916.3092966079712,789.3303474521083,0.6419511537574288
CC-MAIN-2021-25-part-00030.jsonl,2021,30,261760,242026219,156161252,968496351,949.028115272522,924.611166717604,0.6452245242074373
CC-MAIN-2024-18-part-00047.jsonl,2024,47,219595,242497888,150909782,970321219,948.9537258148193,1104.2960358842415,0.6223137992855426
CC-MAIN-2019-04-part-00011.jsonl,2019,11,301358,232821246,149875126,931737014,916.3340616226196,772.5736366713344,0.6437347474723162
CC-MAIN-2024-18-part-00018.jsonl,2024,18,219270,242532641,150909205,970458903,948.9267387390137,1106.0913075204087,0.6222222476025402
CC-MAIN-2019-22-part-00012.jsonl,2019,12,296366,236345036,152416514,945825232,929.7575073242188,797.4768900616131,0.6448898465546786
CC-MAIN-2020-40-part-00028.jsonl,2020,28,301720,236994896,152755225,948432972,932.3979511260986,785.4795704626806,0.6445506953027377
CC-MAIN-2021-17-part-00014.jsonl,2021,14,241344,242412617,157041636,970012348,948.5980281829834,1004.4277752916998,0.6478278150018899
CC-MAIN-2023-06-part-00027.jsonl,2023,27,259140,239438439,154907639,958141951,939.6305456161499,923.973292428803,0.6469622824428788
CC-MAIN-2021-17-part-00011.jsonl,2021,11,241035,242344192,156843185,969738492,948.5938291549683,1005.4315431368889,0.6471918460501005
CC-MAIN-2024-10-part-00011.jsonl,2024,11,220294,242552388,151591847,970539964,948.9814615249634,1101.039465441637,0.6249860009623983
CC-MAIN-2022-27-part-00037.jsonl,2022,37,276846,242438287,156152493,970168404,952.348349571228,875.7153327120493,0.6440917188958689
CC-MAIN-2017-04-part-00002.jsonl,2017,2,332791,234307133,150904717,937727771,924.0864591598511,704.0669158721239,0.6440466197842982
CC-MAIN-2022-49-part-00007.jsonl,2022,7,260561,240270686,155275087,961473148,943.2507734298706,922.1283538211782,0.6462506499856583
CC-MAIN-2020-50-part-00004.jsonl,2020,4,295858,239689509,154701624,959201834,942.6849317550659,810.1505080139797,0.6454250945125846
CC-MAIN-2023-23-part-00016.jsonl,2023,16,243761,242274803,155827946,969464670,949.4390096664429,993.9030566825702,0.6431867617698569
CC-MAIN-2019-30-part-00016.jsonl,2019,16,296207,242487180,156432823,970392503,953.6867370605469,818.6409504164318,0.6451179109757472
CC-MAIN-2021-31-part-00027.jsonl,2021,27,257588,238768146,154562409,955459418,935.9063720703125,926.9381570570058,0.6473326178107527
CC-MAIN-2022-49-part-00026.jsonl,2022,26,261195,240201934,155272916,961200406,943.2524967193604,919.626845843144,0.6464265853912733
CC-MAIN-2023-50-part-00061.jsonl,2023,61,226854,241432523,152031682,966070583,945.2691278457642,1064.263901011223,0.6297067193387198
CC-MAIN-2022-40-part-00022.jsonl,2022,22,262602,241795400,156517135,967575187,948.8596687316895,920.7675493712919,0.6473122937822638
CC-MAIN-2022-40-part-00037.jsonl,2022,37,260744,241767316,156438982,967459917,948.6545238494873,927.2210137146013,0.6470642293104665
CC-MAIN-2020-24-part-00016.jsonl,2020,16,296616,241867114,156108741,967913366,950.674916267395,815.4216697683199,0.6454318589173723
CC-MAIN-2024-30-part-00000.jsonl,2024,0,220780,242083540,149795385,968664853,947.2624292373657,1096.492164145303,0.6187755887905473
CC-MAIN-2024-10-part-00069.jsonl,2024,69,220186,242547347,151615539,970518997,948.9621105194092,1101.5566248535329,0.6250966703008299
CC-MAIN-2022-40-part-00025.jsonl,2022,25,262084,241815513,156562983,967655033,948.820930480957,922.6641572930816,0.6474480526813844
CC-MAIN-2018-13-part-00017.jsonl,2018,17,309708,241898296,157263721,968058333,951.3990421295166,781.0527852041278,0.6501233105007073
CC-MAIN-2017-34-part-00001.jsonl,2017,1,303907,234463308,153601657,938309560,922.4623889923096,771.4968987223065,0.6551202331411276
CC-MAIN-2017-34-part-00004.jsonl,2017,4,303129,234462819,153558357,938306296,922.471212387085,773.4753817681581,0.6549369220029723
CC-MAIN-2018-13-part-00023.jsonl,2018,23,308397,241927278,157276738,968171540,951.3798923492432,784.4670278893764,0.6500992335390968
CC-MAIN-2022-27-part-00018.jsonl,2022,18,274830,242466431,156378016,970277707,952.3446617126465,882.2414983808172,0.6449470772306621
CC-MAIN-2013-20-part-00030.jsonl,2013,30,313848,237082440,154623095,948800539,933.1215238571167,755.405291733578,0.6521912588718085
CC-MAIN-2014-35-part-00002.jsonl,2014,2,332186,234873984,151693877,939994695,925.4629526138306,707.0556375042897,0.6458521902536468
CC-MAIN-2021-31-part-00025.jsonl,2021,25,257335,238744882,154568686,955364852,935.9098892211914,927.7590766899178,0.6474219874585626
CC-MAIN-2022-40-part-00007.jsonl,2022,7,260992,241807790,156700563,967622697,948.8144407272339,926.495026667484,0.6480376955597668
CC-MAIN-2020-10-part-00015.jsonl,2020,15,299543,242281191,156283863,969573760,952.9961833953857,808.8360969877447,0.6450515715023045
CC-MAIN-2020-50-part-00018.jsonl,2020,18,295110,239726762,154681944,959350087,942.6935129165649,812.3301887431805,0.6452427034408449
CC-MAIN-2023-06-part-00011.jsonl,2023,11,259333,239447922,154953391,958180408,939.6106061935425,923.3222227792066,0.6471277332697003
CC-MAIN-2017-51-part-00005.jsonl,2017,5,314495,239266312,156228006,957537576,941.5301752090454,760.7952813240274,0.6529461030017465
CC-MAIN-2018-47-part-00022.jsonl,2018,22,291287,233370363,149633000,933917999,917.33180809021,801.169853100207,0.641182530962597
CC-MAIN-2014-23-part-00001.jsonl,2014,1,336140,233457288,150867737,934333751,920.2626323699951,694.5239721544594,0.6462327147396658
CC-MAIN-2020-24-part-00008.jsonl,2020,8,296654,241855542,156060644,967866720,950.6909732818604,815.2782096314224,0.6452638740856308
CC-MAIN-2018-43-part-00027.jsonl,2018,27,275757,234704714,149854162,939233274,921.0218639373779,851.1287619171952,0.6384795577646557
CC-MAIN-2021-10-part-00006.jsonl,2021,6,248519,237379659,153289936,949890876,930.2126245498657,955.1771051710332,0.6457585146333031
CC-MAIN-2022-49-part-00047.jsonl,2022,47,259299,240300309,155345570,961590150,943.2637405395508,926.7305658718313,0.6464642956410015
CC-MAIN-2019-35-part-00005.jsonl,2019,5,282532,238184206,153777100,953160433,936.1455202102661,843.0344385768692,0.6456225733120189
CC-MAIN-2018-26-part-00009.jsonl,2018,9,297035,239939245,155128941,960202588,942.6062450408936,807.7810527378929,0.6465342549527485
CC-MAIN-2023-40-part-00002.jsonl,2023,2,224120,242089773,153160511,968696389,947.5444955825806,1080.1792477244333,0.6326599802297307
CC-MAIN-2019-39-part-00004.jsonl,2019,4,284310,237866921,153058441,951894518,934.902681350708,836.6463402623897,0.6434624888426583
CC-MAIN-2022-05-part-00027.jsonl,2022,27,273808,238243990,153761647,953387262,935.6417760848999,870.1133275872144,0.6453957012724644
CC-MAIN-2017-34-part-00023.jsonl,2017,23,306124,234478055,153471100,938371042,922.4862680435181,765.9577654806549,0.654522232368398
CC-MAIN-2018-47-part-00008.jsonl,2018,8,292681,233397043,149694912,934026688,917.335150718689,797.4451467638829,0.6413745010471277
CC-MAIN-2017-43-part-00024.jsonl,2017,24,298196,236199301,154200369,945245054,929.127477645874,792.094129364579,0.6528400733920885
CC-MAIN-2024-10-part-00057.jsonl,2024,57,219900,242520157,151494676,970411004,948.9591817855835,1102.8656525693498,0.6246683899351096
CC-MAIN-2017-30-part-00006.jsonl,2017,6,284122,237717580,155204772,951295998,934.1835374832153,836.674315962861,0.6528956419630386
CC-MAIN-2021-17-part-00006.jsonl,2021,6,240169,242386493,156930959,969905434,948.5981340408325,1009.2330525588231,0.6474410230441348
CC-MAIN-2017-47-part-00016.jsonl,2017,16,301907,235806646,153441034,943679307,927.9684553146362,781.0572328564757,0.6507069949165046
CC-MAIN-2017-13-part-00009.jsonl,2017,9,288840,236730903,153487491,947356609,930.8508892059326,819.5918259243872,0.6483627150275348
CC-MAIN-2016-40-part-00004.jsonl,2016,4,272547,222659987,143993365,891049284,874.8000392913818,816.9599628687896,0.6466961888397128
CC-MAIN-2018-47-part-00020.jsonl,2018,20,289489,233373766,149674235,933929299,917.3270931243896,806.1576294781494,0.6413498722045733
CC-MAIN-2018-05-part-00013.jsonl,2018,13,307192,239813535,156240272,959714785,943.5362615585327,780.6633473527957,0.6515073137969465
CC-MAIN-2016-44-part-00015.jsonl,2016,15,350890,237622090,153679158,951014122,937.1445827484131,677.1982387642851,0.6467376749358614
CC-MAIN-2018-51-part-00015.jsonl,2018,15,292762,232725435,149430343,931340176,916.176944732666,794.9304725340037,0.6420885753205274
CC-MAIN-2020-05-part-00019.jsonl,2020,19,277814,235105595,151984833,940838668,923.9645385742188,846.2697884195901,0.646453492525348
CC-MAIN-2024-10-part-00039.jsonl,2024,39,218394,242555435,151501338,970548889,948.9512386322021,1110.632320484995,0.6246050021513638
CC-MAIN-2018-26-part-00006.jsonl,2018,6,294958,239985752,155000005,960383715,942.605227470398,813.6268621295235,0.6458716974164366
CC-MAIN-2017-30-part-00010.jsonl,2017,10,286354,237521702,155236956,950515740,933.5302438735962,829.4687764096188,0.6535695672978968
CC-MAIN-2019-09-part-00012.jsonl,2019,12,297937,239704818,153524216,959266078,943.6294612884521,804.5486730416162,0.6404719658158894
CC-MAIN-2017-47-part-00001.jsonl,2017,1,300369,235820929,153682908,943734176,927.8843650817871,785.104085308404,0.6516932515349391
CC-MAIN-2022-27-part-00023.jsonl,2022,23,272482,242482747,156558861,970339683,952.3531608581543,889.9037257506918,0.6456494861467401
CC-MAIN-2019-18-part-00018.jsonl,2019,18,291350,232576289,149925235,930742430,915.6961822509766,798.2711137806762,0.6446282019746218
CC-MAIN-2018-05-part-00005.jsonl,2018,5,306216,239791752,156189408,959626353,943.5585145950317,783.080413825535,0.6513543801956958
CC-MAIN-2022-05-part-00029.jsonl,2022,29,273079,238256109,153749766,953433252,935.672384262085,872.4805239509446,0.6453130064337615
CC-MAIN-2016-30-part-00000.jsonl,2016,0,297828,242252123,156795821,969455400,952.4833498001099,813.3960641712666,0.6472422988837956
CC-MAIN-2018-09-part-00021.jsonl,2018,21,308864,238064327,154664267,952721395,936.6618537902832,770.7739555273519,0.6496742664011144
CC-MAIN-2021-25-part-00016.jsonl,2021,16,262564,242050674,156383875,968596121,949.012523651123,921.8730442863455,0.6460790726821112
CC-MAIN-2024-18-part-00081.jsonl,2024,81,217761,242563884,151017542,970582205,948.9245309829712,1113.8995687933102,0.6225887362522609
CC-MAIN-2023-50-part-00018.jsonl,2023,18,225476,241415821,152020186,966001239,945.0653324127197,1070.694091610637,0.6297026655929066
CC-MAIN-2017-26-part-00011.jsonl,2017,11,287656,237493692,155210547,950405213,933.1789503097534,825.6170286731374,0.6535354505331451
CC-MAIN-2023-23-part-00047.jsonl,2023,47,243745,242227884,155745138,969276913,949.4395904541016,993.775806683214,0.6429694857095808
CC-MAIN-2021-04-part-00006.jsonl,2021,6,289016,238673889,154167606,955129108,938.0627002716064,825.815487723863,0.6459341097006217
CC-MAIN-2021-49-part-00013.jsonl,2021,13,283150,242079907,155610254,968743934,951.7047052383423,854.9528765671905,0.6428053279118288
CC-MAIN-2021-10-part-00013.jsonl,2021,13,249170,237439434,153612023,950131959,930.2132139205933,952.921435164747,0.6469524476713502
CC-MAIN-2022-05-part-00026.jsonl,2022,26,277249,238170834,153739938,953099388,935.6414775848389,859.0502905330587,0.6455027906565587
CC-MAIN-2017-22-part-00016.jsonl,2017,16,271637,232126595,151071218,928913274,911.6658210754395,854.5470425604759,0.6508139147089114
CC-MAIN-2020-29-part-00007.jsonl,2020,7,286357,241342448,155964885,965798954,948.013596534729,842.8026833637732,0.6462389285120701
CC-MAIN-2019-51-part-00020.jsonl,2019,20,275704,231752154,149497806,927421936,910.7872171401978,840.5832124307228,0.6450762308772328
CC-MAIN-2023-06-part-00032.jsonl,2023,32,259844,239412921,154964525,958041592,939.6132507324219,921.3717499730608,0.6472688456108849
CC-MAIN-2017-43-part-00010.jsonl,2017,10,300222,236209315,154097870,945288035,929.126651763916,786.78216453158,0.6523784635673661
CC-MAIN-2017-43-part-00006.jsonl,2017,6,296346,236238839,154251267,945399167,929.1660270690918,797.1723559622873,0.6529462625745465
CC-MAIN-2019-04-part-00004.jsonl,2019,4,299931,232769844,149875057,931528546,916.3166561126709,776.077977934925,0.6438766054248849
CC-MAIN-2022-49-part-00048.jsonl,2022,48,258558,240301065,155466573,961592707,943.2382202148438,929.3894019910426,0.6469658093275616
CC-MAIN-2014-42-part-00000.jsonl,2014,0,308848,231123439,148928497,924956406,909.8890008926392,748.3404101694038,0.6443677787262416
CC-MAIN-2023-06-part-00012.jsonl,2023,12,258543,239463660,154922991,958243185,939.6289434432983,926.2043837968926,0.6469582524546731
CC-MAIN-2015-06-part-00004.jsonl,2015,4,312264,237275030,152837677,949569276,933.6923351287842,759.8539376937463,0.6441372149441936
CC-MAIN-2018-30-part-00022.jsonl,2018,22,293750,235327132,152842779,941749356,925.0543985366821,801.1136408510638,0.6494906800631897
CC-MAIN-2018-05-part-00023.jsonl,2018,23,306220,239847832,156219915,959850721,943.561957359314,783.2533211416628,0.6513292769725765
CC-MAIN-2020-45-part-00015.jsonl,2020,15,294264,237143900,152772492,949017771,932.796895980835,805.8882500067966,0.64421851879808
CC-MAIN-2016-44-part-00011.jsonl,2016,11,355159,237574086,153542350,950828993,937.134596824646,668.9231752539004,0.6462925001003686
CC-MAIN-2024-30-part-00083.jsonl,2024,83,222251,242076377,149685593,968638580,947.2575826644897,1089.202644757504,0.6183403554490573
CC-MAIN-2022-40-part-00019.jsonl,2022,19,260227,241845569,156772215,967772748,948.8153266906738,929.3638592459661,0.6482327364864807
CC-MAIN-2024-18-part-00064.jsonl,2024,64,219472,242534269,150999767,970466498,948.9223232269287,1105.0806891084055,0.6225914697440138
CC-MAIN-2024-30-part-00032.jsonl,2024,32,221406,242053534,149612253,968546886,947.2531394958496,1093.2564338816474,0.6180957184454906
CC-MAIN-2022-05-part-00006.jsonl,2022,6,272929,238249027,153734746,953405528,935.6372337341309,872.9340854214832,0.6452691452125007
CC-MAIN-2019-39-part-00003.jsonl,2019,3,285701,237751746,153108915,951436012,934.9098663330078,832.1698068960206,0.6439865009445609
CC-MAIN-2017-17-part-00011.jsonl,2017,11,280177,231332868,150482593,925752196,909.3275661468506,825.6668748683868,0.6505024309818352
CC-MAIN-2024-26-part-00034.jsonl,2024,34,216938,241407170,149744155,965953979,944.5249261856079,1112.7933787533766,0.6202970483436759
CC-MAIN-2024-26-part-00085.jsonl,2024,85,218798,241349102,149696587,965724535,944.5194892883301,1103.0681359061782,0.6202491981925833
CC-MAIN-2023-14-part-00011.jsonl,2023,11,252807,241827664,156251863,967690244,948.6469449996948,956.5702848417964,0.6461289846475132
CC-MAIN-2021-39-part-00035.jsonl,2021,35,273109,239342479,154198564,957778999,939.7804899215698,876.3624743234386,0.6442590744620807
CC-MAIN-2024-26-part-00072.jsonl,2024,72,220500,241381379,149607004,965856536,944.5593404769897,1094.7001315192745,0.6197951334100217
CC-MAIN-2018-34-part-00018.jsonl,2018,18,297316,237159862,152535121,949085488,932.3430967330933,797.6693551642024,0.6431742695144594
CC-MAIN-2021-04-part-00029.jsonl,2021,29,292730,238651955,154042855,955046684,938.0569686889648,815.2630581081543,0.64547074420572
CC-MAIN-2017-39-part-00007.jsonl,2017,7,302080,237351214,154794642,949858004,933.768684387207,785.7230336334745,0.6521754803411286
CC-MAIN-2022-33-part-00023.jsonl,2022,23,274518,242266723,156024873,969478970,951.4580926895142,882.5167129295711,0.6440210651629609
CC-MAIN-2022-21-part-00031.jsonl,2022,31,271909,241740021,156166387,967368529,949.1607704162598,889.0475158968626,0.646009652659044
CC-MAIN-2022-49-part-00020.jsonl,2022,20,258882,240275065,155407297,961489017,943.2509088516235,928.1258063519286,0.6467891164653311
CC-MAIN-2015-06-part-00001.jsonl,2015,1,311832,237285812,152849756,949611365,933.6769199371338,760.9411862797917,0.6441588509303708
CC-MAIN-2014-41-part-00003.jsonl,2014,3,335122,237780671,153356035,951625509,937.0611047744751,709.5346500677365,0.644947439819446
CC-MAIN-2021-17-part-00032.jsonl,2021,32,241888,242345831,156890198,969746568,948.5924196243286,1001.8927396150284,0.6473814604221518
CC-MAIN-2022-21-part-00033.jsonl,2022,33,271884,241743634,156325069,967382194,949.1496124267578,889.1425534419091,0.6466564037835222
CC-MAIN-2023-50-part-00076.jsonl,2023,76,227304,241372907,151989523,965832618,945.0663366317749,1061.8946740928448,0.629687585442222
CC-MAIN-2022-21-part-00029.jsonl,2022,29,272157,241748709,156155340,967402919,949.1415529251099,888.2693041149042,0.6459407400599604
CC-MAIN-2018-51-part-00019.jsonl,2018,19,293972,232770769,149527409,931524819,916.3644647598267,791.8127202590723,0.6423805258812373
CC-MAIN-2024-26-part-00039.jsonl,2024,39,219785,241381438,149681491,965855944,944.5122156143188,1098.2616557089884,0.6201035681956621
CC-MAIN-2023-50-part-00068.jsonl,2023,68,225072,241410182,152066549,965978337,945.0636720657349,1072.5909131300207,0.6299094252785079
CC-MAIN-2024-30-part-00040.jsonl,2024,40,220822,242096491,149827610,968716113,947.2512216567993,1096.342262093451,0.6188755953509463
CC-MAIN-2020-45-part-00004.jsonl,2020,4,296438,237153247,152746681,949058976,932.8606462478638,800.0096040318717,0.644084291200955
CC-MAIN-2019-47-part-00021.jsonl,2019,21,273489,233710762,150936081,935252851,917.7786340713501,854.5526949895608,0.6458242646096032
CC-MAIN-2024-30-part-00027.jsonl,2024,27,221982,242049316,149563162,968530481,947.2650833129883,1090.4006450973502,0.6179036754642182
CC-MAIN-2024-26-part-00057.jsonl,2024,57,217799,241385240,149515267,965867762,944.5249691009521,1108.2936101634994,0.6194051757265688
CC-MAIN-2024-22-part-00072.jsonl,2024,72,217973,242088731,150315049,968681027,947.0905351638794,1110.6363219297803,0.6209089055037428
CC-MAIN-2022-40-part-00018.jsonl,2022,18,261428,241815701,156641605,967654837,948.8224935531616,924.9801130712854,0.6477726812288338
CC-MAIN-2021-31-part-00033.jsonl,2021,33,256168,238743630,154557881,955358530,935.9145183563232,931.98069235814,0.6473801248644833
CC-MAIN-2023-40-part-00008.jsonl,2023,8,225614,242076105,153132449,968643333,947.5435705184937,1072.9657955623322,0.6325797789914044
CC-MAIN-2024-10-part-00042.jsonl,2024,42,221439,242501598,151589105,970338387,948.9431352615356,1095.1169306219772,0.6251055920876859
CC-MAIN-2014-42-part-00008.jsonl,2014,8,312553,231044802,148727424,924647831,909.7353992462158,739.2179950280432,0.6437168147154421
CC-MAIN-2021-49-part-00005.jsonl,2021,5,281403,242128361,155630375,968935680,951.6991777420044,860.432763687665,0.6427597921913824
CC-MAIN-2017-39-part-00021.jsonl,2017,21,300022,237345739,154682283,949832097,933.7755918502808,791.0944497403524,0.6517171264658769
CC-MAIN-2018-30-part-00011.jsonl,2018,11,294310,235287284,152676661,941591241,925.0073108673096,799.4539227345316,0.648894655097468
CC-MAIN-2018-39-part-00007.jsonl,2018,7,298884,235245417,151650476,941429871,925.3974018096924,787.0793250893323,0.644647950782395
CC-MAIN-2019-43-part-00015.jsonl,2019,15,294145,236985753,152392019,948384547,932.203519821167,805.6766322731986,0.6430429554134421
CC-MAIN-2020-16-part-00002.jsonl,2020,2,286371,234957938,151829852,940261093,923.6829061508179,820.4669397390098,0.6462001381711139
CC-MAIN-2018-17-part-00004.jsonl,2018,4,307827,240227796,155405895,961372233,945.0051908493042,780.3987174614313,0.646910547353979
CC-MAIN-2024-22-part-00055.jsonl,2024,55,217287,242113866,150497457,968781468,947.0914249420166,1114.2584047826147,0.6215978435534956
CC-MAIN-2019-13-part-00006.jsonl,2019,6,296144,240184186,154536833,961181231,945.124737739563,811.0385015397915,0.6434096914273948
CC-MAIN-2022-49-part-00022.jsonl,2022,22,262195,240283929,155328470,961528850,943.2552843093872,916.4321554568165,0.6464371988856566
CC-MAIN-2016-07-part-00000.jsonl,2016,0,267774,218661211,141091425,875045730,859.4885272979736,816.5886568524203,0.6452512741274445
CC-MAIN-2014-52-part-00001.jsonl,2014,1,324682,239464132,154292565,958342868,943.0611543655396,737.5343628534997,0.6443243241121388
CC-MAIN-2019-51-part-00004.jsonl,2019,4,273914,231687324,149324201,927160068,910.7227363586426,845.8396577027826,0.6445074267420863
CC-MAIN-2024-22-part-00078.jsonl,2024,78,217900,242110180,150427527,968767768,947.0963497161865,1111.1068379990822,0.6213184716148656
CC-MAIN-2020-05-part-00021.jsonl,2020,21,281073,235003953,151925204,940437136,923.9638013839722,836.0957936194512,0.6464793551791871
CC-MAIN-2019-04-part-00001.jsonl,2019,1,300909,232777028,149757211,931558511,916.3319149017334,773.5794808397224,0.643350472710735
CC-MAIN-2024-26-part-00040.jsonl,2024,40,219588,241357147,149597954,965757999,944.5177345275879,1099.1363234785142,0.6198198638799787
CC-MAIN-2024-18-part-00008.jsonl,2024,8,219462,242493438,150962915,970304071,948.9041528701782,1104.94499275501,0.622544330457305
CC-MAIN-2023-14-part-00030.jsonl,2023,30,254537,241831252,156383762,967705935,948.6759338378906,950.0829034678652,0.6466648156789926
CC-MAIN-2024-10-part-00026.jsonl,2024,26,221329,242491181,151476038,970296534,948.9593801498413,1095.6141355177135,0.6246661729112533
CC-MAIN-2024-18-part-00005.jsonl,2024,5,217621,242533022,150934731,970458645,948.9196014404297,1114.4743476043213,0.6223265176648811
CC-MAIN-2024-26-part-00029.jsonl,2024,29,221200,241340206,149567756,965692145,944.5226144790649,1091.0497558770344,0.619738246183481
CC-MAIN-2019-39-part-00021.jsonl,2019,21,284441,237814893,153268192,951687269,934.9080219268799,836.078107586459,0.644485255177017
CC-MAIN-2018-43-part-00023.jsonl,2018,23,275753,234698385,149968587,939207188,921.0768613815308,851.1181564661127,0.6389843159764393
CC-MAIN-2018-05-part-00009.jsonl,2018,9,307831,239801859,155967912,959668956,943.556694984436,779.004905288941,0.6504032648053825
CC-MAIN-2019-51-part-00016.jsonl,2019,16,275778,231709869,149277428,927252839,910.7710609436035,840.2043273937733,0.6442428570014858
CC-MAIN-2023-14-part-00032.jsonl,2023,32,254060,241847491,156225245,967771565,948.6547088623047,951.9306108793198,0.6459659529815011
CC-MAIN-2020-45-part-00000.jsonl,2020,0,295796,237199396,152769368,949241192,932.7970008850098,801.901972981379,0.6440546248271223
CC-MAIN-2019-39-part-00017.jsonl,2019,17,288263,237664703,152916650,951091277,934.9375438690186,824.4717601634618,0.6434133805725455
CC-MAIN-2020-40-part-00011.jsonl,2020,11,302969,236961752,152702222,948301505,932.4001951217651,782.1320069049968,0.6444171715948488
CC-MAIN-2023-40-part-00017.jsonl,2023,17,225727,242052069,153127694,968546044,947.5704078674316,1072.322181218906,0.6326229502297706
CC-MAIN-2017-09-part-00008.jsonl,2017,8,288952,227190008,147058988,909193855,894.0962724685669,786.2551842520558,0.6472951398461151
CC-MAIN-2021-04-part-00028.jsonl,2021,28,288902,238648769,153910679,955029848,938.0553369522095,826.0544025309621,0.6449255097561387
CC-MAIN-2020-50-part-00008.jsonl,2020,8,297778,239732932,154555508,959378734,942.6876697540283,805.0726783039714,0.644698693294253
CC-MAIN-2024-30-part-00006.jsonl,2024,6,220814,242089705,149845136,968690328,947.2523889541626,1096.3512503736176,0.6189653376627477
CC-MAIN-2019-18-part-00008.jsonl,2019,8,289092,232679252,150075921,931151338,915.7003078460693,804.8622998906923,0.6449905597943043
CC-MAIN-2023-23-part-00000.jsonl,2023,0,243908,242279260,155908439,969482769,949.466383934021,993.3223182511439,0.6435071619419673
CC-MAIN-2020-10-part-00009.jsonl,2020,9,300864,242249789,156230557,969451252,952.9961347579956,805.1803771803872,0.6449151417011141
CC-MAIN-2020-50-part-00017.jsonl,2020,17,295817,239730811,154734950,959367248,942.6848993301392,810.4024143304813,0.6454529117661059
CC-MAIN-2021-39-part-00007.jsonl,2021,7,272538,239355064,154211534,957828795,939.7929430007935,878.2447365138072,0.644279387379078
CC-MAIN-2022-33-part-00003.jsonl,2022,3,275485,242159152,155941403,969049285,951.4161281585693,879.0284480098735,0.643962459036031
CC-MAIN-2018-43-part-00012.jsonl,2018,12,278355,234662249,149783733,939065610,921.0328321456909,843.0322753318604,0.6382949692091292
CC-MAIN-2018-47-part-00006.jsonl,2018,6,291110,233365868,149724560,933899583,917.3338918685913,801.6415375631204,0.6415872264576412
CC-MAIN-2022-49-part-00042.jsonl,2022,42,260693,240299828,155240592,961590451,943.2610158920288,921.7732275128216,0.6460287270784064
CC-MAIN-2024-10-part-00082.jsonl,2024,82,222471,242496275,151364808,970319236,948.9578742980957,1090.0129679823438,0.6241943633979532
CC-MAIN-2024-18-part-00019.jsonl,2024,19,219456,242545572,150855912,970510575,948.9386835098267,1105.2127624671916,0.6219693509803593
CC-MAIN-2018-17-part-00010.jsonl,2018,10,305760,240167581,155283961,961128947,944.9732828140259,785.4774365515437,0.6465650374352565
CC-MAIN-2024-26-part-00070.jsonl,2024,70,218208,241392857,149734966,965899029,944.5304508209229,1106.2511777753336,0.6202957612784706
CC-MAIN-2021-39-part-00024.jsonl,2021,24,271292,239315520,154039168,957668649,939.7199230194092,882.1326098816036,0.6436656009606063
CC-MAIN-2024-22-part-00037.jsonl,2024,37,217752,242111241,150395249,968770916,947.0919828414917,1111.866899041111,0.6211824299393022
CC-MAIN-2018-13-part-00008.jsonl,2018,8,310899,241894922,156986048,968045953,951.3836841583252,778.0498554192841,0.6489844710340799
CC-MAIN-2019-26-part-00000.jsonl,2019,0,285118,232433419,150031297,930161086,914.1978845596313,815.2183271487595,0.6454807473274744
CC-MAIN-2023-40-part-00047.jsonl,2023,47,226266,242074122,153163063,968636776,947.5458078384399,1069.8652117419322,0.632711426296116
CC-MAIN-2020-24-part-00001.jsonl,2020,1,298409,241824923,156002203,967746628,950.6930694580078,810.380796155612,0.6451039084999522
CC-MAIN-2023-06-part-00006.jsonl,2023,6,257379,239452718,155011059,958197437,939.6148900985718,930.3506424378057,0.6473556044579958
CC-MAIN-2022-49-part-00003.jsonl,2022,3,260798,240254665,155264187,961409694,943.2498369216919,921.2289396391077,0.64624837565589
CC-MAIN-2018-51-part-00023.jsonl,2018,23,296168,232758892,149537032,931479707,916.3098478317261,785.9015558736933,0.6424546478765675
CC-MAIN-2022-33-part-00002.jsonl,2022,2,273931,242206884,156090483,969238855,951.208643913269,884.1893907589867,0.644451059450482
CC-MAIN-2017-34-part-00017.jsonl,2017,17,303733,234456299,153402102,938280857,922.4350786209106,771.9157911718515,0.6542886783348909
CC-MAIN-2017-51-part-00012.jsonl,2017,12,311086,239250515,156139673,957468386,941.4927310943604,769.0815883710613,0.6526200079443926
CC-MAIN-2013-48-part-00009.jsonl,2013,9,340536,240620032,156428358,962990486,948.2934093475342,706.592054878192,0.6501052996285862
CC-MAIN-2017-34-part-00014.jsonl,2017,14,305605,234457641,153418507,938288398,922.4870138168335,767.1917704226043,0.654354903280802
CC-MAIN-2020-24-part-00010.jsonl,2020,10,297743,241841697,156089001,967813124,950.6945219039917,812.2498161165838,0.6454180686633207
CC-MAIN-2020-10-part-00011.jsonl,2020,11,297365,242260147,156310549,969487284,953.000955581665,814.6895128882014,0.6452177584124061
CC-MAIN-2024-30-part-00022.jsonl,2024,22,222299,242057257,149684984,968562589,947.2395257949829,1088.88144795973,0.6183866819576493
CC-MAIN-2020-34-part-00009.jsonl,2020,9,290675,240253873,154782442,961451533,944.2833261489868,826.5377930678593,0.6442453562444757
CC-MAIN-2023-40-part-00041.jsonl,2023,41,226624,242062973,153008041,968591113,947.5272989273071,1068.1259398828015,0.6321001477578316
CC-MAIN-2021-04-part-00027.jsonl,2021,27,288004,238626947,154053975,954939470,937.8632564544678,828.5542804961042,0.6455849891923564
CC-MAIN-2018-39-part-00019.jsonl,2018,19,298636,235308581,151649310,941682314,925.3973302841187,787.9444574666148,0.6444699524153775
CC-MAIN-2016-36-part-00004.jsonl,2016,4,282895,236853950,153511235,947841436,930.8409700393677,837.2503932554481,0.6481261342696628
CC-MAIN-2013-20-part-00013.jsonl,2013,13,317991,237017414,154413468,948547083,933.1098794937134,745.358874936712,0.6514857511693213
CC-MAIN-2016-44-part-00012.jsonl,2016,12,349999,237631289,153625987,951050323,937.1461944580078,678.9484798527996,0.6464888847192173
CC-MAIN-2019-18-part-00000.jsonl,2019,0,290485,232713850,150041872,931290512,915.6984539031982,801.1217446683994,0.6447483551150909
CC-MAIN-2014-23-part-00005.jsonl,2014,5,335973,233454543,150763487,934322529,920.2622890472412,694.8610245466153,0.6457937595157444
CC-MAIN-2016-40-part-00007.jsonl,2016,7,274912,222512134,143861799,890461454,874.6269111633301,809.3940388196951,0.6465346244892874
CC-MAIN-2022-27-part-00022.jsonl,2022,22,276349,242425813,156258276,970116722,952.3453531265259,877.245124824045,0.6445612126296139
CC-MAIN-2015-18-part-00003.jsonl,2015,3,314288,239743279,154600673,959443469,943.6147947311401,762.8139763528992,0.6448592579731922
CC-MAIN-2019-35-part-00022.jsonl,2019,22,282370,238182176,153847687,953151665,936.14453125,843.5109112157808,0.6459244330692486
CC-MAIN-2017-34-part-00013.jsonl,2017,13,301565,234515917,153589853,938516753,922.4876718521118,777.6629151260922,0.6549229364248227
CC-MAIN-2024-30-part-00026.jsonl,2024,26,220889,242076709,149777611,968638342,947.2486686706543,1095.9201635210445,0.6187196265957168
CC-MAIN-2017-22-part-00011.jsonl,2017,11,273023,232103003,151031056,928821283,911.6698789596558,850.122528138655,0.6507070311365166
CC-MAIN-2022-40-part-00011.jsonl,2022,11,260718,241818475,156641169,967665449,948.8232793807983,927.5097039713406,0.647763447354467
CC-MAIN-2023-50-part-00002.jsonl,2023,2,226193,241238111,151877600,965290995,944.5751256942749,1066.5144854173207,0.6295754819602281
CC-MAIN-2024-22-part-00069.jsonl,2024,69,217968,242092644,150383948,968698107,947.0443620681763,1110.679751156133,0.62118346726801
CC-MAIN-2024-18-part-00076.jsonl,2024,76,218221,242558452,150946954,970561473,948.9100494384766,1111.526626676626,0.6223116644890198
CC-MAIN-2022-21-part-00002.jsonl,2022,2,269948,241737082,156117579,967353287,949.1415948867798,895.4949916280173,0.6458156014309795
CC-MAIN-2020-45-part-00024.jsonl,2020,24,295979,237167028,152600416,949111882,932.7946462631226,801.296808219502,0.6434301483088113
CC-MAIN-2019-18-part-00020.jsonl,2019,20,290489,232669360,149939368,931113622,915.6964569091797,800.957557773272,0.6444310845226892
CC-MAIN-2021-21-part-00020.jsonl,2021,20,249947,240569667,155456412,962653484,942.5700454711914,962.4827143354391,0.6462012187097553
CC-MAIN-2024-26-part-00047.jsonl,2024,47,218432,241380351,149564859,965848537,944.5851306915283,1105.05947388661,0.6196231730560372
CC-MAIN-2018-26-part-00022.jsonl,2018,22,297123,240106237,155082808,960871075,943.0463800430298,808.1038391507894,0.6458924596781715
CC-MAIN-2017-17-part-00008.jsonl,2017,8,277289,231340094,150510067,925777089,909.323712348938,834.2923592353104,0.6506008724972681
CC-MAIN-2024-26-part-00023.jsonl,2024,23,219069,241399484,149801269,965926766,944.5174798965454,1101.933564310788,0.6205533935606922
CC-MAIN-2024-10-part-00037.jsonl,2024,37,220694,242520153,151567535,970412012,948.9532899856567,1098.8978087306407,0.624968824755772
CC-MAIN-2017-09-part-00005.jsonl,2017,5,295175,227112859,146881391,908894682,894.0938692092896,769.4176640975693,0.6467330456176416
CC-MAIN-2020-16-part-00007.jsonl,2020,7,282529,234995792,151999456,940407416,923.6756639480591,831.7581274842582,0.6468177779115296
CC-MAIN-2019-51-part-00018.jsonl,2019,18,274220,231725928,149554473,927315546,910.7752990722656,845.0365691780322,0.6453937817437503
CC-MAIN-2023-50-part-00012.jsonl,2023,12,226130,241391328,152072247,965904235,945.0657377243042,1067.489178790961,0.6299822295190323
CC-MAIN-2018-30-part-00003.jsonl,2018,3,294005,235270488,152729933,941523133,925.0129623413086,800.2261458138468,0.6491674085361696
CC-MAIN-2019-13-part-00002.jsonl,2019,2,292413,240240382,154623252,961400452,945.1245107650757,821.579006405324,0.6436189066665736
CC-MAIN-2013-48-part-00006.jsonl,2013,6,341477,240594381,156507560,962888781,948.2420492172241,704.5697982587407,0.6505038037442779
CC-MAIN-2024-18-part-00010.jsonl,2024,10,219601,242535028,150866964,970469470,948.9252328872681,1104.4349889117082,0.6220419592340286
CC-MAIN-2024-22-part-00095.jsonl,2024,95,217574,242073518,150257098,968620553,947.0977077484131,1112.6031511118056,0.6207085320253825
CC-MAIN-2023-50-part-00007.jsonl,2023,7,224973,241434017,152119656,966073866,945.1134052276611,1073.1688558182536,0.6300672038273711
CC-MAIN-2020-05-part-00007.jsonl,2020,7,279454,235061614,151967277,940665252,923.9488258361816,841.1459989837325,0.6464997598459441
CC-MAIN-2021-49-part-00017.jsonl,2021,17,279296,242098314,155830812,968813486,951.6897573471069,866.8162594523372,0.6436674813026579
CC-MAIN-2019-30-part-00005.jsonl,2019,5,295907,242434807,156430013,970182886,953.6379556655884,819.2939234286448,0.645245684543969
CC-MAIN-2015-48-part-00006.jsonl,2015,6,305266,242045452,155830749,968637809,951.8272066116333,792.9001329987617,0.6438077960663355
CC-MAIN-2023-23-part-00053.jsonl,2023,53,242768,242260061,155806926,969403491,949.4380254745483,997.9077184801951,0.6431391346838635
CC-MAIN-2014-10-part-00006.jsonl,2014,6,333896,237105666,153454955,948921783,934.4665851593018,710.1183182787455,0.6472007083963991
CC-MAIN-2017-34-part-00008.jsonl,2017,8,302067,234520525,153576337,938535493,922.4852714538574,776.3857852728037,0.654852435623705
CC-MAIN-2024-30-part-00033.jsonl,2024,33,220389,242094034,149749839,968707244,947.2524347305298,1098.485105880965,0.618560633344645
CC-MAIN-2018-30-part-00024.jsonl,2018,24,293522,235275269,152941475,941542417,925.01185131073,801.5592323573701,0.6500533424105871
CC-MAIN-2019-09-part-00010.jsonl,2019,10,300792,239695521,153730945,959232632,943.6551561355591,796.881303359132,0.6413592726248731
CC-MAIN-2021-31-part-00011.jsonl,2021,11,257462,238756309,154507424,955411299,935.8929805755615,927.3458180236307,0.6471344135245448
CC-MAIN-2024-18-part-00030.jsonl,2024,30,219599,242479266,150937169,970246195,948.8001089096069,1104.1911210888939,0.6224745376786154
CC-MAIN-2024-22-part-00079.jsonl,2024,79,217858,242046986,150188220,968515007,947.0851831436157,1111.0309743043633,0.6204920064569612
CC-MAIN-2022-33-part-00007.jsonl,2022,7,275607,242183204,156020684,969146329,951.4162473678589,878.7266070890797,0.6442258646474922
CC-MAIN-2021-49-part-00012.jsonl,2021,12,283445,242087223,155623701,968773813,951.7037124633789,854.0888814408439,0.642841448100712
CC-MAIN-2020-34-part-00002.jsonl,2020,2,292735,240210077,154765165,961279599,944.2821836471558,820.5717696893095,0.6442908929253621
CC-MAIN-2021-43-part-00036.jsonl,2021,36,275538,237553272,153175909,950625336,933.0031824111938,862.1434139755678,0.6448065636410177
CC-MAIN-2015-27-part-00002.jsonl,2015,2,302002,235321539,151385530,941737839,925.960280418396,779.2052337401739,0.6433135302586985
CC-MAIN-2022-40-part-00000.jsonl,2022,0,262136,241809939,156598380,967632337,948.8217477798462,922.4598643452254,0.6476093606723088
CC-MAIN-2019-47-part-00006.jsonl,2019,6,274551,233703344,150901008,935225181,917.7772760391235,851.2201521757341,0.6456946889044086
CC-MAIN-2019-26-part-00015.jsonl,2019,15,286198,232405693,150073085,930051693,914.1969785690308,812.0451330896792,0.6457375594495441
CC-MAIN-2021-31-part-00019.jsonl,2021,19,255188,238781358,154640300,955508475,935.9191198348999,935.707627317899,0.6476230024623614
CC-MAIN-2015-11-part-00007.jsonl,2015,7,277651,220932897,142831397,884148731,868.7318820953369,795.7215965366594,0.6464922107095712
CC-MAIN-2017-34-part-00003.jsonl,2017,3,300846,234514540,153530771,938510572,922.4977149963379,779.5168956874946,0.6546748487321937
CC-MAIN-2021-25-part-00009.jsonl,2021,9,263552,241957502,156236875,968225466,949.0237007141113,918.0636155293832,0.645720317446491
CC-MAIN-2021-21-part-00018.jsonl,2021,18,249276,240552923,155404264,962585167,942.5781087875366,965.0063503907315,0.6460294144918788
CC-MAIN-2017-04-part-00000.jsonl,2017,0,329827,234379834,150704471,938014272,924.0776710510254,710.6144554569516,0.642992481170543
CC-MAIN-2018-09-part-00007.jsonl,2018,7,308206,238101946,154738431,952869822,936.6619672775269,772.5415663549704,0.6498831009134214
CC-MAIN-2023-50-part-00086.jsonl,2023,86,226778,241359570,152023797,965778235,945.0617189407349,1064.2988737884627,0.6298643844948846
CC-MAIN-2017-51-part-00019.jsonl,2017,19,314647,239211059,156210613,957315684,941.479564666748,760.2521524120681,0.6530242107243044
CC-MAIN-2023-50-part-00058.jsonl,2023,58,226771,241376348,152087233,965845976,945.0667304992676,1064.4057132525763,0.6300834123151121
CC-MAIN-2014-52-part-00006.jsonl,2014,6,321847,239498063,154292256,958474814,943.0634298324585,744.136384679677,0.6442317489640824
CC-MAIN-2022-21-part-00045.jsonl,2022,45,270779,241754395,156294187,967423872,949.12158203125,892.8107238744511,0.6464998785234081
CC-MAIN-2017-47-part-00009.jsonl,2017,9,300768,235847287,153731680,943839713,927.9160566329956,784.150198824343,0.6518272139378054
CC-MAIN-2024-10-part-00074.jsonl,2024,74,218349,242564346,151577892,970585034,948.9534606933594,1110.9020238242447,0.6248976591143366
CC-MAIN-2023-23-part-00023.jsonl,2023,23,241821,242297669,155885505,969552673,949.4323472976685,1001.9711646217656,0.6433636181617579
CC-MAIN-2018-43-part-00009.jsonl,2018,9,276066,234696226,149651971,939199353,921.055046081543,850.1453493005296,0.6376411480941325
CC-MAIN-2017-22-part-00020.jsonl,2017,20,271505,232155290,150987002,929027895,911.6679162979126,855.0681939559124,0.6503707152225564
CC-MAIN-2024-18-part-00082.jsonl,2024,82,218274,242534835,150882564,970466569,948.9244909286499,1111.1485334945985,0.6221067748886464
CC-MAIN-2015-06-part-00003.jsonl,2015,3,312280,237256690,152810317,949495415,933.691014289856,759.7562764185986,0.6440716887688183
CC-MAIN-2024-22-part-00025.jsonl,2024,25,218304,242111322,150451798,968774287,947.0882511138916,1109.0558212401056,0.6214157882298458
CC-MAIN-2023-40-part-00054.jsonl,2023,54,227806,242057329,153170226,968570948,947.5903387069702,1062.5590590239062,0.6327849135276544
CC-MAIN-2023-14-part-00015.jsonl,2023,15,254639,241814454,156203949,967639292,948.6505632400513,949.6363636363636,0.6459661381531808
CC-MAIN-2017-47-part-00006.jsonl,2017,6,300562,235716937,153538842,943318858,927.4973497390747,784.2539542590214,0.6513695789284756
CC-MAIN-2021-49-part-00008.jsonl,2021,8,284074,242094632,155684963,968804476,951.6975717544556,852.2238290023022,0.6430748245586875
CC-MAIN-2016-44-part-00009.jsonl,2016,9,349788,237610204,153572643,950965768,937.1664171218872,679.2977574988279,0.6463217505591637
CC-MAIN-2022-33-part-00030.jsonl,2022,30,275115,242249365,156075650,969410112,951.4627408981323,880.5385566036022,0.6442768178153945
CC-MAIN-2022-33-part-00036.jsonl,2022,36,275230,242161652,156196426,969059105,951.4158267974854,879.851949278785,0.6450089215612057
CC-MAIN-2014-35-part-00005.jsonl,2014,5,334421,234828511,151629643,939816504,925.4612264633179,702.1942730869174,0.645703719511299
CC-MAIN-2018-43-part-00011.jsonl,2018,11,274852,234695803,149875078,939195263,921.0237331390381,853.8988364647156,0.6385929193629424
CC-MAIN-2023-14-part-00049.jsonl,2023,49,255116,241767737,156175913,967452962,948.6417751312256,947.6776721177818,0.645974996241951
CC-MAIN-2015-32-part-00003.jsonl,2015,3,282387,214873668,138276853,859917472,845.920018196106,760.9191216309532,0.6435262835462929
CC-MAIN-2021-25-part-00011.jsonl,2021,11,263369,241989395,156392316,968353173,949.0260095596313,918.8226214930382,0.6462775610476649
CC-MAIN-2019-47-part-00008.jsonl,2019,8,275147,233655773,150876878,935035561,917.780611038208,849.2034185362734,0.6457228771317368
CC-MAIN-2017-09-part-00004.jsonl,2017,4,293766,227145311,146952959,909021751,894.1032581329346,773.2185174594746,0.6469557234223514
CC-MAIN-2024-22-part-00054.jsonl,2024,54,216049,242091320,150421153,968688974,947.0868072509766,1120.5389518118575,0.6213405462038044
CC-MAIN-2024-30-part-00042.jsonl,2024,42,223025,242041054,149536281,968499832,947.2172632217407,1085.264225983634,0.6178137077522394
CC-MAIN-2020-05-part-00025.jsonl,2020,25,277926,235044486,151976752,940594146,923.960976600647,845.7088793419831,0.6465871826493305
CC-MAIN-2023-50-part-00006.jsonl,2023,6,224759,241391865,152020207,965904793,945.0652809143066,1074.0031099978198,0.6297652449886826
CC-MAIN-2017-04-part-00004.jsonl,2017,4,327755,234409883,150823787,938129391,924.0801601409912,715.1984958276762,0.6434190618148979
CC-MAIN-2018-17-part-00000.jsonl,2018,0,303572,240215270,155404966,961315657,944.996190071106,791.2958705018908,0.6469404130719917
CC-MAIN-2023-40-part-00031.jsonl,2023,31,225553,242047757,153125584,968530010,947.5433530807495,1073.130293101843,0.6326255029085025
CC-MAIN-2022-40-part-00030.jsonl,2022,30,261195,241826135,156752254,967696086,948.8183174133301,925.8451922892858,0.6482022879785099
CC-MAIN-2023-40-part-00004.jsonl,2023,4,225104,242077756,153270187,968648979,947.4975690841675,1075.4040621223967,0.6331444471915875
CC-MAIN-2021-04-part-00030.jsonl,2021,30,290627,238600069,153972247,954835411,938.0530385971069,820.983834949953,0.6453151822013933
CC-MAIN-2024-26-part-00021.jsonl,2024,21,218806,241399017,149686564,965924445,944.5092506408691,1103.2559299105144,0.6200794264211937
CC-MAIN-2015-40-part-00002.jsonl,2015,2,295569,222997439,143218898,892432049,877.8146562576294,754.4682933595877,0.6422445864950046
CC-MAIN-2020-24-part-00014.jsonl,2020,14,298665,241827768,156130705,967758521,950.6903657913208,809.6957058912159,0.6456276973122458
CC-MAIN-2022-27-part-00032.jsonl,2022,32,274850,242525166,156302229,970511768,952.4544010162354,882.3909987265781,0.6444783919867516
CC-MAIN-2023-50-part-00017.jsonl,2023,17,223577,241403086,152100196,965947724,945.056170463562,1079.7313050984671,0.6300673223373789
CC-MAIN-2020-29-part-00020.jsonl,2020,20,290885,241257132,155979288,965464610,948.0106143951416,829.3900751155956,0.6465271584178494
CC-MAIN-2024-22-part-00003.jsonl,2024,3,217737,242097286,150337155,968716167,947.0938367843628,1111.8794049702165,0.6209782748246091
CC-MAIN-2021-25-part-00023.jsonl,2021,23,261898,241985387,156392523,968335023,949.0282583236694,923.9680600844604,0.6462891207558744
CC-MAIN-2017-47-part-00022.jsonl,2017,22,299394,235847652,153668768,943840793,927.9011459350586,787.7500951922884,0.6515594566953755
CC-MAIN-2015-40-part-00001.jsonl,2015,1,296076,223030194,143281765,892563614,877.9061183929443,753.2869736148826,0.6424321408248428
CC-MAIN-2021-43-part-00012.jsonl,2021,12,273565,237534843,153024517,950549929,933.0054864883423,868.2939813207099,0.6442192440794886
CC-MAIN-2018-43-part-00005.jsonl,2018,5,277133,234694439,149672582,939193490,921.0230131149292,846.8657251211512,0.6377338237656326
CC-MAIN-2023-14-part-00038.jsonl,2023,38,255020,241770258,156260320,967462565,948.6758832931519,948.0443024076543,0.6463173811892114
CC-MAIN-2019-39-part-00012.jsonl,2019,12,282509,237840212,153151723,951783969,934.9251155853271,841.8854337383942,0.6439269529409939
CC-MAIN-2024-18-part-00077.jsonl,2024,77,218917,242534007,150905133,970463898,948.9235172271729,1107.8811010565648,0.6222019537243699
CC-MAIN-2020-50-part-00015.jsonl,2020,15,293939,239770477,154618516,959522754,942.6828966140747,815.7150871439312,0.6448605263441171
CC-MAIN-2019-22-part-00008.jsonl,2019,8,293211,236359070,152457848,945875331,929.7598543167114,806.1057395527453,0.6450264337222177
CC-MAIN-2022-27-part-00040.jsonl,2022,40,275045,242482530,156370793,970342085,952.428150177002,881.6103910269229,0.6448744699257303
CC-MAIN-2018-51-part-00016.jsonl,2018,16,295178,232773894,149427107,931538578,916.3096075057983,788.5882213444091,0.6419410030576711
CC-MAIN-2024-30-part-00001.jsonl,2024,1,221328,242069399,149743380,968609006,947.2495708465576,1093.7133982144148,0.6185969008003361
CC-MAIN-2024-10-part-00070.jsonl,2024,70,219770,242515066,151457987,970389402,948.9513731002808,1103.4948628111208,0.624530217846342
CC-MAIN-2018-13-part-00009.jsonl,2018,9,309692,241861741,157102879,967911124,951.3807058334351,780.9751010681581,0.6495565538825754
CC-MAIN-2021-21-part-00005.jsonl,2021,5,249004,240567013,155448161,962640886,942.5794897079468,966.117062376508,0.6461740496399646
CC-MAIN-2017-34-part-00010.jsonl,2017,10,303963,234508393,153506520,938489901,922.4885663986206,771.5030875468395,0.6545885971765625
CC-MAIN-2020-05-part-00008.jsonl,2020,8,276340,235096499,152204469,940799922,923.9939956665039,850.750882970254,0.647412741778005
CC-MAIN-2023-50-part-00085.jsonl,2023,85,225675,241415632,152155673,966000252,945.0710878372192,1069.7491170931648,0.6302643774119814
CC-MAIN-2021-17-part-00023.jsonl,2021,23,240556,242372455,156979211,969851152,948.5993413925171,1007.5510691897105,0.6476776042888207
CC-MAIN-2023-50-part-00041.jsonl,2023,41,224258,241418627,152024359,966010942,945.0647087097168,1076.5218052421765,0.6297126319088875
CC-MAIN-2019-43-part-00005.jsonl,2019,5,295265,236930103,152390582,948163363,932.1041078567505,802.4320627233163,0.6431879278759272
CC-MAIN-2023-50-part-00036.jsonl,2023,36,225867,241407159,152027159,965968811,945.066596031189,1068.8022553095407,0.6297541449464636
CC-MAIN-2016-50-part-00002.jsonl,2016,2,348203,234036264,150773711,936667658,923.6928434371948,672.12592654285,0.6442322588092587
CC-MAIN-2018-30-part-00009.jsonl,2018,9,296524,235256214,152841903,941469311,924.943977355957,793.3800097125359,0.6496827454683088
CC-MAIN-2023-14-part-00012.jsonl,2023,12,253745,241808428,156275683,967614686,948.6527070999146,952.9583952393151,0.6462788923138775
CC-MAIN-2020-16-part-00017.jsonl,2020,17,285323,234985219,151933700,940368632,923.6671514511108,823.5761540429619,0.646567050670536
CC-MAIN-2021-10-part-00020.jsonl,2021,20,250360,237382050,153527719,949903526,930.2063035964966,948.1628455024764,0.6467536993635365
CC-MAIN-2019-22-part-00017.jsonl,2019,17,295180,236370942,152609746,945926258,929.7627716064453,800.768825801206,0.6456366620563707
CC-MAIN-2018-39-part-00016.jsonl,2018,16,300767,235195269,151619186,941232184,925.3981380462646,781.9849551313807,0.6446523633092297
CC-MAIN-2017-30-part-00019.jsonl,2017,19,287921,237658010,155410697,951063537,934.2129497528076,825.4278430541711,0.6539257692177091
CC-MAIN-2018-39-part-00012.jsonl,2018,12,299606,235261408,151564740,941494093,925.4171094894409,785.2359699071447,0.6442397046267784
CC-MAIN-2023-06-part-00026.jsonl,2023,26,260008,239395519,154968401,957971960,939.5904016494751,920.7236661948863,0.6473320872810489
CC-MAIN-2018-39-part-00018.jsonl,2018,18,300281,235260608,151594825,941493302,925.3990669250488,783.4681781398091,0.6443697748158502
CC-MAIN-2018-26-part-00021.jsonl,2018,21,297280,239938373,154994541,960199426,942.6068906784058,807.1123957212056,0.6459764607972898
CC-MAIN-2022-49-part-00034.jsonl,2022,34,261780,240274110,155186054,961490108,943.2539291381836,917.8474673389869,0.6458708930396204
CC-MAIN-2024-10-part-00001.jsonl,2024,1,219835,242523188,151465341,970422232,948.943133354187,1103.2055314212932,0.6245396254645968
CC-MAIN-2021-04-part-00012.jsonl,2021,12,286083,238676643,154101234,955137010,938.0387134552002,834.2915971938214,0.645648573161807
CC-MAIN-2022-27-part-00012.jsonl,2022,12,272863,242488778,156563384,970364932,952.3494215011597,888.6832513019355,0.6456520804439041
CC-MAIN-2021-10-part-00024.jsonl,2021,24,251213,237398946,153659565,949972458,930.2387762069702,945.0105926046821,0.6472630463995405
CC-MAIN-2017-47-part-00019.jsonl,2017,19,300133,235812188,153559910,943698296,927.9002799987793,785.6923030789683,0.6511958152052768
CC-MAIN-2021-17-part-00027.jsonl,2021,27,242366,242409950,156962207,970003513,948.5913219451904,1000.1813373162902,0.6475072784759867
CC-MAIN-2024-26-part-00078.jsonl,2024,78,218291,241395281,149737218,965908375,944.5161600112915,1105.8416563211492,0.6202988616003641
CC-MAIN-2021-21-part-00011.jsonl,2021,11,250937,240544734,155224241,962555539,942.6441984176636,958.58615509072,0.6453030104579217
CC-MAIN-2022-27-part-00007.jsonl,2022,7,276814,242395201,156311736,969996661,952.3465547561646,875.66091671664,0.6448631629468605
CC-MAIN-2017-13-part-00005.jsonl,2017,5,290178,236617522,153300717,946905447,930.5230884552002,815.4219892617634,0.6478840438536922
CC-MAIN-2020-45-part-00010.jsonl,2020,10,295668,237156731,152635802,949070429,932.7960414886475,802.1048304179012,0.643607294452039
CC-MAIN-2019-09-part-00007.jsonl,2019,7,300647,239609537,153342853,958889211,943.6477870941162,796.9796372489997,0.6399697396018089
CC-MAIN-2024-22-part-00047.jsonl,2024,47,217720,242114513,150167249,968784844,947.0960292816162,1112.0453472349807,0.6202323319626858
CC-MAIN-2024-30-part-00051.jsonl,2024,51,222286,242041681,149657352,968500383,947.2529935836792,1088.875057358538,0.6183123145637053
CC-MAIN-2017-26-part-00005.jsonl,2017,5,288680,237467794,155411217,950303662,933.1612997055054,822.5987044478316,0.654451765362338
CC-MAIN-2014-10-part-00013.jsonl,2014,13,333218,237144779,153593396,949078834,934.5397481918335,711.6805784801542,0.647677746259807
CC-MAIN-2015-32-part-00000.jsonl,2015,0,284158,214832011,138237225,859754397,845.9218063354492,756.0301346434026,0.6434666061008943
CC-MAIN-2023-50-part-00049.jsonl,2023,49,226501,241392602,151998418,965910545,945.0565490722656,1065.7462969258413,0.6296730584974597
CC-MAIN-2024-30-part-00082.jsonl,2024,82,221569,242034414,149607844,968469842,947.2490539550781,1092.3658724821614,0.618126329754082
CC-MAIN-2020-05-part-00022.jsonl,2020,22,279023,235030073,152058130,940538728,923.9626159667969,842.3322557638618,0.6469730790578446
CC-MAIN-2020-24-part-00011.jsonl,2020,11,298474,241805880,155819612,967671577,950.6864109039307,810.1405147517037,0.6443995985540136
CC-MAIN-2014-52-part-00008.jsonl,2014,8,324405,239478092,154316684,958398586,943.059796333313,738.2071546369507,0.6443874790851432
CC-MAIN-2019-39-part-00011.jsonl,2019,11,286869,237701306,152838473,951235096,934.9151592254639,828.6057608176554,0.6429854154861059
CC-MAIN-2022-33-part-00005.jsonl,2022,5,274872,242201952,155941021,969221127,951.4267702102661,881.1445036235048,0.6438470859227426
CC-MAIN-2022-21-part-00009.jsonl,2022,9,269702,241779596,156258568,967522380,949.1442985534668,896.4694218062899,0.6462851728811724
CC-MAIN-2021-21-part-00004.jsonl,2021,4,250553,240547835,155559394,962566909,942.5554008483887,960.0676703132671,0.6466879820389986
CC-MAIN-2017-04-part-00005.jsonl,2017,5,328498,234362774,150770988,937944558,924.0748672485352,713.4374455856656,0.6433231072781209
CC-MAIN-2015-35-part-00005.jsonl,2015,5,291448,219105170,140953086,876859112,862.4860963821411,751.7813469298126,0.6433124604042889
CC-MAIN-2024-26-part-00089.jsonl,2024,89,218925,241343292,149691384,965701807,944.5307598114014,1102.401699212059,0.6202425713162146
CC-MAIN-2021-21-part-00015.jsonl,2021,15,248900,240558457,155199174,962607730,942.5828218460083,966.4863680192849,0.6451619948659714
CC-MAIN-2018-43-part-00026.jsonl,2018,26,277783,234630215,150113079,938938557,921.0258636474609,844.652894525583,0.6397857965565091
CC-MAIN-2018-13-part-00010.jsonl,2018,10,313436,241839502,157129482,967827371,951.3818712234497,771.575383810411,0.6497262883050429
CC-MAIN-2024-26-part-00014.jsonl,2024,14,218146,241343726,149703592,965701991,944.2195339202881,1106.3403683771419,0.6202920394127005
CC-MAIN-2020-24-part-00017.jsonl,2020,17,295421,241883027,155926494,967974622,950.7066993713379,818.7739767992119,0.6446359462832421
CC-MAIN-2023-14-part-00001.jsonl,2023,1,255003,241796981,156146867,967570877,948.665825843811,948.2122994631436,0.6457767435896977
CC-MAIN-2015-35-part-00003.jsonl,2015,3,295185,219043274,140932525,876615760,862.4932842254639,742.054216847062,0.6434003766762544
CC-MAIN-2017-43-part-00004.jsonl,2017,4,297317,236236332,154187046,945390918,929.1097393035889,794.5604590386691,0.6526813411579723
CC-MAIN-2018-13-part-00022.jsonl,2018,22,312855,241829133,157000620,967785098,951.3834104537964,772.9751258570265,0.6492212830287905
CC-MAIN-2021-04-part-00005.jsonl,2021,5,288401,238691050,154238199,955197274,938.0542297363281,827.6359998751738,0.6461834199480877
CC-MAIN-2024-26-part-00087.jsonl,2024,87,218531,241384377,149659411,965865013,944.5023193359375,1104.5772773656827,0.6200045456960125
CC-MAIN-2020-29-part-00014.jsonl,2020,14,291037,241249351,155930859,965433266,948.0144510269165,828.9301738266955,0.646347268308299
CC-MAIN-2021-49-part-00011.jsonl,2021,11,281984,242132025,155906433,968951263,951.7047662734985,858.6729211586473,0.6438901793350136
CC-MAIN-2018-09-part-00018.jsonl,2018,18,307955,238090931,154655142,952825707,936.6629991531372,773.1354613498726,0.6495633468710322
CC-MAIN-2016-30-part-00005.jsonl,2016,5,296511,242189906,156778099,969204866,952.4763565063477,816.7990597313421,0.6473353972068514
CC-MAIN-2014-49-part-00003.jsonl,2014,3,274916,214719273,138222433,859289576,844.5528945922852,781.035927337805,0.6437355672306138
CC-MAIN-2023-40-part-00021.jsonl,2023,21,226300,242040511,153069474,968501941,947.4933671951294,1069.5559478568273,0.6324126212078606
CC-MAIN-2020-45-part-00013.jsonl,2020,13,299027,237143502,152586675,949022236,932.8126831054688,793.0504670146843,0.6434360364636936
CC-MAIN-2023-50-part-00057.jsonl,2023,57,225040,241388239,151962914,965890497,945.0649614334106,1072.6459251688589,0.629537357037515
CC-MAIN-2019-43-part-00024.jsonl,2019,24,291986,237065440,152436593,948699812,932.1993188858032,811.9068722472995,0.6430148274670487
CC-MAIN-2021-10-part-00005.jsonl,2021,5,247868,237432344,153693553,950100375,930.2220468521118,957.8983329836849,0.6473151484365585
CC-MAIN-2020-29-part-00010.jsonl,2020,10,289275,241275749,155859171,965536420,948.0199213027954,834.0705176734941,0.6459794307798419
CC-MAIN-2014-35-part-00001.jsonl,2014,1,334798,234850148,151659920,939903352,925.4555559158325,701.4681927610081,0.6457731506305033
CC-MAIN-2024-26-part-00054.jsonl,2024,54,218966,241418516,149544240,966002825,944.5197334289551,1102.538823378972,0.6194398113191948
CC-MAIN-2024-18-part-00027.jsonl,2024,27,218175,242550399,151063118,970529408,948.9501295089722,1111.7240701271915,0.6228112533428568
CC-MAIN-2020-16-part-00019.jsonl,2020,19,282996,235014051,151962963,940480846,923.68896484375,830.4500805665098,0.6466122444738421
CC-MAIN-2023-14-part-00018.jsonl,2023,18,250583,241818889,156266061,967651229,948.6451797485352,965.0251174261622,0.6462111444073337
CC-MAIN-2019-51-part-00010.jsonl,2019,10,274406,231719302,149431162,927288056,910.7996520996094,844.4396332441711,0.6448800799512161
CC-MAIN-2023-40-part-00026.jsonl,2023,26,225112,242057117,153030270,968565422,947.5369148254395,1075.274161306372,0.6322072736245966
CC-MAIN-2024-26-part-00042.jsonl,2024,42,218953,241409915,149718956,965967565,944.5234813690186,1102.5650025347907,0.6201856125089146
CC-MAIN-2013-20-part-00025.jsonl,2013,25,312895,237074798,154483426,948767217,933.1239585876465,757.6816440019815,0.6516231472229284
CC-MAIN-2016-36-part-00002.jsonl,2016,2,283084,236945001,153577354,948204965,930.8425254821777,837.013045597773,0.6481561263240155
CC-MAIN-2019-39-part-00016.jsonl,2019,16,288211,237797370,152977443,951621712,934.9108409881592,825.0808262002491,0.6433100710911983
CC-MAIN-2024-18-part-00056.jsonl,2024,56,218060,242572857,151012724,970618364,948.9230813980103,1112.4133587086123,0.6225458440306865
CC-MAIN-2023-50-part-00062.jsonl,2023,62,226852,241296407,152000493,965525291,944.8710556030273,1063.6732627439917,0.6299326827522964
CC-MAIN-2017-47-part-00020.jsonl,2017,20,301616,235824258,153682365,943749826,928.0392389297485,781.8691912895868,0.651681749381355
CC-MAIN-2024-18-part-00090.jsonl,2024,90,220184,242513662,150869874,970384487,948.9265432357788,1101.4136449514951,0.622108761856064
CC-MAIN-2017-39-part-00018.jsonl,2017,18,302515,237347088,154368393,949842401,933.777193069458,784.579567955308,0.6503909287481968
CC-MAIN-2017-17-part-00012.jsonl,2017,12,278964,231316810,150520249,925685339,909.3219041824341,829.1995024447599,0.650710378549661
CC-MAIN-2024-10-part-00017.jsonl,2024,17,221228,242533281,151497043,970464207,948.955569267273,1096.3046314209776,0.6246443472638298
CC-MAIN-2022-49-part-00037.jsonl,2022,37,258970,240285982,155328652,961532471,943.253680229187,927.8525775186315,0.6464324331662428
CC-MAIN-2024-18-part-00034.jsonl,2024,34,218583,242499041,150826393,970323469,948.669903755188,1109.4140029187997,0.6219669668714277
CC-MAIN-2022-21-part-00032.jsonl,2022,32,272293,241741639,156197352,967374886,949.1286859512329,887.7996826947443,0.6461334201510894
CC-MAIN-2023-40-part-00046.jsonl,2023,46,225119,242065412,153108079,968598707,947.5441226959229,1075.2775731946215,0.6325070473100056
CC-MAIN-2021-10-part-00015.jsonl,2021,15,249433,237442080,153616266,950141555,930.2466611862183,951.9272910962062,0.646963107802964
CC-MAIN-2018-09-part-00014.jsonl,2018,14,309229,238102029,154781133,952871173,936.6957502365112,769.9860912139548,0.6500622176554405
CC-MAIN-2023-50-part-00029.jsonl,2023,29,225647,241373728,152089949,965834171,945.0685300827026,1069.696153726839,0.6301015038388934
CC-MAIN-2020-10-part-00021.jsonl,2020,21,300454,242236051,156238721,969395047,952.9629220962524,806.2334034494465,0.644985419614523
CC-MAIN-2024-26-part-00017.jsonl,2024,17,217753,241422264,149701823,966015292,944.5213632583618,1108.6977630618178,0.6200829224267402
CC-MAIN-2016-44-part-00006.jsonl,2016,6,351462,237614136,153485715,950983430,937.1414203643799,676.0734759376547,0.6459452185117471
CC-MAIN-2020-24-part-00021.jsonl,2020,21,297516,241824631,156105213,967744527,950.690016746521,812.8121882520604,0.6455306572968574
CC-MAIN-2021-39-part-00034.jsonl,2021,34,272867,239380176,154235629,957929445,939.8309497833252,877.2778533131526,0.6443124555142778
CC-MAIN-2013-20-part-00031.jsonl,2013,31,315818,237050888,154411629,948677281,933.1202011108398,750.5933417347966,0.6513859969172526
CC-MAIN-2022-27-part-00021.jsonl,2022,21,273853,242477652,156152813,970320894,952.3488750457764,885.4299642508937,0.6439884736264272
CC-MAIN-2019-04-part-00019.jsonl,2019,19,300372,232752845,149896313,931461130,916.3416910171509,774.8819630325064,0.6440149550051687
CC-MAIN-2021-31-part-00016.jsonl,2021,16,257608,238792811,154595509,955557922,935.9169883728027,926.9619382938419,0.6474043684673573
CC-MAIN-2020-10-part-00001.jsonl,2020,1,296449,242335856,156381698,969787504,953.0355339050293,817.4622144112478,0.6453097803240475
CC-MAIN-2019-39-part-00001.jsonl,2019,1,285160,237804626,153051919,951646213,934.9740381240845,833.934023004629,0.6436036235897278
CC-MAIN-2022-05-part-00015.jsonl,2022,15,274185,238168139,153649392,953084232,935.6342239379883,868.6402939621058,0.6451299180701916
CC-MAIN-2024-26-part-00015.jsonl,2024,15,220051,241377629,149669279,965840629,944.5274295806885,1096.9167556611876,0.6200627606628781
CC-MAIN-2019-22-part-00004.jsonl,2019,4,293874,236291761,152531392,945606402,929.7606239318848,804.0580691044461,0.6455214153658112
CC-MAIN-2020-40-part-00027.jsonl,2020,27,301738,236959596,152694502,948291301,932.3126525878906,785.3157242375836,0.6443904554935179
CC-MAIN-2024-22-part-00016.jsonl,2024,16,216084,242119843,150552499,968803813,947.0587301254272,1120.489453175617,0.6218098324142727
CC-MAIN-2016-36-part-00005.jsonl,2016,5,280879,237176460,153718348,949127536,931.5846652984619,844.4079479063938,0.6481180636560644
CC-MAIN-2021-25-part-00001.jsonl,2021,1,263170,242014794,156560970,968452780,949.024561882019,919.6139149599119,0.6469066101802025
CC-MAIN-2019-39-part-00002.jsonl,2019,2,283629,237802019,153084634,951634826,934.8897314071655,838.4263210038466,0.6437482517757765
CC-MAIN-2016-44-part-00005.jsonl,2016,5,349989,237631712,153541857,951051166,937.1470928192139,678.9690875998959,0.6461336986874883
CC-MAIN-2018-13-part-00012.jsonl,2018,12,310035,241905436,157087155,968087703,951.3447360992432,780.2520231586757,0.6493742248934001
CC-MAIN-2024-22-part-00071.jsonl,2024,71,215052,242153575,150551749,968936855,947.0918207168579,1126.0233571415285,0.6217201170785936
CC-MAIN-2017-09-part-00002.jsonl,2017,2,294408,227150917,146856207,909045665,894.1057939529419,771.5514422162441,0.6465138197086829
CC-MAIN-2018-30-part-00007.jsonl,2018,7,295472,235249856,152857402,941442356,925.013952255249,796.1832457897872,0.6497661873170286
CC-MAIN-2024-22-part-00082.jsonl,2024,82,216481,242092719,150349079,968695484,947.0832748413086,1118.3093158291028,0.6210392432330855
CC-MAIN-2018-30-part-00020.jsonl,2018,20,296323,235265855,152857370,941507233,925.0085859298706,793.9507058176382,0.6497218646539252
CC-MAIN-2018-09-part-00009.jsonl,2018,9,312004,238010085,154762260,952507664,936.6626024246216,762.8430564992757,0.6502340436540746
CC-MAIN-2014-49-part-00002.jsonl,2014,2,275376,214695534,138053599,859195293,844.576922416687,779.6450453198536,0.6430203573773453
CC-MAIN-2021-17-part-00002.jsonl,2021,2,240383,242307110,156937927,969588668,948.6045188903809,1008.0043513892414,0.647681890143463
CC-MAIN-2024-22-part-00060.jsonl,2024,60,216873,242135433,150369245,968866773,947.1583261489868,1116.484915134664,0.6210129725210436
CC-MAIN-2021-39-part-00015.jsonl,2021,15,273698,239340286,154195681,957772353,939.7841749191284,874.4685237013058,0.6442529319949087
CC-MAIN-2015-14-part-00006.jsonl,2015,6,279175,219913577,141719264,880072666,865.0151100158691,787.7266123399302,0.6444316259745982
CC-MAIN-2024-30-part-00063.jsonl,2024,63,220769,242022817,149710730,968422945,947.2544221878052,1096.271745580222,0.61858105717363
CC-MAIN-2017-47-part-00021.jsonl,2017,21,303805,235748142,153583987,943448033,927.7616472244263,775.985062786985,0.6514748565865686
CC-MAIN-2022-49-part-00040.jsonl,2022,40,259132,240276644,155333668,961495185,943.2528171539307,927.236481793063,0.6464784317530254
CC-MAIN-2023-14-part-00019.jsonl,2023,19,255094,241832939,156277130,967714737,948.688946723938,948.0150023128729,0.6462193721261437
CC-MAIN-2019-47-part-00015.jsonl,2019,15,274373,233697212,151000137,935200437,917.7762985229492,851.7500337132298,0.6461358084152069
CC-MAIN-2017-22-part-00012.jsonl,2017,12,273769,232074534,151093572,928707459,911.6649923324585,847.7020188553123,0.651056233511601
CC-MAIN-2023-14-part-00022.jsonl,2023,22,255095,241818412,156299890,967656671,948.656816482544,947.9543385797448,0.646352313321783
CC-MAIN-2024-30-part-00088.jsonl,2024,88,221637,242040137,149657678,968493112,947.2472114562988,1092.0565474176244,0.6183176057283425
CC-MAIN-2022-21-part-00007.jsonl,2022,7,270185,241801548,156352636,967610679,949.1544618606567,894.9480837204138,0.6466155295250633
CC-MAIN-2020-16-part-00012.jsonl,2020,12,283697,234972615,151902916,940315235,923.6275749206543,828.2520259290723,0.6464707217051655
CC-MAIN-2023-06-part-00038.jsonl,2023,38,261627,239390483,154961629,957954076,939.6307420730591,915.0067959346703,0.6473174165407403
CC-MAIN-2018-26-part-00015.jsonl,2018,15,295474,239973859,154893507,960338863,942.6060647964478,812.1657370868503,0.645459916531992
CC-MAIN-2023-50-part-00078.jsonl,2023,78,225724,241384285,151995175,965876129,945.0703401565552,1069.3780236040475,0.6296813191463562
CC-MAIN-2017-39-part-00005.jsonl,2017,5,301963,237311897,154707440,949701673,933.7813205718994,785.8972688706895,0.6519160731330718
CC-MAIN-2019-30-part-00012.jsonl,2019,12,295705,242404656,156267367,970062384,953.64479637146,819.7516308483116,0.644654973128899
CC-MAIN-2017-47-part-00018.jsonl,2017,18,301296,235863247,153600653,943904407,927.9022340774536,782.8290020445011,0.6512275861274818
CC-MAIN-2020-40-part-00002.jsonl,2020,2,304436,236940718,152644134,948220365,932.3165454864502,778.2940191041795,0.6442292202389629
CC-MAIN-2014-10-part-00012.jsonl,2014,12,334429,237147344,153549716,949090936,934.5244188308716,709.1111835397049,0.6474865516520396
CC-MAIN-2024-26-part-00090.jsonl,2024,90,218867,241379262,149543025,965844537,944.506588935852,1102.858183280257,0.6195355133698272
CC-MAIN-2018-39-part-00011.jsonl,2018,11,299619,235308321,151504284,941682224,925.3980827331543,785.3584752635848,0.6438543412155833
CC-MAIN-2020-24-part-00020.jsonl,2020,20,298165,241862137,155958002,967894396,950.6862697601318,811.1687723240487,0.6448218970297116
CC-MAIN-2018-17-part-00008.jsonl,2018,8,303983,240209360,155398969,961292903,944.9987354278564,790.2065576035502,0.6469313643731451
CC-MAIN-2019-39-part-00006.jsonl,2019,6,285224,237753762,153046428,951442470,934.9184112548828,833.568570667265,0.6437182180107838
CC-MAIN-2017-13-part-00003.jsonl,2017,3,287453,236749795,153699967,947430380,930.9245233535767,823.6121905146233,0.6492084481002401
CC-MAIN-2014-15-part-00009.jsonl,2014,9,323460,236613067,152905195,946936675,931.9290904998779,731.5064211958202,0.6462246440514632
CC-MAIN-2019-35-part-00017.jsonl,2019,17,279168,238098736,153790320,952813894,936.1203460693359,852.886921137093,0.645909854809141
CC-MAIN-2017-30-part-00018.jsonl,2017,18,285636,237653733,155251191,951043522,934.1895322799683,832.0160378943831,0.653266368006094
CC-MAIN-2022-33-part-00013.jsonl,2022,13,277239,242171334,155753221,969102515,951.4040298461914,873.5110644606278,0.64315300422799
CC-MAIN-2021-21-part-00025.jsonl,2021,25,250540,240510484,155424921,962419311,942.5836582183838,959.9684042468268,0.6462292970147613
CC-MAIN-2021-04-part-00032.jsonl,2021,32,290486,238639429,154080247,954993076,938.0529146194458,821.5178321846836,0.6456613127414079
CC-MAIN-2019-18-part-00006.jsonl,2019,6,289689,232670316,150038891,931115110,915.70374584198,803.1727680374471,0.6448561792472057
CC-MAIN-2023-50-part-00046.jsonl,2023,46,225834,241386757,152017473,965885582,945.0891466140747,1068.868093378322,0.6297672452677261
CC-MAIN-2024-22-part-00093.jsonl,2024,93,217947,242094895,150467618,968706590,947.0912847518921,1110.7970974594741,0.6215232997787913
CC-MAIN-2018-51-part-00017.jsonl,2018,17,293470,232786613,149498489,931587396,916.3097143173218,793.2211571881282,0.6422125700157852
CC-MAIN-2021-17-part-00029.jsonl,2021,29,242959,242329353,156776515,969681620,948.6141386032104,997.4084228203112,0.646956355303767
CC-MAIN-2019-26-part-00009.jsonl,2019,9,283786,232439214,150214393,930182198,914.2007675170898,819.0651194914478,0.6462523703078775
CC-MAIN-2022-33-part-00012.jsonl,2022,12,274587,242225172,156135460,969311901,951.4283390045166,882.1436266101455,0.6445880859979325
CC-MAIN-2023-40-part-00036.jsonl,2023,36,224158,242100530,153246441,968738866,947.5615673065186,1080.0441206648882,0.6329868051094312
CC-MAIN-2019-04-part-00000.jsonl,2019,0,298880,232796354,149819452,931633293,916.3328657150269,778.8957240364026,0.6435644262710403
CC-MAIN-2018-13-part-00003.jsonl,2018,3,312774,241859384,157229540,967906973,951.4670066833496,773.2720238894537,0.6500865808870165
CC-MAIN-2014-41-part-00010.jsonl,2014,10,332349,237861399,153223796,951943569,937.0843172073364,715.6976521668487,0.6441726007001245
CC-MAIN-2020-24-part-00019.jsonl,2020,19,296303,241834307,156013694,967782601,950.678825378418,816.1723202262549,0.6451263922616239
CC-MAIN-2023-40-part-00019.jsonl,2023,19,227383,242012517,153027610,968391128,947.5426483154297,1064.338657683292,0.6323127906644598
CC-MAIN-2018-47-part-00003.jsonl,2018,3,289752,233451805,149706665,934242002,917.6048288345337,805.695232474668,0.6412743949441727
CC-MAIN-2024-22-part-00059.jsonl,2024,59,218841,242084630,150392217,968666692,947.096791267395,1106.2124099231862,0.6212381884797891
CC-MAIN-2017-22-part-00001.jsonl,2017,1,272603,232150901,151062066,929012642,911.6648330688477,851.6080197209862,0.6507063524168705
CC-MAIN-2019-30-part-00015.jsonl,2019,15,295056,242434728,156340826,970181445,953.6357879638672,821.6566617862372,0.6448780143412457
CC-MAIN-2018-30-part-00012.jsonl,2018,12,293439,235261804,152787656,941487294,925.0134716033936,801.7400686343669,0.649436727094042
CC-MAIN-2017-43-part-00022.jsonl,2017,22,298188,236231513,154109330,945373897,929.1124238967896,792.2234060391431,0.6523656731606338
CC-MAIN-2019-39-part-00005.jsonl,2019,5,286568,237749306,152952022,951427987,934.9248142242432,829.6435959353452,0.6433332007286701
CC-MAIN-2017-47-part-00004.jsonl,2017,4,299078,235833091,153687220,943780663,927.901858329773,788.533730331218,0.6516779275898987
CC-MAIN-2024-22-part-00011.jsonl,2024,11,216819,242122157,150402665,968813064,947.0928049087524,1116.701751230289,0.6211850532952257
CC-MAIN-2022-40-part-00023.jsonl,2022,23,260601,241804061,156606729,967606174,948.7847032546997,927.8708101657323,0.6476596313243888
CC-MAIN-2017-13-part-00016.jsonl,2017,16,290456,236700902,153681390,947238272,930.8590364456177,814.9286019224943,0.6492640657533278
CC-MAIN-2013-20-part-00003.jsonl,2013,3,316477,237034508,154505354,948613425,933.1188678741455,748.9786240390297,0.6518264167679754
CC-MAIN-2024-30-part-00044.jsonl,2024,44,221417,242066750,149632540,968599846,947.2499160766602,1093.2618091655113,0.6181457800379441
CC-MAIN-2020-34-part-00013.jsonl,2020,13,291817,240225440,154644579,961338655,944.2842845916748,823.2057762227697,0.643747718809465
CC-MAIN-2024-22-part-00094.jsonl,2024,94,218195,242096448,150467964,968712705,947.0894079208374,1109.541685189853,0.6215207420143561
CC-MAIN-2014-10-part-00014.jsonl,2014,14,333576,237165601,153636033,949162733,934.5202293395996,710.9792101350217,0.6478006606025467
CC-MAIN-2021-39-part-00010.jsonl,2021,10,269277,239351706,154283533,957810363,939.7917289733887,888.8679909535534,0.6445892347222292
CC-MAIN-2022-27-part-00036.jsonl,2022,36,275555,242449528,156179295,970211108,952.3487520217896,879.8589319736532,0.6441724027608748
CC-MAIN-2021-49-part-00033.jsonl,2021,33,279540,242152269,155824186,969029150,951.704023361206,866.2526615153466,0.6434967000040789
CC-MAIN-2021-39-part-00004.jsonl,2021,4,270715,239375882,154290357,957909804,939.8050127029419,884.2357534676689,0.6445526412723568
CC-MAIN-2020-24-part-00005.jsonl,2020,5,296457,241847110,156211524,967833406,950.6752414703369,815.7915313182012,0.6459102364299495
CC-MAIN-2022-33-part-00015.jsonl,2022,15,277952,242162465,156104281,969065724,951.4146995544434,871.2384332546627,0.6446262470940738
CC-MAIN-2017-13-part-00019.jsonl,2017,19,289807,236725459,153691863,947336683,930.8776721954346,816.8383061830805,0.6492409546875142
CC-MAIN-2023-50-part-00070.jsonl,2023,70,225759,241389255,152070424,965896039,945.0673351287842,1069.2342497973502,0.6299800875560928
CC-MAIN-2021-39-part-00023.jsonl,2021,23,271071,239332396,154205182,957735906,939.8725337982178,882.9140557270973,0.6443138688169904
CC-MAIN-2023-23-part-00051.jsonl,2023,51,243596,242279858,155830519,969485487,949.4370737075806,994.5970295078737,0.6431839620774419
CC-MAIN-2021-10-part-00031.jsonl,2021,31,251103,237372148,153596400,949864727,930.2259607315063,945.3178496473558,0.6470700176669422
CC-MAIN-2018-13-part-00020.jsonl,2018,20,312036,241831627,157047174,967794724,951.3267812728882,775.0119441346511,0.6494070934733446
CC-MAIN-2019-26-part-00003.jsonl,2019,3,285104,232401345,150244436,930032763,914.2308588027954,815.1458590549414,0.6464869469666795
CC-MAIN-2024-10-part-00061.jsonl,2024,61,222157,242511483,151436999,970379043,948.9546136856079,1091.6220645759531,0.6244529006488324
CC-MAIN-2023-50-part-00082.jsonl,2023,82,225333,241414528,152144682,965996021,945.0723333358765,1071.3678333843689,0.6302217321403292
CC-MAIN-2024-30-part-00087.jsonl,2024,87,221295,242071553,149730035,968617703,947.2565822601318,1093.8862287896247,0.6185362680760759
CC-MAIN-2023-50-part-00073.jsonl,2023,73,226811,241398905,152115393,965936631,945.0805368423462,1064.317449330059,0.6301411889171576
CC-MAIN-2020-40-part-00015.jsonl,2020,15,300332,237002757,152671227,948461723,932.3972969055176,789.1358796265466,0.6441748987755446
CC-MAIN-2021-17-part-00004.jsonl,2021,4,241694,242386785,156902612,969909021,948.5749635696411,1002.8663723551267,0.6473232936358309
CC-MAIN-2023-23-part-00029.jsonl,2023,29,243678,242262933,155827352,969416646,949.4220705032349,994.1928815896388,0.6432158236935074
CC-MAIN-2023-40-part-00025.jsonl,2023,25,223995,242047840,152964722,968527061,947.5457639694214,1080.594834706132,0.6319606983478968
CC-MAIN-2020-40-part-00023.jsonl,2020,23,302022,236972938,152586543,948345428,932.3851470947266,784.6214447954122,0.6438985999321154
CC-MAIN-2017-04-part-00001.jsonl,2017,1,332141,234339963,150792030,937858158,924.0774765014648,705.5436185234585,0.6434755219279437
CC-MAIN-2021-10-part-00023.jsonl,2021,23,249019,237431028,153530012,950098204,930.2149524688721,953.465510663845,0.6466299425701009
CC-MAIN-2022-27-part-00025.jsonl,2022,25,278002,242421835,156186167,970105317,952.3520994186401,872.0147157214697,0.6442743369218371
CC-MAIN-2018-34-part-00016.jsonl,2018,16,298105,237230762,152415149,949369728,932.6334772109985,795.7959846362859,0.642476328596879
CC-MAIN-2023-06-part-00001.jsonl,2023,1,257402,239455364,155121749,958206859,939.6146821975708,930.2777911593538,0.6478107084709115
CC-MAIN-2020-10-part-00020.jsonl,2020,20,301612,242236171,156183576,969397526,953.0306053161621,803.1383731416522,0.6447574503644214
CC-MAIN-2017-30-part-00021.jsonl,2017,21,287272,237684460,155396920,951168801,934.1814889907837,827.3847085688825,0.653795035653572
CC-MAIN-2021-10-part-00028.jsonl,2021,28,248152,237418890,153685879,950047724,930.2227935791016,956.7478400335278,0.64731950772746
CC-MAIN-2024-30-part-00067.jsonl,2024,67,220990,242079984,149736761,968651507,947.2669067382812,1095.4341101407304,0.6185425103134508
CC-MAIN-2024-26-part-00032.jsonl,2024,32,216468,241424329,149757544,966021919,944.5146007537842,1115.288767854833,0.6203084197036332
CC-MAIN-2021-04-part-00025.jsonl,2021,25,288560,238642758,154189475,955003326,938.0312023162842,827.0126074299973,0.6461100110148744
CC-MAIN-2018-39-part-00005.jsonl,2018,5,298411,235340773,151790488,941810819,925.3985452651978,788.6464406472952,0.6449816836456129
CC-MAIN-2017-34-part-00012.jsonl,2017,12,302617,234525166,153461224,938554325,922.4855470657349,774.9900567383855,0.6543486424821462
CC-MAIN-2024-22-part-00027.jsonl,2024,27,218674,242086672,150453579,968674602,947.089560508728,1107.0665556947786,0.6214864195415103
CC-MAIN-2020-50-part-00021.jsonl,2020,21,297606,239738677,154743478,959400508,942.6828966140747,805.5572703507322,0.6454673060534158
CC-MAIN-2023-14-part-00053.jsonl,2023,53,255849,241816940,156149054,967651708,948.6483755111694,945.1549155947454,0.645732486731492
CC-MAIN-2013-48-part-00002.jsonl,2013,2,334806,240663415,156569153,963156490,948.2894163131714,718.8145224398606,0.6505731375913535
CC-MAIN-2023-14-part-00043.jsonl,2023,43,254349,241839219,156218544,967739064,948.6539716720581,950.8164726419211,0.6459603394600774
CC-MAIN-2024-26-part-00068.jsonl,2024,68,217618,241421273,149789839,966011753,944.5175361633301,1109.3809933001867,0.6204500421137287
CC-MAIN-2024-10-part-00022.jsonl,2024,22,220179,242528386,151518665,970444387,948.9556751251221,1101.505529591832,0.6247461070391983
CC-MAIN-2018-47-part-00021.jsonl,2018,21,293333,233382462,149574306,933968922,917.3373689651489,795.6229336624247,0.6408977980530517
CC-MAIN-2023-40-part-00061.jsonl,2023,61,227340,242056776,153042061,968568296,947.5547323226929,1064.7346529427289,0.6322568759653314
CC-MAIN-2019-13-part-00003.jsonl,2019,3,295245,240160082,154285943,961083434,945.1259841918945,813.4264153499636,0.6424295899432613
CC-MAIN-2020-24-part-00002.jsonl,2020,2,296730,241844304,156031904,967823134,950.683464050293,815.0315236073197,0.6451750213641583
CC-MAIN-2024-18-part-00038.jsonl,2024,38,218328,242554223,150894361,970545010,948.9201879501343,1110.9625105346086,0.6221056847977452
CC-MAIN-2022-27-part-00015.jsonl,2022,15,273485,242435654,156470947,970153701,952.3312358856201,886.4678282172697,0.6454122750443299
CC-MAIN-2017-04-part-00007.jsonl,2017,7,331013,234352968,150820627,937908387,924.0742807388306,707.9872029195228,0.643561838738906
CC-MAIN-2021-04-part-00003.jsonl,2021,3,289304,238655490,154081771,955056886,938.0538330078125,824.9297970301136,0.645624246900836
CC-MAIN-2018-22-part-00013.jsonl,2018,13,296534,232531332,150737811,930569091,914.196662902832,784.1641498108143,0.6482473123234851
CC-MAIN-2024-18-part-00036.jsonl,2024,36,218283,242522258,150752958,970416395,948.9292278289795,1111.045102000614,0.6216046281409766
CC-MAIN-2015-40-part-00005.jsonl,2015,5,294100,223020934,143207283,892525579,877.8619012832642,758.3166746004761,0.642124846450513
CC-MAIN-2024-10-part-00036.jsonl,2024,36,220198,242541749,151519631,970497391,948.9554023742676,1101.4711714002851,0.624715669053743
CC-MAIN-2024-10-part-00034.jsonl,2024,34,221847,242496886,151438420,970319745,948.9558277130127,1093.0816553751008,0.6244963492026038
CC-MAIN-2014-49-part-00004.jsonl,2014,4,275484,214694203,137965540,859189598,844.5717124938965,779.3345638948178,0.6426141836722066
CC-MAIN-2022-33-part-00004.jsonl,2022,4,275941,242236307,155986241,969359645,951.4159641265869,877.8554364882348,0.6439424499647776
CC-MAIN-2022-21-part-00015.jsonl,2022,15,270097,241756706,156132635,967431517,949.1454067230225,895.0736439131127,0.6458254564404927
CC-MAIN-2023-40-part-00058.jsonl,2023,58,225136,242094206,153257029,968713884,947.5648584365845,1075.3242751048256,0.6330470750712638
CC-MAIN-2019-39-part-00010.jsonl,2019,10,283153,237801894,153088036,951633206,934.9242343902588,839.8353328412554,0.6437628961861843
CC-MAIN-2020-10-part-00007.jsonl,2020,7,298469,242315514,156442271,969709985,952.9933128356934,811.8615802646171,0.6456139287887279
CC-MAIN-2020-29-part-00026.jsonl,2020,26,289850,241252717,155735300,965445712,948.0047330856323,832.336439537692,0.6455276522336534
CC-MAIN-2020-05-part-00002.jsonl,2020,2,280701,235017974,151986377,940494238,923.9627618789673,837.2537824945405,0.6467010774248271
CC-MAIN-2017-30-part-00009.jsonl,2017,9,284121,237902346,155502458,952035684,934.8735780715942,837.327568183978,0.6536398678472889
CC-MAIN-2019-47-part-00011.jsonl,2019,11,275541,233648900,150901675,935009430,917.8186712265015,847.9641868179327,0.6458480009963667
CC-MAIN-2022-33-part-00029.jsonl,2022,29,275163,242191399,156087471,969178911,951.4132509231567,880.174293055389,0.644479827295601
CC-MAIN-2024-30-part-00041.jsonl,2024,41,221523,242080069,149745276,968652838,947.2787752151489,1092.7988019302736,0.6185774674411547
CC-MAIN-2023-40-part-00023.jsonl,2023,23,225105,242079489,153208086,968655439,947.5487203598022,1075.4069834077432,0.6328833831931957
CC-MAIN-2023-14-part-00020.jsonl,2023,20,254760,241758942,155965414,967418250,948.6176881790161,948.9674281676872,0.6451277984166559
CC-MAIN-2024-18-part-00085.jsonl,2024,85,219625,242535018,150896805,970469752,948.9676198959351,1104.3142538417758,0.6221650227844624
CC-MAIN-2016-44-part-00014.jsonl,2016,14,349532,237627180,153716708,951033060,937.1406412124634,679.843848345788,0.6468818423885685
CC-MAIN-2018-43-part-00003.jsonl,2018,3,275358,234696646,150044314,939199904,921.0077524185181,852.3327667981318,0.6393117096355949
CC-MAIN-2022-05-part-00022.jsonl,2022,22,274824,238231797,153685974,953339750,935.6353750228882,866.8522290629639,0.645111089012186
CC-MAIN-2021-21-part-00001.jsonl,2021,1,250668,240537756,155382845,962527338,942.5795660018921,959.5870075159174,0.6459811032742818
CC-MAIN-2021-21-part-00006.jsonl,2021,6,250187,240560802,155556980,962618818,942.5808572769165,961.5239880569334,0.6466430885942923
CC-MAIN-2023-14-part-00028.jsonl,2023,28,254295,241812003,156264259,967629359,948.6530876159668,950.9113549224326,0.6462220942770984
CC-MAIN-2018-39-part-00008.jsonl,2018,8,301324,235213641,151664731,941305688,925.3989086151123,780.6004201457567,0.6447956434635523
CC-MAIN-2024-26-part-00025.jsonl,2024,25,218585,241395256,149704616,965908928,944.5167837142944,1104.3541688587964,0.6201638693346981
CC-MAIN-2017-34-part-00005.jsonl,2017,5,304513,234464642,153609398,938315011,922.489764213562,769.9659521925172,0.6551495214361576
CC-MAIN-2024-22-part-00004.jsonl,2024,4,216403,242128562,150412149,968839005,947.0953531265259,1118.8780284931354,0.6212077904299452
CC-MAIN-2022-21-part-00012.jsonl,2022,12,270547,241798164,156275847,967597840,949.1446533203125,893.7381083508595,0.6463070042169551
CC-MAIN-2024-22-part-00077.jsonl,2024,77,216930,242065427,150414057,968586928,947.065167427063,1115.8688378739685,0.621377694717222
CC-MAIN-2015-48-part-00007.jsonl,2015,7,305497,242006831,155713437,968486026,951.8399744033813,792.1741653764194,0.643425792390133
CC-MAIN-2024-30-part-00039.jsonl,2024,39,221203,242073000,149813898,968624694,947.2590484619141,1094.3477258445862,0.618879007572096
CC-MAIN-2021-39-part-00002.jsonl,2021,2,271838,239360199,154326898,957847837,939.7940340042114,880.5251620450415,0.6447475338203575
CC-MAIN-2018-47-part-00011.jsonl,2018,11,293278,233359355,149585954,933876883,917.3357915878296,795.6933523823812,0.641011173518199
CC-MAIN-2024-26-part-00062.jsonl,2024,62,219176,241400671,149597594,965931528,944.5154428482056,1101.4010247472352,0.6197066204509432
CC-MAIN-2017-26-part-00003.jsonl,2017,3,287127,237522791,155451112,950521512,933.1788635253906,827.2394828769151,0.6544681937490369
CC-MAIN-2017-17-part-00017.jsonl,2017,17,282859,231204850,150409242,925243347,909.2321872711182,817.3855171657964,0.6505453583694286
CC-MAIN-2023-14-part-00036.jsonl,2023,36,252407,241809200,156033924,967615200,948.6323118209839,958.0130503512185,0.6452770366057206
CC-MAIN-2021-49-part-00021.jsonl,2021,21,282899,242117506,155584503,968895571,951.7058238983154,855.8443331365611,0.6425991477047512
CC-MAIN-2019-51-part-00011.jsonl,2019,11,275771,231678962,149397953,927129233,910.727105140686,840.1135797455134,0.6448490260414754
CC-MAIN-2019-51-part-00015.jsonl,2019,15,274477,231698440,149327096,927205548,910.7821598052979,844.1451924933601,0.6444890004438528
CC-MAIN-2019-39-part-00022.jsonl,2019,22,287619,237765381,152863457,951492504,934.9204263687134,826.6678522628895,0.6429172167835485
CC-MAIN-2016-22-part-00004.jsonl,2016,4,261682,211388725,135411655,845947561,830.7717981338501,807.8076634999733,0.6405812561668083
CC-MAIN-2017-17-part-00014.jsonl,2017,14,280441,231237685,150221041,925371258,909.0978765487671,824.5502084217358,0.6496390975372375
CC-MAIN-2018-26-part-00011.jsonl,2018,11,297772,239943499,155045091,960220132,942.6057195663452,805.7960419381271,0.6461733351650424
CC-MAIN-2024-26-part-00016.jsonl,2024,16,218024,241416368,149760485,965992689,944.4939441680908,1107.2926283344952,0.6203410574050223
CC-MAIN-2022-49-part-00002.jsonl,2022,2,259900,240223208,155214110,961283228,943.2152280807495,924.2909118891881,0.646124540972744
CC-MAIN-2021-21-part-00031.jsonl,2021,31,249656,240589678,155557195,962733524,942.5823726654053,963.6847422052745,0.6465663709812189
CC-MAIN-2020-24-part-00007.jsonl,2020,7,295954,241856126,155998236,967868119,950.69078540802,817.2085053758354,0.6450042782873319
CC-MAIN-2015-22-part-00002.jsonl,2015,2,294861,229121959,148010015,916930373,901.3696155548096,777.0507425532709,0.645987908125384
CC-MAIN-2023-23-part-00040.jsonl,2023,40,242655,242220996,155510527,969248303,949.4379692077637,998.2114359893676,0.6420191873044729
CC-MAIN-2013-48-part-00005.jsonl,2013,5,339389,240658720,156581497,963143037,948.3481674194336,709.0940484223119,0.6506371221454182
CC-MAIN-2021-39-part-00006.jsonl,2021,6,272589,239338067,154230174,957761938,939.7948293685913,878.0180674935526,0.6444030234438218
CC-MAIN-2020-16-part-00014.jsonl,2020,14,284680,234973102,151710707,940319163,923.6866464614868,825.3937824926232,0.645651377577677
CC-MAIN-2024-26-part-00013.jsonl,2024,13,219074,241475332,149586144,966230258,944.8298225402832,1102.254635419995,0.6194675984543216
CC-MAIN-2016-18-part-00001.jsonl,2016,1,269125,205198509,132140889,821198141,807.8984985351562,762.4654305620065,0.6439661264790184
CC-MAIN-2024-22-part-00057.jsonl,2024,57,217940,242092039,150424985,968695277,947.0859365463257,1110.819670551528,0.6213545295473347
CC-MAIN-2019-18-part-00011.jsonl,2019,11,287854,232674651,150065734,931131165,915.6820230484009,808.3078609294989,0.6449595319259768
CC-MAIN-2024-22-part-00045.jsonl,2024,45,219247,242079007,150410465,968645072,947.0889186859131,1104.1382869548956,0.6213279989206169
CC-MAIN-2023-50-part-00059.jsonl,2023,59,226056,241379033,151941621,965855668,945.0699729919434,1067.7842348798529,0.6294731531217957
CC-MAIN-2019-39-part-00020.jsonl,2019,20,286741,237739807,152908401,951388217,934.9320611953735,829.1099180096323,0.6431754232895461
CC-MAIN-2023-14-part-00047.jsonl,2023,47,256532,241774674,156172005,967484231,948.6570997238159,942.4737420672665,0.6459402981141027
CC-MAIN-2020-40-part-00013.jsonl,2020,13,305321,236943259,152632034,948231150,932.4034090042114,776.0463872448996,0.6441712443906243
CC-MAIN-2024-10-part-00060.jsonl,2024,60,219299,242540947,151626097,970492843,948.9430074691772,1105.9829137387767,0.625156695706313
CC-MAIN-2015-06-part-00007.jsonl,2015,7,312874,237239975,152806833,949428500,933.6835422515869,758.2604339126933,0.6441023819868469
CC-MAIN-2022-40-part-00036.jsonl,2022,36,260465,241869257,156529625,967868406,948.9791555404663,928.6055976810704,0.6471662704946417
CC-MAIN-2023-40-part-00073.jsonl,2023,73,225909,242055175,153006825,968559226,947.5424356460571,1071.472030773453,0.632115487718864
CC-MAIN-2024-10-part-00071.jsonl,2024,71,219810,242538456,151401230,970483331,948.953272819519,1103.400464037123,0.6242359768300001
CC-MAIN-2024-10-part-00024.jsonl,2024,24,222241,242501923,151455542,970341199,948.945408821106,1091.1664499349804,0.6245539834337726
CC-MAIN-2014-10-part-00005.jsonl,2014,5,329067,237231143,153643038,949418138,934.5865240097046,720.9204903560673,0.6476512150008905
CC-MAIN-2021-43-part-00030.jsonl,2021,30,276626,237516054,153006423,950479335,933.0028114318848,858.6179679422759,0.6441940257225729
CC-MAIN-2024-26-part-00074.jsonl,2024,74,218482,241376384,149620574,965833447,944.5255584716797,1104.7884219294954,0.6198641785933788
CC-MAIN-2019-09-part-00011.jsonl,2019,11,297854,239690342,153783078,959207989,943.6569623947144,804.7242675941905,0.641590631966306
CC-MAIN-2017-13-part-00006.jsonl,2017,6,288918,236712959,153725739,947284567,930.8797559738159,819.308450840723,0.649418348912617
CC-MAIN-2023-14-part-00050.jsonl,2023,50,253948,241805756,156233386,967603815,948.6511554718018,952.186101091562,0.6461111124252973
CC-MAIN-2022-49-part-00005.jsonl,2022,5,262023,240210206,155289357,961233784,943.2559566497803,916.7523690668377,0.6464727689380525
CC-MAIN-2013-20-part-00029.jsonl,2013,29,313335,237082747,154522880,948801358,933.1223764419556,756.6430401965947,0.6517677138269365
CC-MAIN-2019-04-part-00015.jsonl,2019,15,298940,232801734,149920237,931654537,916.3162698745728,778.7573894426976,0.6439824756631752
CC-MAIN-2013-48-part-00011.jsonl,2013,11,340604,240605101,156497750,962932825,948.2931575775146,706.4071502389872,0.6504340487777106
CC-MAIN-2024-10-part-00065.jsonl,2024,65,219842,242533066,151513872,970463163,948.9529609680176,1103.2153364689186,0.6247142894734197
CC-MAIN-2014-23-part-00008.jsonl,2014,8,336878,233429542,150683972,934223408,920.2644853591919,692.9201135129038,0.6455222878345022
CC-MAIN-2023-50-part-00016.jsonl,2023,16,227334,241367499,151938685,965810001,945.0656814575195,1061.7307529889943,0.6294910691352028
CC-MAIN-2015-40-part-00003.jsonl,2015,3,294286,223059671,143402775,892680448,877.8882265090942,757.9690199329904,0.6428897449597691
CC-MAIN-2024-10-part-00048.jsonl,2024,48,220337,242524936,151595655,970429508,948.958324432373,1100.7000004538502,0.6250724461586911
CC-MAIN-2019-43-part-00020.jsonl,2019,20,295148,236841189,152112597,947807719,932.2072696685791,802.4489036009053,0.6422556720064431
CC-MAIN-2018-17-part-00018.jsonl,2018,18,302094,240246338,155000930,961436120,945.0173034667969,795.2701410819149,0.6451749953416563
CC-MAIN-2024-18-part-00069.jsonl,2024,69,219042,242521657,150646381,970414825,948.9230165481567,1107.1924881986104,0.621166715020424
CC-MAIN-2021-39-part-00013.jsonl,2021,13,271185,239341539,154207259,957771521,939.7894010543823,882.5766137507605,0.6442979335902073
CC-MAIN-2019-35-part-00020.jsonl,2019,20,283475,238110363,153892095,952866488,936.153730392456,839.9695317047359,0.6463057426862182
CC-MAIN-2024-26-part-00008.jsonl,2024,8,218611,241398231,149671322,965920626,944.5114269256592,1104.2364336652777,0.6200183049394425
CC-MAIN-2019-43-part-00000.jsonl,2019,0,292783,236971201,152508149,948325025,932.218409538269,809.3748646608581,0.643572503141426
CC-MAIN-2022-33-part-00034.jsonl,2022,34,275992,242188348,155981454,969167750,951.4861278533936,877.5194498391257,0.6440502001359703
CC-MAIN-2023-06-part-00010.jsonl,2023,10,260163,239404372,155000116,958007200,939.6167669296265,920.2091458047455,0.6474406240166741
CC-MAIN-2018-30-part-00008.jsonl,2018,8,294742,235321019,152757225,941726279,925.0831117630005,798.3966282375773,0.6491439891308647
CC-MAIN-2017-43-part-00008.jsonl,2017,8,299536,236215304,154144236,945310482,929.1319551467896,788.6040542706052,0.6525582101996237
CC-MAIN-2018-51-part-00000.jsonl,2018,0,295507,232694390,149180004,931221431,916.3112640380859,787.4412112065028,0.6410984123854468
CC-MAIN-2024-10-part-00041.jsonl,2024,41,219576,242543926,151442806,970504918,948.961706161499,1104.6012587896673,0.6243933150484255
CC-MAIN-2020-50-part-00025.jsonl,2020,25,296971,239696035,154539184,959229188,942.6555089950562,807.1361681780376,0.6447298304287762
CC-MAIN-2023-14-part-00029.jsonl,2023,29,253744,241815183,156287170,967641842,948.651044845581,952.9887721483069,0.6463083420200294
CC-MAIN-2021-17-part-00013.jsonl,2021,13,239855,242379940,156929125,969879842,948.5969800949097,1010.5269433616143,0.647450960669435
CC-MAIN-2023-23-part-00030.jsonl,2023,30,240617,242287878,155717761,969512102,949.4333143234253,1006.944139441519,0.6426972834356988
CC-MAIN-2024-22-part-00036.jsonl,2024,36,218191,242074811,150230602,968626726,947.0908880233765,1109.4628605212863,0.6205957628528315
CC-MAIN-2023-14-part-00007.jsonl,2023,7,254595,241806913,156258410,967608727,948.661208152771,949.770863528349,0.6462115084360719
CC-MAIN-2014-15-part-00006.jsonl,2014,6,322592,236614634,152780591,946941029,931.9195556640625,733.4795469199485,0.6456937528217296
CC-MAIN-2014-41-part-00008.jsonl,2014,8,335259,237809759,153318618,951742710,937.0630512237549,709.3314691029921,0.6447112122089153
CC-MAIN-2024-18-part-00067.jsonl,2024,67,221033,242486599,150964433,970278318,948.9217958450317,1097.0606153832234,0.6225681486010697
CC-MAIN-2015-18-part-00006.jsonl,2015,6,313188,239752739,154508113,959481071,943.6170415878296,765.5233885078611,0.6444477491454227
CC-MAIN-2024-10-part-00002.jsonl,2024,2,220888,242522423,151471685,970421049,948.956431388855,1097.9429529897504,0.624567753885586
CC-MAIN-2024-26-part-00033.jsonl,2024,33,219128,241363910,149690553,965783725,944.5168132781982,1101.4745263042605,0.6201861454763473
CC-MAIN-2024-10-part-00043.jsonl,2024,43,221327,242506474,151513154,970358233,948.9517107009888,1095.693132785426,0.6247798316510098
CC-MAIN-2017-47-part-00013.jsonl,2017,13,302296,235823148,153599841,943746259,927.815128326416,780.1067430597825,0.651334876591504
CC-MAIN-2020-40-part-00024.jsonl,2020,24,304181,236970010,152630580,948335234,932.3952045440674,779.0427738747653,0.6440923895812808
CC-MAIN-2018-47-part-00000.jsonl,2018,0,293664,233371332,149697433,933925548,917.3358945846558,794.688255966002,0.6414559651225713
CC-MAIN-2024-22-part-00020.jsonl,2024,20,217489,242099003,150460995,968721936,947.0883636474609,1113.1551618702556,0.6214853970299085
CC-MAIN-2019-35-part-00015.jsonl,2019,15,282066,238038965,153571908,952578243,935.7095584869385,843.9122935766807,0.6451544939291767
CC-MAIN-2023-50-part-00074.jsonl,2023,74,227477,241339308,152049037,965697283,945.0536251068115,1060.939382882665,0.6300218487408608
CC-MAIN-2021-43-part-00015.jsonl,2021,15,273399,237573679,153237834,950703434,932.9979543685913,868.9632332232378,0.6450118323082416
CC-MAIN-2021-21-part-00028.jsonl,2021,28,249563,240568853,155388366,962649621,942.5831756591797,963.9604148050793,0.6459205506541613
CC-MAIN-2019-22-part-00016.jsonl,2019,16,297035,236293052,152241874,945617980,929.7232103347778,795.505755214032,0.6442926387865183
CC-MAIN-2024-18-part-00035.jsonl,2024,35,219566,242522228,150916504,970418580,948.9254455566406,1104.552744960513,0.622279059715714
CC-MAIN-2018-47-part-00009.jsonl,2018,9,288607,233398441,149787240,934028174,917.362154006958,808.7067915885616,0.6417662404180327
CC-MAIN-2024-10-part-00021.jsonl,2024,21,221310,242505779,151456485,970355386,948.9532423019409,1095.7741584203154,0.6245479411853522
CC-MAIN-2015-48-part-00001.jsonl,2015,1,307926,242030239,155855509,968582039,951.8416690826416,786.0013087559998,0.6439505643755531
CC-MAIN-2023-14-part-00045.jsonl,2023,45,256009,241775602,156394202,967485672,948.6534738540649,944.4027436535434,0.6468568404184968
CC-MAIN-2023-06-part-00040.jsonl,2023,40,257744,239365154,154841159,957847181,939.6096019744873,928.6934089639332,0.6468826243606035
CC-MAIN-2019-18-part-00001.jsonl,2019,1,294556,232673445,150000005,931136046,915.7549886703491,789.9124275180271,0.6446803802642799
CC-MAIN-2018-22-part-00011.jsonl,2018,11,297317,232548107,150724257,930637518,914.1736640930176,782.1554334262756,0.6481422658925364
CC-MAIN-2018-43-part-00016.jsonl,2018,16,275216,234736403,150038620,939358394,921.0198106765747,852.916992471368,0.6391791732448077
CC-MAIN-2021-39-part-00032.jsonl,2021,32,272164,239351030,154341202,957811069,939.7930994033813,879.4367734160286,0.6448319942471106
CC-MAIN-2014-35-part-00011.jsonl,2014,11,335926,234804325,151647772,939720674,925.4604568481445,698.9763370504219,0.6458474391389512
CC-MAIN-2017-09-part-00014.jsonl,2017,14,293979,227107228,146856001,908870593,894.0990629196167,772.5287452505111,0.6466372836006787
CC-MAIN-2019-22-part-00009.jsonl,2019,9,294667,236318637,152392374,945717946,929.7672433853149,801.9854174373106,0.6448597365598381
CC-MAIN-2022-27-part-00001.jsonl,2022,1,270716,242540840,156363723,970570414,952.3492488861084,895.9235508798889,0.644690283912598
CC-MAIN-2023-14-part-00027.jsonl,2023,27,255493,241773915,156248546,967478392,948.6450433731079,946.303479938785,0.6462589067972863
CC-MAIN-2023-50-part-00072.jsonl,2023,72,226412,241384921,151954522,965879419,945.0654125213623,1066.1313048778334,0.6295112444078477
CC-MAIN-2021-39-part-00030.jsonl,2021,30,272277,239360411,154252951,957850269,939.7970018386841,879.1062447434047,0.6444380269718036
CC-MAIN-2019-26-part-00008.jsonl,2019,8,287488,232408579,150107822,930065236,914.1933870315552,808.4114084761799,0.645879006041339
CC-MAIN-2023-50-part-00032.jsonl,2023,32,225838,241380329,152038871,965859874,945.0692014694214,1068.8206989080668,0.6298726645616595
CC-MAIN-2019-09-part-00008.jsonl,2019,8,301642,239631676,153321468,958979595,943.6435861587524,794.4241053964633,0.639821373197757
CC-MAIN-2018-30-part-00013.jsonl,2018,13,296096,235287576,152785417,941594834,925.0256443023682,794.6327407327353,0.6493560756476151
CC-MAIN-2023-50-part-00050.jsonl,2023,50,225641,241414527,152039751,965997536,945.1020936965942,1069.9054116937969,0.6297870840224955
CC-MAIN-2024-18-part-00073.jsonl,2024,73,217490,242560081,150877652,970566950,948.9249897003174,1115.270040001839,0.6220217744732696
CC-MAIN-2020-40-part-00005.jsonl,2020,5,302008,236978600,152658089,948367197,932.3983974456787,784.6765648592091,0.6441851247327818
CC-MAIN-2021-10-part-00032.jsonl,2021,32,248784,237440062,153783704,950132608,930.206708908081,954.4024615730915,0.6476737864059352
CC-MAIN-2021-10-part-00016.jsonl,2021,16,249032,237415300,153556759,950034633,930.1860990524292,953.3525811943847,0.6467854388491391
CC-MAIN-2021-31-part-00024.jsonl,2021,24,256770,238782590,154563096,955515516,935.9167766571045,929.9473848190988,0.6472963376433768
CC-MAIN-2022-49-part-00024.jsonl,2022,24,262683,240232639,155293101,961324688,943.2532157897949,914.534396972777,0.6464279859990215
CC-MAIN-2013-20-part-00000.jsonl,2013,0,317121,237035635,154515089,948617260,933.1292419433594,747.4611741259646,0.6518643873947476
CC-MAIN-2015-06-part-00002.jsonl,2015,2,310213,237313757,152897721,949720203,933.6851482391357,765.0026175563243,0.644285114073686
CC-MAIN-2019-04-part-00009.jsonl,2019,9,300395,232729567,149846374,931368156,916.3249626159668,774.745142229398,0.643864790931356
CC-MAIN-2022-33-part-00031.jsonl,2022,31,275132,242238445,156056319,969366101,951.3852157592773,880.4444593867671,0.6442260599881245
CC-MAIN-2021-25-part-00020.jsonl,2021,20,263327,241998865,156482652,968390779,949.0308027267456,919.0051343006984,0.6466255616529442
CC-MAIN-2017-51-part-00015.jsonl,2017,15,315203,239231729,156130361,957399447,941.4853973388672,758.9766880391367,0.652632331223924
CC-MAIN-2023-50-part-00011.jsonl,2023,11,225599,241397531,152048104,965928812,945.0552444458008,1070.029259881471,0.6298660279172449
CC-MAIN-2022-27-part-00005.jsonl,2022,5,276021,242458607,156438888,970249037,952.3492650985718,878.4063785001866,0.6452189507135129
CC-MAIN-2021-39-part-00025.jsonl,2021,25,271107,239351869,154102568,957814403,939.8077516555786,882.8686422703951,0.6438327331381732
CC-MAIN-2021-43-part-00002.jsonl,2021,2,273410,237562122,153042336,950658227,933.0259428024292,868.8860027065579,0.6442202768335266
CC-MAIN-2022-05-part-00030.jsonl,2022,30,274678,238190926,153618652,953176000,935.6003465652466,867.1641922542032,0.6449391443232393
CC-MAIN-2021-49-part-00030.jsonl,2021,30,280454,242147288,155658438,969009435,951.6974544525146,863.411782324374,0.6428254443221351
CC-MAIN-2019-26-part-00013.jsonl,2019,13,285219,232405307,150051843,930048580,914.1940822601318,814.8310841844337,0.6456472312828898
CC-MAIN-2024-30-part-00064.jsonl,2024,64,221961,242035730,149540958,968475448,947.2533712387085,1090.4426002766252,0.6178466212405912
CC-MAIN-2016-26-part-00003.jsonl,2016,3,268254,208745672,134726094,835385162,821.5509490966797,778.1642473178406,0.6454078434737559
CC-MAIN-2021-04-part-00021.jsonl,2021,21,288001,238643607,153933133,955007187,938.0559425354004,828.620758261256,0.6450335499664149
CC-MAIN-2016-50-part-00004.jsonl,2016,4,346112,234066333,150825755,936785722,923.6954765319824,676.2733826044748,0.6443718456511215
CC-MAIN-2015-48-part-00004.jsonl,2015,4,306858,242006227,155713386,968485836,951.7238340377808,788.6586857764829,0.6434271875161295
CC-MAIN-2024-10-part-00090.jsonl,2024,90,220584,242544294,151530057,970508894,948.9509010314941,1099.5552442606897,0.6247520999195306
CC-MAIN-2024-22-part-00080.jsonl,2024,80,218484,242083917,150317611,968663621,947.0940036773682,1108.0166831438457,0.6209318357980799
CC-MAIN-2022-33-part-00009.jsonl,2022,9,275805,242210866,155956961,969256771,951.4122657775879,878.1960660611664,0.64388920107325
CC-MAIN-2021-39-part-00008.jsonl,2021,8,273220,239302872,154049974,957621943,939.7961301803589,875.8614742698192,0.6437447771207694
CC-MAIN-2024-18-part-00058.jsonl,2024,58,218481,242544697,150971891,970506847,948.9263620376587,1110.1409138552094,0.6224497705674431
CC-MAIN-2017-34-part-00024.jsonl,2017,24,304208,234473105,153593730,938349330,922.4829320907593,770.765742518277,0.6550590525083889
CC-MAIN-2022-33-part-00020.jsonl,2022,20,276936,242202152,155971089,969223513,951.3786144256592,874.5780685790219,0.6439706984932158
CC-MAIN-2021-31-part-00018.jsonl,2021,18,257494,238736454,154500195,955333066,935.9130268096924,927.1534637700296,0.6471579535147154
CC-MAIN-2019-43-part-00022.jsonl,2019,22,290950,236907566,152394652,948066742,932.192554473877,814.2552534799794,0.6432662939941732
CC-MAIN-2022-27-part-00011.jsonl,2022,11,275915,242424039,156354081,970109386,952.3442735671997,878.6185564394832,0.6449611253280043
CC-MAIN-2024-10-part-00059.jsonl,2024,59,221305,242495841,151474615,970315426,948.9642906188965,1095.754009172861,0.6246483006692061
CC-MAIN-2019-35-part-00025.jsonl,2019,25,282704,238075092,153705045,952724202,936.1114234924316,842.1355622842266,0.645615816878483
CC-MAIN-2019-51-part-00007.jsonl,2019,7,277651,231677828,149207945,927128294,910.7789249420166,834.4210105492147,0.6440320434979216
CC-MAIN-2019-22-part-00000.jsonl,2019,0,295042,236388258,152342518,945995214,929.7603740692139,801.2020593678188,0.6444589053996075
CC-MAIN-2024-26-part-00060.jsonl,2024,60,218781,241379926,149486522,965848422,944.521484375,1103.2947376600346,0.619299725860385
CC-MAIN-2019-22-part-00007.jsonl,2019,7,294728,236289770,152396877,945601313,929.7611017227173,801.7214855731386,0.644957574760854
CC-MAIN-2017-47-part-00008.jsonl,2017,8,301016,235837806,153847847,943803773,927.9036321640015,783.4726592606373,0.6523459898537217
CC-MAIN-2020-40-part-00008.jsonl,2020,8,302452,236986555,152451187,948400439,932.4138641357422,783.5509601523547,0.6432904474264374
CC-MAIN-2022-49-part-00016.jsonl,2022,16,261388,240243490,155292352,961366278,943.2570781707764,919.1068067394066,0.6463956713249546
CC-MAIN-2024-22-part-00066.jsonl,2024,66,215959,242146357,150402395,968910437,947.0823774337769,1121.2607809815752,0.6211218573071492
CC-MAIN-2018-43-part-00022.jsonl,2018,22,275676,234694718,149957842,939191034,921.0258769989014,851.342583322451,0.6389485169410587
CC-MAIN-2022-49-part-00028.jsonl,2022,28,261125,240161306,155169273,961037022,943.0875415802002,919.7177826711345,0.6461043853583974
CC-MAIN-2024-18-part-00080.jsonl,2024,80,219094,242555301,151051044,970550714,948.9256248474121,1107.0832656302773,0.622748888097894
CC-MAIN-2020-50-part-00012.jsonl,2020,12,296208,239748446,154588858,959438043,942.6776647567749,809.3922041268298,0.6447960793038884
CC-MAIN-2024-10-part-00089.jsonl,2024,89,220889,242522462,151407518,970420420,948.9591398239136,1097.9381589848294,0.6243030717707294
CC-MAIN-2019-04-part-00007.jsonl,2019,7,301416,232725780,149693256,931355470,916.3343505859375,772.108249064416,0.6432173350111878
CC-MAIN-2023-06-part-00035.jsonl,2023,35,260994,239407905,154972330,958023318,939.6167087554932,917.2927538564105,0.6473150082492055
CC-MAIN-2017-47-part-00010.jsonl,2017,10,298681,235866870,153715307,943915208,927.8828258514404,789.6949253551447,0.6517036792831482
CC-MAIN-2021-25-part-00022.jsonl,2021,22,261577,242029927,156369340,968511398,949.0158767700195,925.2722028312887,0.646074400543037
CC-MAIN-2013-20-part-00024.jsonl,2013,24,314405,237058919,154596389,948706756,933.1110725402832,753.9922043224503,0.6521433137894297
CC-MAIN-2018-43-part-00013.jsonl,2018,13,276293,234676487,149895115,939120633,921.0149459838867,849.3754347739538,0.6387308627131443
CC-MAIN-2018-30-part-00000.jsonl,2018,0,295396,235335078,152897261,941783480,925.3125886917114,796.6765900689244,0.6497002584544579
CC-MAIN-2021-04-part-00031.jsonl,2021,31,287823,238680969,154103990,955155770,938.0565052032471,829.263015811801,0.6456484178258888
CC-MAIN-2016-30-part-00004.jsonl,2016,4,302397,242184214,156530811,969190258,952.4745674133301,800.8816687996243,0.6463295373991634
CC-MAIN-2021-49-part-00014.jsonl,2021,14,282181,242103840,155790956,968839210,951.704104423523,857.9735701553259,0.6434881660695675
CC-MAIN-2023-23-part-00022.jsonl,2023,22,243665,242245815,155692218,969347842,949.3853883743286,994.1756715162211,0.6427034374154204
CC-MAIN-2016-50-part-00003.jsonl,2016,3,344923,234090751,150973995,936880716,923.6784954071045,678.6753884200242,0.6449378899211614
CC-MAIN-2014-10-part-00003.jsonl,2014,3,334068,237156578,153517324,949127125,934.6070318222046,709.9051031526516,0.6473247560520965
CC-MAIN-2022-27-part-00004.jsonl,2022,4,275570,242423348,156275548,970106591,952.3417205810547,879.7160358529593,0.6446390138956418
CC-MAIN-2022-40-part-00035.jsonl,2022,35,263795,241794069,156633682,967572334,948.8232622146606,916.5983775280047,0.6477978663736371
CC-MAIN-2022-27-part-00013.jsonl,2022,13,270864,242474514,156412921,970304557,952.3491592407227,895.1891502746765,0.6450695308951109
CC-MAIN-2019-13-part-00016.jsonl,2019,16,293091,240227842,154223709,961350444,945.1273860931396,819.635683115483,0.6419893202886949
CC-MAIN-2015-14-part-00001.jsonl,2015,1,276068,220018322,141900039,880486960,865.024167060852,796.971478041642,0.6449464649584956
CC-MAIN-2023-14-part-00010.jsonl,2023,10,255426,241834796,156339294,967721627,948.6590509414673,946.79005269628,0.646471461451726
CC-MAIN-2022-21-part-00023.jsonl,2022,23,268570,241776953,156287236,967510506,949.1694555282593,900.2381241389581,0.6464108098839346
CC-MAIN-2022-33-part-00025.jsonl,2022,25,276250,242228685,156053155,969329359,951.5562562942505,876.8459185520362,0.6442389554317235
CC-MAIN-2018-34-part-00019.jsonl,2018,19,298024,237160958,152309958,949091096,932.3407402038574,795.7780514320995,0.6422218871286564
CC-MAIN-2021-31-part-00017.jsonl,2021,17,257462,238746697,154561686,955372533,935.9043817520142,927.3084843588568,0.6473877458501551
CC-MAIN-2021-21-part-00030.jsonl,2021,30,250501,240558763,155488237,962610671,942.5790939331055,960.3105895784847,0.6463628057482155
CC-MAIN-2024-10-part-00035.jsonl,2024,35,220870,242517295,151570896,970400590,948.9546098709106,1098.0092135645402,0.6249900486478707
CC-MAIN-2024-30-part-00036.jsonl,2024,36,220480,242047243,149644305,968520633,947.2515296936035,1097.8194983671988,0.6182442036739084
CC-MAIN-2024-26-part-00051.jsonl,2024,51,220136,241359209,149513216,965767378,944.5110359191895,1096.4095331976596,0.6194634819175265
CC-MAIN-2018-17-part-00017.jsonl,2018,17,304344,240167944,155292494,961127515,944.9970245361328,789.133165102647,0.6465995894939252
CC-MAIN-2013-20-part-00001.jsonl,2013,1,317668,237023406,154471211,948569847,933.1228618621826,746.1356069859098,0.6517128987674745
CC-MAIN-2022-49-part-00000.jsonl,2022,0,261767,240251808,155357716,961399915,943.2581367492676,917.8078520210722,0.6466453563587751
CC-MAIN-2014-41-part-00004.jsonl,2014,4,336755,237802336,153339350,951714775,937.0646095275879,706.1582931211118,0.6448185185195153
CC-MAIN-2019-09-part-00009.jsonl,2019,9,295713,239654378,153660739,959060992,943.6464414596558,810.4289564544,0.6411764320032576
CC-MAIN-2018-09-part-00016.jsonl,2018,16,306316,238115907,154923945,952923010,936.6648616790771,777.3538013032294,0.6506240887132333
CC-MAIN-2024-22-part-00042.jsonl,2024,42,217205,242131387,150509239,968851393,947.08851146698,1114.7597292879998,0.6216015233085003
CC-MAIN-2020-40-part-00018.jsonl,2020,18,301401,237038810,152661314,948606901,932.5628786087036,786.4566142779885,0.6440351012562036
CC-MAIN-2017-43-part-00018.jsonl,2017,18,298808,236266576,154428395,945514186,929.1570081710815,790.696955904795,0.6536193041541348
CC-MAIN-2018-47-part-00004.jsonl,2018,4,291366,233291257,149658855,933601404,917.0644578933716,800.6811261437505,0.6415107746622498
CC-MAIN-2015-18-part-00000.jsonl,2015,0,314955,239756899,154459988,959500474,943.6201915740967,761.2417615214872,0.6442358432405317
CC-MAIN-2013-48-part-00004.jsonl,2013,4,341490,240602661,156501321,962923022,948.2752742767334,704.5672230519195,0.6504554868576453
CC-MAIN-2023-23-part-00033.jsonl,2023,33,243373,242261189,155744359,969410238,949.4225597381592,995.4316584008908,0.6428778775621381
CC-MAIN-2024-26-part-00083.jsonl,2024,83,220363,241366246,149695658,965796128,944.5026607513428,1095.3120351420157,0.6202012935976143
CC-MAIN-2019-22-part-00019.jsonl,2019,19,295371,236310410,152419911,945683903,929.7548007965088,800.0460776447247,0.6449987158839088
CC-MAIN-2019-30-part-00017.jsonl,2019,17,294961,242443181,155982589,970215401,953.6042394638062,821.9499560958907,0.6433779178965648
CC-MAIN-2017-13-part-00004.jsonl,2017,4,290454,236783570,153626319,947568511,931.1883010864258,815.2188298319184,0.648804809387746
CC-MAIN-2019-09-part-00019.jsonl,2019,19,297892,239693168,153705485,959219151,943.7583150863647,804.6311012044633,0.641259349536404
CC-MAIN-2017-34-part-00025.jsonl,2017,25,307701,234427553,153498230,938173197,922.4833641052246,761.8680244783085,0.6547789627783216
CC-MAIN-2022-40-part-00001.jsonl,2022,1,261182,241812920,156563989,967644079,948.8172922134399,925.840678147805,0.6474591556150101
CC-MAIN-2023-23-part-00011.jsonl,2023,11,242510,242267536,155842607,969434519,949.3829908370972,999.0001896828996,0.6432665703918332
CC-MAIN-2017-39-part-00010.jsonl,2017,10,298582,237394785,154599010,950027482,933.8276405334473,795.0739997722569,0.6512317024992778
CC-MAIN-2023-23-part-00044.jsonl,2023,44,243210,242255943,155758232,969387997,949.4414701461792,996.0772295547058,0.642949064824387
CC-MAIN-2022-40-part-00017.jsonl,2022,17,261436,241815978,156754349,967655344,948.7996196746826,924.9528680059365,0.6482381780413203
CC-MAIN-2021-31-part-00034.jsonl,2021,34,257095,238750882,154489040,955389616,935.9186944961548,928.6484840234154,0.6470721226487448
CC-MAIN-2021-49-part-00027.jsonl,2021,27,281914,242120697,155648187,968905782,951.7079343795776,858.845949473953,0.6428537044893771
CC-MAIN-2024-18-part-00078.jsonl,2024,78,219205,242511027,151017971,970372988,948.9258890151978,1106.320690677676,0.6227262028790138
CC-MAIN-2022-27-part-00019.jsonl,2022,19,272550,242456544,156334863,970235498,952.3497266769409,889.5855586130986,0.644795394757421
CC-MAIN-2014-23-part-00013.jsonl,2014,13,338577,233426214,150627294,934210818,920.2566156387329,689.4331688212726,0.6452886821014884
CC-MAIN-2024-18-part-00017.jsonl,2024,17,218419,242513202,150963237,970380753,948.9300870895386,1110.3118410028433,0.6224949229774304
CC-MAIN-2015-11-part-00008.jsonl,2015,8,280103,220880781,142692407,883943758,868.7144718170166,788.5698510904917,0.6460154946663286
CC-MAIN-2021-10-part-00011.jsonl,2021,11,248446,237440003,153673853,950132398,930.2004804611206,955.7006472231391,0.6472112999425796
CC-MAIN-2017-17-part-00018.jsonl,2017,18,279555,231289186,150366869,925575561,909.3335981369019,827.3476990216594,0.6501249435846949
CC-MAIN-2019-04-part-00003.jsonl,2019,3,300507,232797609,149997553,931641175,916.3451080322266,774.6828160408909,0.6443260033654383
CC-MAIN-2020-29-part-00002.jsonl,2020,2,289670,241172582,155701312,965124681,947.8064632415771,832.5770083198122,0.6456012151497387
CC-MAIN-2019-13-part-00004.jsonl,2019,4,296694,240208003,154526993,961276826,945.1224279403687,809.6153039832285,0.6433049318510841
CC-MAIN-2018-09-part-00017.jsonl,2018,17,307956,238078034,154823791,952774080,936.6595306396484,773.0910714517659,0.6503069115565697
CC-MAIN-2021-17-part-00007.jsonl,2021,7,241608,242403613,156917389,969977368,948.5938100814819,1003.2929911261217,0.6473393158541741
CC-MAIN-2024-22-part-00063.jsonl,2024,63,217739,242103660,150538623,968741177,947.090651512146,1111.8984655941288,0.6217940819234208
CC-MAIN-2022-49-part-00029.jsonl,2022,29,260218,240271743,155341080,961477595,943.2479763031006,923.3478967634829,0.6465224668553722
CC-MAIN-2021-10-part-00003.jsonl,2021,3,249651,237398384,153649236,949967860,930.2165155410767,950.921021746358,0.6472210695419056
CC-MAIN-2024-30-part-00045.jsonl,2024,45,222302,242037241,149664491,968481978,947.2423086166382,1088.776713659796,0.6183531525216815
CC-MAIN-2021-49-part-00020.jsonl,2021,20,277633,242145485,155841814,968998652,951.7019748687744,872.1783253431688,0.6435875275560062
CC-MAIN-2018-05-part-00006.jsonl,2018,6,308072,239776405,156137404,959568062,943.5615215301514,778.3128781583526,0.6511791850411637
CC-MAIN-2017-13-part-00015.jsonl,2017,15,290790,236711827,153572645,947283100,930.905011177063,814.0301489047079,0.6487747019079025
CC-MAIN-2017-39-part-00004.jsonl,2017,4,300898,237371447,154620570,949936546,933.768292427063,788.8767854887702,0.6513865587211928
CC-MAIN-2024-26-part-00043.jsonl,2024,43,216221,241438803,149768330,966078405,944.5115766525269,1116.6297584415945,0.6203159067186065
CC-MAIN-2014-23-part-00014.jsonl,2014,14,340680,233382361,150667468,934040047,920.2310838699341,685.0486116003287,0.6455820712174559
CC-MAIN-2024-26-part-00081.jsonl,2024,81,219759,241391849,149611307,965897325,944.5747928619385,1098.4389672322864,0.6197860765381519
CC-MAIN-2019-51-part-00008.jsonl,2019,8,274743,231731672,149549448,927338959,910.7754344940186,843.4488667591168,0.6453560996185278
CC-MAIN-2024-26-part-00075.jsonl,2024,75,218500,241353092,149696300,965740405,944.503321647644,1104.59081006865,0.6202377552304157
CC-MAIN-2015-48-part-00000.jsonl,2015,0,308396,241990557,155771487,968424532,951.8432569503784,784.6747590759932,0.6437089485272767
CC-MAIN-2024-22-part-00085.jsonl,2024,85,218263,242082481,150506396,968656853,947.0881271362305,1109.1320150460683,0.6217153565936893
CC-MAIN-2021-17-part-00017.jsonl,2021,17,242619,242354491,156965595,969781923,948.5886726379395,998.9097762335184,0.6476694298188186
CC-MAIN-2022-27-part-00029.jsonl,2022,29,274827,242427292,156429459,970121702,952.3506994247437,882.1087156647636,0.6452634012840436
CC-MAIN-2015-22-part-00001.jsonl,2015,1,295512,229083588,148059811,916778599,901.2853021621704,775.2090879558191,0.6463134801258656
CC-MAIN-2021-17-part-00030.jsonl,2021,30,240977,242346710,157002111,969748581,948.6096639633179,1005.6839864385398,0.6478409011618107
CC-MAIN-2013-20-part-00016.jsonl,2013,16,315665,237048709,154407819,948668065,933.1065187454224,750.950244721461,0.6513759119439034
CC-MAIN-2020-34-part-00014.jsonl,2020,14,289924,240251695,154750281,961441377,944.2987041473389,828.6712897173052,0.6441173328662676
CC-MAIN-2020-16-part-00013.jsonl,2020,13,282218,234935055,151813459,940162998,923.6844720840454,832.4594993940855,0.646193302229844
CC-MAIN-2021-21-part-00003.jsonl,2021,3,251662,240506531,155399487,962404181,942.6099376678467,955.6728111514651,0.6461341667266408
CC-MAIN-2014-41-part-00001.jsonl,2014,1,333855,237847296,153456020,951889648,937.0736618041992,712.4269398391517,0.645187154030122
CC-MAIN-2013-48-part-00013.jsonl,2013,13,339703,240657741,156539994,963140184,948.2936687469482,708.4357247360194,0.6504673124144384
CC-MAIN-2021-39-part-00020.jsonl,2021,20,272910,239352187,154191715,957817931,939.8767290115356,877.0370708292111,0.6442043289121899
CC-MAIN-2021-31-part-00030.jsonl,2021,30,256481,238714941,154514076,955244100,935.920295715332,930.7314810843689,0.6472744242682321
CC-MAIN-2023-23-part-00036.jsonl,2023,36,242561,242244253,155814713,969340567,949.4317588806152,998.69415528465,0.6432132489021318
CC-MAIN-2024-22-part-00012.jsonl,2024,12,217343,242187665,150493598,969076640,947.3831605911255,1114.3108588728414,0.6213924974254985
CC-MAIN-2023-23-part-00031.jsonl,2023,31,244594,242273188,155846120,969459652,949.4399814605713,990.51157428228,0.6432660637626975
CC-MAIN-2024-30-part-00056.jsonl,2024,56,221109,242072581,149783593,968622523,947.2523574829102,1094.8110705579602,0.6187548890553615
CC-MAIN-2024-26-part-00001.jsonl,2024,1,217458,241382973,149786502,965858034,944.5366802215576,1110.021121319979,0.6205346638099448
CC-MAIN-2018-13-part-00021.jsonl,2018,21,309838,241887217,157068867,968013140,951.3788785934448,780.6893182889123,0.6493475304236519
CC-MAIN-2019-39-part-00013.jsonl,2019,13,286078,237842195,153249762,951798093,934.9166030883789,831.3893238906871,0.644333786105531
CC-MAIN-2018-17-part-00005.jsonl,2018,5,304031,240223833,155260518,961349941,944.9954109191895,790.1294045672975,0.6463160464182586
CC-MAIN-2017-04-part-00003.jsonl,2017,3,331506,234352363,150766174,937906729,924.0679903030396,706.9324929262216,0.6433311449050761
CC-MAIN-2024-26-part-00050.jsonl,2024,50,220557,241370593,149539033,965813331,944.508677482605,1094.3683174870896,0.6195412255543491
CC-MAIN-2021-39-part-00029.jsonl,2021,29,272225,239328630,154238418,957723080,939.7940082550049,879.1574249242354,0.6444628793471137
CC-MAIN-2022-40-part-00027.jsonl,2022,27,260812,241835984,156651188,967736693,948.8196229934692,927.2425501894085,0.6477579779856086
CC-MAIN-2020-29-part-00017.jsonl,2020,17,290393,241238796,155827413,965391436,948.0079498291016,830.7321319728782,0.6459467365274033
CC-MAIN-2020-50-part-00009.jsonl,2020,9,298728,239699956,154580519,959248801,942.6732912063599,802.4020379743446,0.644891728724389
CC-MAIN-2020-16-part-00015.jsonl,2020,15,282777,235019518,151879101,940501469,923.6880550384521,831.1125657320079,0.6462403731080753
CC-MAIN-2023-40-part-00068.jsonl,2023,68,226609,242058215,153077561,968572706,947.5219707489014,1068.175646157037,0.632399776227384
CC-MAIN-2014-15-part-00010.jsonl,2014,10,322643,236609457,152968131,946920894,931.9283542633057,733.3475606165329,0.6465004946949352
CC-MAIN-2022-40-part-00008.jsonl,2022,8,260572,241828497,156654230,967704908,948.8610467910767,928.0678545661084,0.6477906117077674
CC-MAIN-2018-22-part-00010.jsonl,2018,10,298316,232508688,150624982,930482443,914.2083330154419,779.4040145349227,0.6478251771821963
CC-MAIN-2018-26-part-00016.jsonl,2018,16,295779,239976259,155027306,960348718,942.6261396408081,811.3363660029955,0.6460110122810107
CC-MAIN-2018-51-part-00018.jsonl,2018,18,295512,232742234,149459170,931411337,916.3101100921631,787.5897899239286,0.6421660883430379
CC-MAIN-2023-50-part-00067.jsonl,2023,67,226319,241398170,151929425,965931757,945.0692596435547,1066.6279455105405,0.6293727288819132
CC-MAIN-2017-04-part-00013.jsonl,2017,13,330973,234347358,150830244,937885668,924.0735712051392,708.0558172418898,0.643618282225311
CC-MAIN-2018-13-part-00011.jsonl,2018,11,310149,241897703,156875296,968055508,951.421763420105,779.9402964381636,0.6485191634911887
CC-MAIN-2018-43-part-00024.jsonl,2018,24,276607,234689166,149792269,939170991,920.9704523086548,848.4570744775078,0.6382581333132352
CC-MAIN-2023-40-part-00037.jsonl,2023,37,227588,242035890,153150750,968485179,947.5229682922363,1063.4826528639471,0.6327604968007018
CC-MAIN-2023-40-part-00030.jsonl,2023,30,226500,242046574,153110401,968526281,947.5445241928101,1068.6382958057395,0.6325658672615626
CC-MAIN-2022-05-part-00019.jsonl,2022,19,272714,238235713,153490502,953353226,935.6178674697876,873.57346157513,0.6442799866869666
CC-MAIN-2017-30-part-00013.jsonl,2017,13,287610,237699518,155191169,951228570,934.1983461380005,826.4647195855499,0.6528880256290633
CC-MAIN-2018-09-part-00024.jsonl,2018,24,306162,238117519,154768900,952928645,936.6626081466675,777.7500767567496,0.6499685560725165
CC-MAIN-2016-18-part-00003.jsonl,2016,3,265162,205269728,132071550,821477703,807.8915510177612,774.129505736116,0.6434049057637958
CC-MAIN-2018-39-part-00001.jsonl,2018,1,298779,235332598,151688616,941778677,925.4296894073486,787.6477195519096,0.6445712038584642
CC-MAIN-2017-17-part-00000.jsonl,2017,0,279950,231305922,150494454,925643722,909.3255596160889,826.2401214502589,0.6506294897196796
CC-MAIN-2014-10-part-00000.jsonl,2014,0,336618,237106009,153466681,948927898,934.530237197876,704.3770951048369,0.6472492268215775
CC-MAIN-2020-40-part-00019.jsonl,2020,19,301177,236908178,152655919,948084182,932.238226890564,786.607802056598,0.6443674519332127
CC-MAIN-2018-26-part-00010.jsonl,2018,10,293414,240028027,155152137,960552744,942.6081991195679,818.0524003626275,0.6463917524098134
CC-MAIN-2024-10-part-00019.jsonl,2024,19,220842,242530197,151593258,970452122,948.9591026306152,1098.2068492406336,0.6250490036916929
CC-MAIN-2017-51-part-00013.jsonl,2017,13,315424,239209897,156120647,957311836,941.4903163909912,758.3757006442122,0.6526512864139563
CC-MAIN-2023-40-part-00057.jsonl,2023,57,227028,242050333,153110812,968541764,947.5439643859863,1066.1695165354054,0.6325577416164926
CC-MAIN-2021-43-part-00009.jsonl,2021,9,272744,237538938,153142323,950563951,933.0034790039062,870.922689408383,0.6447040821576797
CC-MAIN-2020-24-part-00024.jsonl,2020,24,298552,241816797,156178317,967715752,950.6816520690918,809.9654231088722,0.6458538816887894
CC-MAIN-2024-22-part-00028.jsonl,2024,28,219263,242075254,150467278,968630068,947.0958757400513,1104.040599645175,0.6215723231256013
CC-MAIN-2021-43-part-00013.jsonl,2021,13,274084,237545326,153071687,950591819,932.9902067184448,866.6880445410895,0.6443893869753514
CC-MAIN-2020-05-part-00020.jsonl,2020,20,278653,235105320,152089191,940838128,923.9600114822388,843.7207566399787,0.646898126337592
CC-MAIN-2024-26-part-00065.jsonl,2024,65,218947,241368884,149601315,965803931,944.5204477310181,1102.4078155900743,0.6198036487586361
CC-MAIN-2018-05-part-00022.jsonl,2018,22,306527,239814496,156144586,959717159,943.5585832595825,782.3601053088308,0.6511057029680141
CC-MAIN-2021-39-part-00005.jsonl,2021,5,274650,239267927,154203410,957484269,939.7860956192017,871.1739559439286,0.6444800685718316
CC-MAIN-2020-29-part-00016.jsonl,2020,16,291556,241231670,155821319,965364257,948.027398109436,827.3939483323958,0.6459405558150801
CC-MAIN-2014-41-part-00002.jsonl,2014,2,335509,237828636,153392341,951816977,937.0555849075317,708.8591841053444,0.6449700237106856
CC-MAIN-2017-43-part-00012.jsonl,2017,12,300261,236200455,154160265,945251379,929.1306381225586,786.6504640962363,0.6526670958360347
CC-MAIN-2020-10-part-00016.jsonl,2020,16,300607,242270621,156254189,969533659,952.998553276062,805.9380553347061,0.6449572315249895
CC-MAIN-2015-11-part-00004.jsonl,2015,4,280045,220898564,142757878,884014983,868.6671533584595,788.7966719634344,0.6462598733779003
CC-MAIN-2024-30-part-00057.jsonl,2024,57,221166,242065539,149473396,968593975,947.2532548904419,1094.497070074062,0.6174914306988571
CC-MAIN-2024-30-part-00071.jsonl,2024,71,219503,242074825,149844853,968629524,947.2533178329468,1102.831510275486,0.6190022155339779
CC-MAIN-2019-30-part-00004.jsonl,2019,4,296572,242448288,156466779,970239015,953.6529846191406,817.5022861227628,0.6453614512633721
CC-MAIN-2024-26-part-00019.jsonl,2024,19,219963,241367708,149664685,965800457,944.5236358642578,1097.3104931283897,0.6200692140640454
CC-MAIN-2024-30-part-00013.jsonl,2024,13,221200,242073555,149732073,968626205,947.262056350708,1094.3650768535263,0.618539571577738
CC-MAIN-2021-17-part-00018.jsonl,2021,18,241317,242379295,156902294,969878853,948.5991020202637,1004.4020727922193,0.6473419852137122
CC-MAIN-2019-51-part-00009.jsonl,2019,9,277661,231690662,149368061,927179638,910.7958860397339,834.4371805907203,0.6446874453662703
CC-MAIN-2020-40-part-00009.jsonl,2020,9,303977,236943929,152622446,948232070,932.3708868026733,779.4797928790665,0.6441289576151158
CC-MAIN-2015-32-part-00004.jsonl,2015,4,283051,214849961,138380647,859824216,845.9108638763428,759.0503513501101,0.6440803915249489
CC-MAIN-2019-26-part-00006.jsonl,2019,6,283808,232568340,150074081,930698964,914.4020662307739,819.4566044649904,0.6452902445792923
CC-MAIN-2024-10-part-00005.jsonl,2024,5,220621,242527875,151376448,970443206,948.9558372497559,1099.296417838737,0.6241610289126559
CC-MAIN-2022-27-part-00008.jsonl,2022,8,272833,242481065,156431653,970333257,952.3564291000366,888.7526985372004,0.6451293547395134
CC-MAIN-2020-34-part-00008.jsonl,2020,8,290103,240230889,154839028,961358730,944.2949151992798,828.0882617553076,0.6445425425703686
CC-MAIN-2013-20-part-00034.jsonl,2013,34,315694,237056290,154559893,948699209,933.1213150024414,750.9052753615844,0.6519965911893754
CC-MAIN-2022-33-part-00017.jsonl,2022,17,276514,242160991,155993062,969057872,951.4467401504517,875.7639432361472,0.6441708937340779
CC-MAIN-2017-26-part-00001.jsonl,2017,1,289874,237450623,155604360,950238135,933.1850461959839,819.1511587793317,0.6553124941685244
CC-MAIN-2017-39-part-00022.jsonl,2017,22,298644,237387572,154240985,949998317,933.7748346328735,794.8847858989299,0.6497433024842598
CC-MAIN-2023-50-part-00079.jsonl,2023,79,225656,241409098,152059702,965975497,945.0821886062622,1069.8102332754281,0.629883891119961
CC-MAIN-2018-47-part-00014.jsonl,2018,14,290533,233388863,149571740,933991349,917.3370351791382,803.3127493262383,0.6408692260521446
CC-MAIN-2022-40-part-00024.jsonl,2022,24,262482,241791452,156472469,967560088,948.8086853027344,921.1734595134143,0.6471381337335284
CC-MAIN-2017-22-part-00019.jsonl,2017,19,270534,232133787,151155464,928941199,911.6558122634888,858.0577191776265,0.6511566711312042
CC-MAIN-2017-51-part-00023.jsonl,2017,23,312313,239245284,156178659,957450194,941.4837741851807,766.0433091161751,0.6527972313134498
CC-MAIN-2016-07-part-00003.jsonl,2016,3,268720,218703584,141109135,875216631,859.6940813064575,813.8716284608514,0.6452072362929361
CC-MAIN-2016-40-part-00006.jsonl,2016,6,273999,222499167,143831924,890407369,874.7238988876343,812.0437191376611,0.6464380336309304
CC-MAIN-2021-10-part-00033.jsonl,2021,33,246724,237446332,153470066,950155498,930.2142505645752,962.3965726885102,0.646335804420849
CC-MAIN-2021-43-part-00023.jsonl,2021,23,274939,237557258,153175630,950641464,932.994873046875,864.0362334917927,0.644794569905332
CC-MAIN-2013-20-part-00009.jsonl,2013,9,312386,237103934,154547089,948883694,933.1184549331665,759.0094754566466,0.6518115764371923
CC-MAIN-2018-09-part-00002.jsonl,2018,2,308737,238101382,154755296,952869519,936.6636362075806,771.211037225859,0.6499554714890315
CC-MAIN-2018-47-part-00012.jsonl,2018,12,289495,233395895,149662275,934018191,917.3279809951782,806.217361267034,0.6412378203995405
CC-MAIN-2017-39-part-00006.jsonl,2017,6,301984,237339622,154626455,949811505,933.7790622711182,785.9344269895093,0.6514986991931756
CC-MAIN-2021-39-part-00019.jsonl,2021,19,272640,239323469,154027397,957702737,939.7957773208618,877.800282423709,0.6435950374762451
CC-MAIN-2020-24-part-00006.jsonl,2020,6,296882,241838675,156157418,967800276,950.6910533905029,814.5952769113654,0.6457090372331886
CC-MAIN-2024-10-part-00054.jsonl,2024,54,220033,242509409,151504848,970366732,948.9559326171875,1102.1501729286063,0.6247380199586401
CC-MAIN-2018-34-part-00003.jsonl,2018,3,296830,237139955,152441869,949005224,932.3385286331177,798.9083145234646,0.642835025417796
CC-MAIN-2024-26-part-00044.jsonl,2024,44,221516,241328044,149627496,965644993,944.5182065963745,1089.438433341158,0.620017025456022
CC-MAIN-2019-30-part-00020.jsonl,2019,20,293147,242398609,156431344,970032880,953.5727434158325,826.8841536839878,0.6453475316766359
CC-MAIN-2013-20-part-00042.jsonl,2013,42,315361,237064952,154491247,948733297,933.1166143417358,751.7256477497217,0.6516832019943631
CC-MAIN-2014-42-part-00005.jsonl,2014,5,310723,231085601,148804258,924809263,909.7874927520752,743.702915458463,0.6439356556880409
CC-MAIN-2015-27-part-00001.jsonl,2015,1,298694,235356355,151275891,941873875,925.959529876709,787.9513984211267,0.6427525230835598
CC-MAIN-2022-33-part-00019.jsonl,2022,19,276135,242250615,156120406,969417983,951.4625520706177,877.290510076593,0.6444582442030127
CC-MAIN-2023-40-part-00069.jsonl,2023,69,225114,242059238,153181145,968574925,947.5738887786865,1075.2740300469984,0.632825031862655
CC-MAIN-2019-26-part-00017.jsonl,2019,17,284134,232481961,150158338,930354190,914.2161102294922,818.2123962637347,0.645892426896726
CC-MAIN-2023-40-part-00059.jsonl,2023,59,226601,242060512,153120498,968582091,947.5213680267334,1068.2234941593374,0.632571156422242
CC-MAIN-2019-09-part-00005.jsonl,2019,5,299363,239681174,153712187,959173637,943.6464910507202,800.6372664624553,0.6413194012475923
CC-MAIN-2018-13-part-00014.jsonl,2018,14,309068,241886292,157000201,968009275,951.3809032440186,782.6313044378584,0.6490661364142123
CC-MAIN-2023-40-part-00051.jsonl,2023,51,226200,242060748,153142290,968583215,947.54638671875,1070.1182493368701,0.6326605666772541
CC-MAIN-2019-13-part-00001.jsonl,2019,1,292189,240219137,154427126,961314981,945.121467590332,822.1361413331782,0.6428593821815287
CC-MAIN-2024-18-part-00074.jsonl,2024,74,220062,242520044,150935211,970410888,948.9278898239136,1102.0532577182794,0.6223617995055287
CC-MAIN-2023-40-part-00034.jsonl,2023,34,226585,242074904,153141175,968638943,947.5471382141113,1068.3624423505528,0.6326189640872479
CC-MAIN-2017-26-part-00015.jsonl,2017,15,289092,237490344,155465630,950395729,933.1812229156494,821.5043792287577,0.6546187410465834
CC-MAIN-2020-34-part-00012.jsonl,2020,12,289249,240239070,154571431,961390149,944.2827625274658,830.5614539721831,0.6434067156520378
CC-MAIN-2017-30-part-00000.jsonl,2017,0,283351,237732063,155314731,951353598,934.2062892913818,839.0020257560411,0.6533183998828126
CC-MAIN-2022-33-part-00001.jsonl,2022,1,275134,242287509,155969129,969562231,951.6228895187378,880.6163869241897,0.6437357404173898
CC-MAIN-2023-23-part-00009.jsonl,2023,9,243658,242287658,155673637,969516209,949.4326171875,994.3759613885036,0.6425157529072323
CC-MAIN-2022-21-part-00024.jsonl,2022,24,269196,241796980,156337362,967591717,949.1218585968018,898.2190671481003,0.6465645766129916
CC-MAIN-2017-09-part-00006.jsonl,2017,6,290602,227172775,147044726,909127515,894.0994920730591,781.7316295139057,0.6472814623143112
CC-MAIN-2022-21-part-00027.jsonl,2022,27,272421,241779697,156341452,967527307,949.142261505127,887.5222431457194,0.6466277108453817
CC-MAIN-2018-22-part-00006.jsonl,2018,6,298088,232443565,150563724,930221603,914.1746978759766,779.7816919835753,0.647743137135244
CC-MAIN-2018-51-part-00003.jsonl,2018,3,293280,232765796,149198001,931503097,916.3068675994873,793.6640616475723,0.6409790594834647
CC-MAIN-2024-30-part-00007.jsonl,2024,7,221241,242086924,149701048,968679260,947.2517099380493,1094.2226983244516,0.6183772569228068
CC-MAIN-2018-43-part-00007.jsonl,2018,7,275187,234730856,149857201,939336022,921.0217046737671,852.9867181225858,0.6384213969721987
CC-MAIN-2014-42-part-00002.jsonl,2014,2,308769,231112848,148667029,924914599,909.8042259216309,748.49757585768,0.6432659641665616
CC-MAIN-2024-30-part-00059.jsonl,2024,59,221352,242072832,149611670,968622754,947.2446241378784,1093.6103220210343,0.6180440356066061
CC-MAIN-2022-49-part-00023.jsonl,2022,23,261879,240252890,155320720,961404648,943.253776550293,917.4194570775053,0.6464884563927618
CC-MAIN-2021-39-part-00012.jsonl,2021,12,271440,239347148,154411953,957795585,939.8002681732178,881.7681550250516,0.6451380527834825
CC-MAIN-2021-10-part-00007.jsonl,2021,7,249676,237393415,153581364,949947022,930.2115268707275,950.80590445217,0.6469487116986796
CC-MAIN-2024-26-part-00038.jsonl,2024,38,220637,241353696,149658055,965744180,944.524302482605,1093.894931493811,0.6200777426669282
CC-MAIN-2019-09-part-00018.jsonl,2019,18,301288,239609898,153520567,958892170,943.6474046707153,795.2852353893949,0.6407104559595447
CC-MAIN-2018-43-part-00010.jsonl,2018,10,276895,234707898,150077761,939247280,920.9480657577515,847.6422398382058,0.6394235655418805
CC-MAIN-2017-47-part-00012.jsonl,2017,12,301647,235845062,153670267,943833131,928.0258092880249,781.8578073045646,0.6515729678495452
CC-MAIN-2018-26-part-00000.jsonl,2018,0,295524,239980553,154929243,960365340,942.6301193237305,812.0509772471949,0.6455908241864915
CC-MAIN-2020-05-part-00024.jsonl,2020,24,279144,235079712,151957310,940737240,923.955096244812,842.1449574413206,0.6464075896094342
CC-MAIN-2023-14-part-00008.jsonl,2023,8,253834,241828175,156369004,967693627,948.6462669372559,952.7020611895964,0.6466120169827192
CC-MAIN-2024-18-part-00041.jsonl,2024,41,217636,242558156,151185780,970558815,948.9333372116089,1114.5130217427263,0.6232970372680439
CC-MAIN-2017-17-part-00005.jsonl,2017,5,279848,231292585,150384149,925590297,909.3303050994873,826.4936143906692,0.6501901001279397
CC-MAIN-2021-10-part-00000.jsonl,2021,0,249587,237421318,153659234,950059250,930.2149600982666,951.2567481479404,0.6472006612312716
CC-MAIN-2024-18-part-00028.jsonl,2024,28,218511,242517817,150805141,970399088,948.8864450454712,1109.86548503279,0.6218311828198585
CC-MAIN-2023-40-part-00075.jsonl,2023,75,225910,242063683,153085687,968593293,947.5235414505005,1071.504948873445,0.6324190605659751
CC-MAIN-2022-27-part-00033.jsonl,2022,33,273672,242447137,156322193,970199380,952.2315359115601,885.9040639890087,0.644768154139927
CC-MAIN-2018-51-part-00007.jsonl,2018,7,292652,232740916,149362671,931401826,916.3079319000244,795.2821644820469,0.6417551050628331
CC-MAIN-2024-10-part-00078.jsonl,2024,78,219747,242517731,151593332,970400678,948.9560308456421,1103.6224885891502,0.6250814378598981
CC-MAIN-2023-14-part-00003.jsonl,2023,3,256064,241793331,156273670,967557591,948.6468334197998,944.269131935766,0.6463109191377987
CC-MAIN-2017-17-part-00002.jsonl,2017,2,282387,231260101,150365316,925464354,909.3174715042114,818.9474055108769,0.650199992777829
CC-MAIN-2021-39-part-00003.jsonl,2021,3,271315,239361863,154316141,957854024,939.7940721511841,882.2286382986565,0.6446981113277849
CC-MAIN-2022-49-part-00017.jsonl,2022,17,260364,240272088,155383801,961479736,943.2537117004395,922.8314513527216,0.6466993411236348
CC-MAIN-2019-22-part-00011.jsonl,2019,11,291935,236344005,152567925,945814381,929.7631416320801,809.5774915649032,0.6455332979569336
CC-MAIN-2021-21-part-00007.jsonl,2021,7,249320,240548117,155533693,962567359,942.5768089294434,964.8167696133484,0.646580380423431
CC-MAIN-2021-39-part-00026.jsonl,2021,26,271285,239340819,154447408,957770726,939.7953624725342,882.2486278268242,0.6453032485027136
CC-MAIN-2020-45-part-00009.jsonl,2020,9,296802,237176468,152763311,949151996,932.7960004806519,799.1067041327215,0.6440913480506
CC-MAIN-2015-14-part-00007.jsonl,2015,7,280487,219943847,141798627,880196073,865.0196857452393,784.1498786039995,0.6447037684123075
CC-MAIN-2017-22-part-00002.jsonl,2017,2,275047,232081460,151030639,928738016,911.6677026748657,843.7883707148233,0.6507656363416535
CC-MAIN-2024-22-part-00033.jsonl,2024,33,217588,242109632,150492821,968764802,947.0981559753418,1112.6975384671948,0.6215895656724636
CC-MAIN-2024-22-part-00089.jsonl,2024,89,218514,242105808,150433155,968751872,947.0886001586914,1107.9647436777507,0.6213529375553023
CC-MAIN-2018-05-part-00010.jsonl,2018,10,305916,239847618,156130899,959848718,943.5674304962158,784.0309692856863,0.6509587224668623
CC-MAIN-2023-23-part-00021.jsonl,2023,21,242627,242304379,155990476,969581599,949.4891834259033,998.6703005024173,0.6437790214265999
CC-MAIN-2020-16-part-00003.jsonl,2020,3,286059,234948542,151821651,940222575,923.6833648681641,821.3289636054101,0.6461910753206547
CC-MAIN-2015-18-part-00004.jsonl,2015,4,312682,239784054,154484091,959604049,943.6133661270142,766.8623521660985,0.6442634046048784
CC-MAIN-2020-45-part-00022.jsonl,2020,22,295257,237178443,152734439,949157076,932.794638633728,803.2949024070556,0.6439642535304104
CC-MAIN-2021-31-part-00026.jsonl,2021,26,257256,238790368,154672349,955547161,935.9180698394775,928.220791740523,0.6477327804109754
CC-MAIN-2017-43-part-00025.jsonl,2017,25,300048,236215749,154158734,945313482,929.1809911727905,787.2598684210526,0.6526183569580706
CC-MAIN-2020-50-part-00000.jsonl,2020,0,296121,239745853,154616487,959427753,942.6863813400269,809.6212460446911,0.6449182960424346
CC-MAIN-2023-23-part-00010.jsonl,2023,10,242800,242246729,155590110,969351185,949.4964847564697,997.7212891268533,0.6422795083437433
CC-MAIN-2021-21-part-00029.jsonl,2021,29,250550,240585175,155650954,962715915,942.5722713470459,960.2281979644781,0.6469681849681719
CC-MAIN-2020-24-part-00009.jsonl,2020,9,298244,241844615,156015690,967825702,950.6908979415894,810.8951563149636,0.6451071486541059
CC-MAIN-2024-18-part-00089.jsonl,2024,89,218376,242539985,151093158,970487743,948.9056148529053,1110.6531166428545,0.6229618510119064
CC-MAIN-2018-22-part-00016.jsonl,2018,16,297306,232532711,150547456,930577202,914.1949834823608,782.1325873006263,0.6474248519813628
CC-MAIN-2024-26-part-00031.jsonl,2024,31,217942,241402623,149788181,965937909,944.5177564620972,1107.6461765056758,0.6204911079197346
CC-MAIN-2020-10-part-00006.jsonl,2020,6,298125,242267209,156205302,969514624,952.9985437393188,812.6363404612159,0.6447645252725885
CC-MAIN-2019-26-part-00004.jsonl,2019,4,282399,232485933,150226321,930367051,914.1591634750366,823.2533861663816,0.6461738095784058
CC-MAIN-2021-17-part-00040.jsonl,2021,40,240511,242340910,156916906,969724795,948.5914134979248,1007.6084253942647,0.6475048146018764
CC-MAIN-2022-21-part-00025.jsonl,2022,25,270293,241764272,156166143,967462647,949.1462097167969,894.4525829377749,0.6459438431829166
CC-MAIN-2018-43-part-00017.jsonl,2018,17,275585,234699879,150011023,939213183,921.026593208313,851.6424297403705,0.6391610581103027
CC-MAIN-2019-47-part-00009.jsonl,2019,9,276318,233653898,150971615,935029458,917.7791290283203,845.5978184555476,0.6461335175328425
CC-MAIN-2020-50-part-00022.jsonl,2020,22,296644,239738976,154579787,959401874,942.6892213821411,808.1706557354944,0.6447837125991561
CC-MAIN-2021-25-part-00019.jsonl,2021,19,261807,241986486,156324054,968338212,949.0214347839355,924.2934146145825,0.6460032400321727
CC-MAIN-2024-30-part-00014.jsonl,2024,14,221910,242071507,149640494,968619352,947.2436723709106,1090.8544319769276,0.618166490779933
CC-MAIN-2017-04-part-00009.jsonl,2017,9,328557,234376531,150853355,937999540,924.0810270309448,713.351202378887,0.64363677692627
CC-MAIN-2014-41-part-00005.jsonl,2014,5,334738,237820066,153424772,951782694,937.0638771057129,710.4662930411247,0.6451296334263065
CC-MAIN-2020-40-part-00007.jsonl,2020,7,301709,236979870,152694311,948373164,932.408579826355,785.4584052845623,0.6443345209025559
CC-MAIN-2022-40-part-00032.jsonl,2022,32,261292,241818943,156594388,967668351,948.8255434036255,925.4739639943052,0.6475687390627624
CC-MAIN-2024-22-part-00014.jsonl,2024,14,217545,242112624,150478819,968776380,947.0953407287598,1112.9312280217887,0.6215240515504883
CC-MAIN-2019-26-part-00018.jsonl,2019,18,283877,232497883,150378559,930418272,914.2211294174194,819.0092293493309,0.646795390390716
CC-MAIN-2024-26-part-00030.jsonl,2024,30,218864,241374069,149552201,965825087,944.511248588562,1102.8495732509687,0.6195868579404029
CC-MAIN-2021-17-part-00039.jsonl,2021,39,240292,242378493,156824500,969875247,948.5962610244751,1008.6831563264694,0.6470231663664977
CC-MAIN-2023-40-part-00016.jsonl,2023,16,226086,242068168,153184830,968612265,947.541051864624,1070.6906575373973,0.632816909656622
CC-MAIN-2019-22-part-00015.jsonl,2019,15,292104,236322627,152510199,945728495,929.7737016677856,809.0359152904444,0.6453474258307056
CC-MAIN-2024-10-part-00032.jsonl,2024,32,220636,242513493,151354193,970385424,948.9497671127319,1099.1564975797241,0.6241062760165679
CC-MAIN-2019-43-part-00004.jsonl,2019,4,291457,237026501,152529925,948543617,932.3258228302002,813.24689748402,0.6435142245971897
CC-MAIN-2016-26-part-00001.jsonl,2016,1,267633,208767269,134504258,835469761,821.5469045639038,780.0505505673815,0.6442784764310923
CC-MAIN-2020-34-part-00000.jsonl,2020,0,290850,240227921,154836180,961347685,944.2853059768677,825.9512497851126,0.6445386504427185
CC-MAIN-2024-10-part-00003.jsonl,2024,3,222429,242497948,151487760,970325963,948.9573812484741,1090.226310418156,0.6246970799109607
CC-MAIN-2018-34-part-00010.jsonl,2018,10,297458,237141160,152409318,949011017,932.3501167297363,797.2256923666534,0.6426944947051789
CC-MAIN-2021-25-part-00004.jsonl,2021,4,263208,242030008,156441036,968514642,949.0134572982788,919.5389501838849,0.6463704120523766
CC-MAIN-2023-40-part-00005.jsonl,2023,5,227371,242047187,152933909,968529377,947.543158531189,1064.5473125420567,0.6318351016407392
CC-MAIN-2023-40-part-00000.jsonl,2023,0,225871,242081689,153141695,968665469,947.5518169403076,1071.7696782676837,0.6326033812495417
CC-MAIN-2023-40-part-00056.jsonl,2023,56,228076,242020595,152942937,968425015,947.5310697555542,1061.1401243445168,0.6319418270994664
CC-MAIN-2023-23-part-00019.jsonl,2023,19,242253,242264434,155884834,969421160,949.4365949630737,1000.0471985899039,0.6434491081757383
CC-MAIN-2017-04-part-00006.jsonl,2017,6,330852,234328427,150702099,937810088,924.0803413391113,708.2575502037165,0.6431234183977175
CC-MAIN-2018-51-part-00014.jsonl,2018,14,292942,232781253,149491090,931564524,916.442328453064,794.6325654907797,0.6421955723384649
CC-MAIN-2024-10-part-00067.jsonl,2024,67,220366,242521326,151463218,970415274,948.95530128479,1100.5387673234527,0.6245356666077275
CC-MAIN-2017-13-part-00014.jsonl,2017,14,286000,236785250,153615313,947570469,930.8830223083496,827.9204545454545,0.6487537251581338
CC-MAIN-2022-21-part-00042.jsonl,2022,42,268023,241782849,156265832,967533130,949.1669244766235,902.0973908955575,0.6463065211048117
CC-MAIN-2024-18-part-00062.jsonl,2024,62,218154,242573494,150964037,970621136,948.9652576446533,1111.9369527948147,0.6223434989150134
CC-MAIN-2018-34-part-00011.jsonl,2018,11,294310,237235199,152461864,949382156,932.348464012146,806.0725051816112,0.6426612266757261
CC-MAIN-2021-04-part-00015.jsonl,2021,15,290844,238608819,153973797,954871110,938.0542297363281,820.4013801213022,0.6452980139011543
CC-MAIN-2015-11-part-00000.jsonl,2015,0,278308,220944086,142598914,884194759,868.7238616943359,793.8833450709286,0.6454072457046893
CC-MAIN-2022-05-part-00011.jsonl,2022,11,275985,238197998,153545811,953205785,935.6528167724609,863.0831313296012,0.6446141961277105
CC-MAIN-2015-18-part-00007.jsonl,2015,7,315963,239713539,154404344,959328214,943.6616525650024,758.6759810484139,0.6441202472088988
CC-MAIN-2013-48-part-00014.jsonl,2013,14,341816,240609098,156566977,962949422,948.2937898635864,703.9140882814146,0.6507109594002135
CC-MAIN-2022-49-part-00025.jsonl,2022,25,259424,240262816,155253383,961439684,943.2492570877075,926.139509066239,0.6461814840295553
CC-MAIN-2021-31-part-00012.jsonl,2021,12,257137,238785917,154661200,955528970,935.9231634140015,928.6330516417319,0.647698163874547
CC-MAIN-2020-16-part-00008.jsonl,2020,8,284342,234996954,152031899,940414112,923.6794595718384,826.4588207158985,0.6469526366711971
CC-MAIN-2018-17-part-00011.jsonl,2018,11,305362,240214762,155311342,961316572,945.0032615661621,786.6557135465448,0.646552029970581
CC-MAIN-2019-47-part-00023.jsonl,2019,23,273485,233678811,150984647,935125569,917.7741508483887,854.4483646269448,0.6461204007067632
CC-MAIN-2020-24-part-00004.jsonl,2020,4,296928,241832595,156226043,967774695,950.704831123352,814.4486037019076,0.6460090419159584
CC-MAIN-2024-10-part-00029.jsonl,2024,29,222164,242495347,151516855,970316070,948.9627923965454,1091.5150384400713,0.6248237620823298
CC-MAIN-2024-22-part-00023.jsonl,2024,23,217986,242073451,150381411,968621036,947.0937452316284,1110.4999908250988,0.6212222380388174
CC-MAIN-2024-30-part-00015.jsonl,2024,15,221332,242072266,149694018,968621206,947.2541484832764,1093.706585581841,0.6183856600904459
CC-MAIN-2021-25-part-00024.jsonl,2021,24,263982,242001238,156409991,968400931,949.0215578079224,916.7338606420135,0.6463189704839444
CC-MAIN-2024-22-part-00052.jsonl,2024,52,217864,242111569,150373118,968773709,947.0894565582275,1111.2968136084896,0.621090180122702
CC-MAIN-2018-13-part-00013.jsonl,2018,13,309394,241859667,156987953,967902610,951.379228591919,781.7206119058546,0.6490869475975918
CC-MAIN-2022-27-part-00000.jsonl,2022,0,275242,242423848,156504269,970108515,952.3476476669312,880.7661912062839,0.6455811599855473
CC-MAIN-2023-40-part-00012.jsonl,2023,12,224068,242089554,153102099,968694351,947.6073331832886,1080.428950140136,0.6324192699367772
CC-MAIN-2024-30-part-00078.jsonl,2024,78,220593,242086141,149772594,968675908,947.255618095398,1097.4334679704252,0.6186747964229807
CC-MAIN-2023-23-part-00042.jsonl,2023,42,241614,242299199,155833149,969559069,949.4409656524658,1002.8359242428005,0.643143475682724
CC-MAIN-2022-21-part-00011.jsonl,2022,11,272401,241751494,156194479,967415151,949.143162727356,887.4838712045844,0.6460951964168626
CC-MAIN-2024-26-part-00063.jsonl,2024,63,218304,241394915,149783958,965906720,944.5160961151123,1105.7741269055996,0.6204934267153059
CC-MAIN-2023-50-part-00080.jsonl,2023,80,226036,241372065,152031953,965827217,945.0470161437988,1067.847887062238,0.6298655687434253
CC-MAIN-2023-06-part-00008.jsonl,2023,8,259621,239411798,154892547,958036219,939.6185102462769,922.1588315274959,0.6469712365637051
CC-MAIN-2015-40-part-00000.jsonl,2015,0,293210,223064606,143361980,892698287,877.8865776062012,760.7673885610996,0.6426926376656994
CC-MAIN-2021-31-part-00031.jsonl,2021,31,257682,238771151,154659623,955470869,935.9132213592529,926.6116802881071,0.6477316139419205
CC-MAIN-2022-05-part-00020.jsonl,2022,20,274822,238212572,153751369,953261866,935.6414098739624,866.7885831556425,0.6454376765639389
CC-MAIN-2017-39-part-00015.jsonl,2017,15,298965,237418202,154348022,950121817,933.7809734344482,794.1337681668423,0.6501103146253293
CC-MAIN-2020-40-part-00016.jsonl,2020,16,303258,236951143,152534107,948259586,932.3984518051147,781.3516642594755,0.6437365317963459
CC-MAIN-2024-10-part-00075.jsonl,2024,75,221198,242506756,151476921,970358952,948.9674139022827,1096.3334026528269,0.6246296948527075
CC-MAIN-2018-17-part-00007.jsonl,2018,7,305286,240203910,155306723,961273635,944.9656190872192,786.816002043985,0.64656201058509
CC-MAIN-2021-43-part-00016.jsonl,2021,16,273840,237522647,152959954,950501359,933.0036201477051,867.3774722465673,0.6439805043095532
CC-MAIN-2021-25-part-00031.jsonl,2021,31,262356,241996403,156338327,968379255,949.0202560424805,922.39705972038,0.6460357470685215
CC-MAIN-2023-40-part-00010.jsonl,2023,10,226985,242034180,153144586,968478716,947.5328969955444,1066.300328215521,0.6327394998508062
CC-MAIN-2024-26-part-00049.jsonl,2024,49,218537,241372159,149761897,965818281,944.5298299789429,1104.491042706727,0.620460527098322
CC-MAIN-2013-20-part-00032.jsonl,2013,32,315932,237042196,154472263,948641417,933.1217184066772,750.2949875289619,0.6516656764350934
CC-MAIN-2020-45-part-00003.jsonl,2020,3,296378,237174505,152644936,949143529,932.7971677780151,800.2432872885302,0.643597573862334
CC-MAIN-2019-22-part-00005.jsonl,2019,5,293807,236342847,152596477,945812493,929.7604303359985,804.4153032432855,0.6456572684004268
CC-MAIN-2024-22-part-00002.jsonl,2024,2,218413,242063772,150285048,968582981,947.0911130905151,1108.2846350720881,0.6208489885053927
CC-MAIN-2024-26-part-00006.jsonl,2024,6,220300,241392079,149751168,965899357,944.518102645874,1095.742528370404,0.6203648794954867
CC-MAIN-2018-43-part-00001.jsonl,2018,1,275990,234569355,149630541,938691665,920.6929349899292,849.9197615855647,0.6378946687217518
CC-MAIN-2021-25-part-00026.jsonl,2021,26,263638,241988644,156341156,968349360,949.0399312973022,917.8822627997481,0.6460681518592253
CC-MAIN-2023-50-part-00035.jsonl,2023,35,223876,241405412,152107959,965956848,945.0624513626099,1078.2996480194392,0.6300934090077484
CC-MAIN-2020-16-part-00024.jsonl,2020,24,283135,235038110,151926985,940577500,923.6818590164185,830.1273597400533,0.6463929828230834
CC-MAIN-2013-48-part-00003.jsonl,2013,3,339413,240626049,156693471,963012693,948.3099641799927,708.9476507971115,0.6511908068606488
CC-MAIN-2024-18-part-00006.jsonl,2024,6,219502,242510940,150962728,970372984,948.9275541305542,1104.823372907764,0.622498630371067
CC-MAIN-2022-40-part-00029.jsonl,2022,29,261204,241811581,156671838,967638925,948.821026802063,925.7575726252278,0.6479087451150655
CC-MAIN-2024-18-part-00083.jsonl,2024,83,217992,242538187,151040927,970480093,948.9255924224854,1112.601320231935,0.6227511175384518
CC-MAIN-2015-14-part-00000.jsonl,2015,0,278992,219964140,141896730,880275209,865.0242252349854,788.4245426392155,0.6450902860802674
CC-MAIN-2018-51-part-00004.jsonl,2018,4,294162,232784045,149655571,931577814,916.3098306655884,791.3464179601716,0.6428944518083274
CC-MAIN-2024-30-part-00054.jsonl,2024,54,221848,242070502,149684744,968614830,947.2400197982788,1091.1547636219393,0.6183518551963014
CC-MAIN-2019-43-part-00018.jsonl,2019,18,292165,237003626,152595636,948453299,932.3465900421143,811.1978710660072,0.6438535923496799
CC-MAIN-2023-06-part-00018.jsonl,2023,18,261016,239411378,155022274,958037550,939.6051330566406,917.2287445980323,0.6475142296704044
CC-MAIN-2023-40-part-00053.jsonl,2023,53,226965,242047261,153177850,968529781,947.5387783050537,1066.4519243055097,0.6328427323125131
CC-MAIN-2024-22-part-00073.jsonl,2024,73,218794,242102904,150329343,968740101,947.1163387298584,1106.5335612493943,0.6209315977473777
CC-MAIN-2022-49-part-00019.jsonl,2022,19,261228,240190071,155180972,961153057,943.2540187835693,919.4652602324406,0.6460757155944219
CC-MAIN-2024-30-part-00048.jsonl,2024,48,221704,242054516,149687683,968550069,947.2665185928345,1091.791379496987,0.6184048348843861
CC-MAIN-2017-26-part-00021.jsonl,2017,21,289339,237469617,155535463,950313368,933.1822309494019,820.7314499600815,0.6549699492714472
CC-MAIN-2017-04-part-00010.jsonl,2017,10,328134,234420668,150851847,938175558,924.0753364562988,714.4052978356403,0.6435091593544986
CC-MAIN-2021-10-part-00022.jsonl,2021,22,250147,237436133,153605672,950120390,930.2153415679932,949.1864103906903,0.6469346938024804
CC-MAIN-2017-51-part-00010.jsonl,2017,10,314042,239262948,156261141,957523350,941.4832153320312,761.8820030441788,0.6530937711258159
CC-MAIN-2018-17-part-00020.jsonl,2018,20,302847,240236340,155545132,961401128,944.9932289123535,793.2597648317467,0.6474671234168818
CC-MAIN-2017-26-part-00010.jsonl,2017,10,288652,237511259,155631062,950478099,933.1829624176025,822.8290779208181,0.655257618755665
CC-MAIN-2017-47-part-00007.jsonl,2017,7,301714,235796906,153409510,943640480,927.9007663726807,781.5245762543336,0.6506001821754184
CC-MAIN-2021-04-part-00026.jsonl,2021,26,289913,238658804,154220988,955070601,938.246898651123,823.2083556101313,0.6461986124760769
CC-MAIN-2014-41-part-00000.jsonl,2014,0,331488,237889882,153532079,952056004,937.0644426345825,717.6425149628343,0.6453913790246867
CC-MAIN-2022-05-part-00033.jsonl,2022,33,274005,238262306,153908287,953458960,935.728985786438,869.5545920694877,0.645961543744985
CC-MAIN-2014-15-part-00012.jsonl,2014,12,323692,236579011,152945337,946802321,931.9414196014404,730.8769169457386,0.6464873462506782
CC-MAIN-2020-29-part-00004.jsonl,2020,4,292904,241235529,155847447,965381071,948.0136499404907,823.5992987463469,0.6460385319112758
CC-MAIN-2024-18-part-00031.jsonl,2024,31,218913,242550725,150827821,970531049,948.9270496368408,1107.9777126072916,0.6218403222666105
CC-MAIN-2014-41-part-00006.jsonl,2014,6,333143,237828993,153383007,951816247,937.096432685852,713.8946128239224,0.6449298088732184
CC-MAIN-2023-14-part-00002.jsonl,2023,2,253127,241807939,156087215,967609608,948.6434354782104,955.2830752942199,0.6455007873004533
CC-MAIN-2017-51-part-00006.jsonl,2017,6,315714,239181630,156166195,957199342,941.4691638946533,757.5895589045782,0.6529188508331514
CC-MAIN-2024-26-part-00002.jsonl,2024,2,219084,241383721,149697660,965863267,944.498782157898,1101.7861687754469,0.6201646879078477
CC-MAIN-2024-10-part-00014.jsonl,2024,14,220430,242536720,151411246,970477455,948.9393043518066,1100.2890713605227,0.6242817417502802
CC-MAIN-2018-05-part-00003.jsonl,2018,3,307019,239834831,156140836,959799044,943.5593175888062,781.1726016956605,0.6510348615710451
CC-MAIN-2014-10-part-00002.jsonl,2014,2,332329,237180129,153560547,949218757,934.5265312194824,713.6907371911569,0.6474427164174449
CC-MAIN-2023-40-part-00042.jsonl,2023,42,227565,242031239,152885735,968466511,947.5600519180298,1063.5697009645596,0.631677694299619
CC-MAIN-2021-49-part-00000.jsonl,2021,0,282133,242133011,155744938,968954922,951.7065143585205,858.2229338645249,0.643220589199215
CC-MAIN-2022-27-part-00009.jsonl,2022,9,276615,242417009,156249833,970083406,952.3416633605957,876.369716031307,0.6445497931211585
CC-MAIN-2019-39-part-00008.jsonl,2019,8,288218,237746562,152877444,951418128,934.9118041992188,824.8845040906536,0.6430269389132113
CC-MAIN-2024-22-part-00090.jsonl,2024,90,218041,242107129,150338071,968756300,947.0898313522339,1110.374328681303,0.6209568120565339
CC-MAIN-2024-26-part-00088.jsonl,2024,88,218592,241404328,149713416,965944936,944.5147218704224,1104.3603059581321,0.6201770168760189
CC-MAIN-2022-49-part-00041.jsonl,2022,41,258163,240329071,155206449,961703392,943.2588577270508,930.9198878228096,0.64580805124487
CC-MAIN-2017-34-part-00011.jsonl,2017,11,302321,234491713,153721575,938419883,922.4800968170166,775.6381892094827,0.6555522710518985
CC-MAIN-2015-22-part-00006.jsonl,2015,6,295689,229081501,148109662,916769847,901.2841005325317,774.7379882241139,0.6465369807403174
CC-MAIN-2019-35-part-00024.jsonl,2019,24,282565,238227960,153830136,953335996,936.1788215637207,843.0908286588926,0.6457266225173569
